age,gender,marital_status,education,monthly_salary,employment_type,years_of_employment,company_type,house_type,monthly_rent,family_size,dependents,school_fees,college_fees,travel_expenses,groceries_utilities,other_monthly_expenses,existing_loans,current_emi_amount,credit_score,bank_balance,emergency_fund,emi_scenario,requested_amount,requested_tenure,emi_eligibility,max_monthly_emi
58.0,Male,Married,High School,22900.0,Private,5.0,Large Indian,Rented,3800.0,5,4,0.0,0.0,2300.0,4900.0,2000.0,No,0.0,727.0,182800.0,98900.0,Home Appliances EMI,118000.0,13,Not_Eligible,5445.0
32.0,Male,Married,Professional,30000.0,Government,3.0,Mid-size,Rented,7100.0,3,2,0.0,0.0,1900.0,5100.0,5600.0,No,0.0,674.0,86800.0,41600.0,Personal Loan EMI,311000.0,20,Not_Eligible,5665.0
58.0,Female,Married,High School,23100.0,Private,19.9,Startup,Own,0.0,2,1,0.0,18700.0,1800.0,6300.0,1500.0,No,0.0,606.0,22100.0,6400.0,Vehicle EMI,984000.0,17,Not_Eligible,500.0
38.0,Female,Married,Graduate,32700.0,Government,3.9,Startup,Rented,7300.0,3,2,0.0,0.0,2300.0,5500.0,4800.0,No,0.0,643.0,252100.0,114000.0,E-commerce Shopping EMI,148000.0,7,Not_Eligible,6195.2
48.0,Female,Married,Graduate,53200.0,Government,4.4,MNC,Family,0.0,5,4,7000.0,0.0,4400.0,14900.0,3600.0,Yes,15500.0,850.0,331200.0,87500.0,E-commerce Shopping EMI,178000.0,20,Not_Eligible,3963.96
38.0,Male,Married,High School,48500.0,Self-employed,0.5,MNC,Own,0.0,2,1,13200.0,0.0,5000.0,10300.0,2600.0,Yes,13800.0,650.0,136600.0,47700.0,E-commerce Shopping EMI,73000.0,22,Not_Eligible,1134.0
38.0,Male,Married,Graduate,78200.0,Private,2.2,MNC,Family,0.0,5,4,10400.0,0.0,8800.0,11900.0,6900.0,No,0.0,604.0,346800.0,124400.0,E-commerce Shopping EMI,18000.0,10,Eligible,16080.0
38.0,Female,Married,Post Graduate,55400.0,Private,3.7,Mid-size,Family,0.0,3,2,0.0,21600.0,4600.0,8700.0,5200.0,No,0.0,685.0,126700.0,73500.0,Vehicle EMI,180000.0,35,Eligible,7650.0
48.0,Male,Married,Professional,144000.0,Private,8.1,MNC,Family,0.0,4,3,0.0,20400.0,10500.0,31900.0,20200.0,No,0.0,693.0,251100.0,126700.0,Personal Loan EMI,987000.0,39,Not_Eligible,24400.0
27.0,Female,Single,Graduate,31800.0,Government,0.8,Startup,Family,0.0,1,0,0.0,0.0,3200.0,6300.0,4400.0,No,0.0,750.0,235400.0,51200.0,Personal Loan EMI,673000.0,34,Not_Eligible,11814.0
38.0,Male,Married,Post Graduate,62100.0,Self-employed,4.9,Large Indian,Rented,10200.0,5,4,3900.0,15000.0,4900.0,10400.0,3200.0,No,0.0,736.0,424500.0,135500.0,E-commerce Shopping EMI,139000.0,24,High_Risk,7177.5
32.0,Female,Married,Post Graduate,19500.0,Private,0.5,Mid-size,Own,0.0,4,3,5200.0,0.0,1400.0,4400.0,3300.0,Yes,3700.0,526.0,51500.0,11700.0,Education EMI,240000.0,6,Not_Eligible,500.0
48.0,Female,Married,Professional,133500.0,Private,4.5,Large Indian,Rented,25000.0,2,1,0.0,0.0,14100.0,30900.0,24000.0,Yes,32100.0,630.0,378800.0,80100.0,Vehicle EMI,1498000.0,48,Not_Eligible,2072.0
48.0,Male,Married,Professional,49300.0,Government,0.6,Large Indian,Family,0.0,5,4,5200.0,0.0,7100.0,13200.0,6300.0,No,0.0,724.0,293700.0,101300.0,E-commerce Shopping EMI,140000.0,8,Not_Eligible,8750.0
48.0,Female,Married,Graduate,34500.0,Private,8.6,MNC,Family,0.0,3,2,0.0,6000.0,4300.0,7900.0,4200.0,No,0.0,758.0,95500.0,44200.0,Vehicle EMI,159000.0,79,Eligible,7260.0
27.0,Male,Married,Post Graduate,57400.0,Self-employed,0.5,Mid-size,Own,0.0,3,2,0.0,14300.0,6200.0,17200.0,10900.0,No,0.0,771.0,352300.0,113700.0,Personal Loan EMI,149000.0,52,Eligible,5227.2
32.0,Male,Married,Post Graduate,130100.0,Private,2.6,Large Indian,Family,0.0,3,2,5300.0,23200.0,10700.0,28100.0,17900.0,No,0.0,719.0,125600.0,60400.0,Education EMI,410000.0,10,Not_Eligible,17960.0
38.0,Female,Married,Graduate,99600.0,Private,1.3,MNC,Own,0.0,2,1,0.0,0.0,7700.0,26700.0,11100.0,Yes,23700.0,637.0,107700.0,33700.0,Vehicle EMI,87000.0,70,Eligible,6809.6
58.0,Male,Married,Graduate,21400.0,Private,1.5,Mid-size,Family,0.0,3,2,8800.0,0.0,2500.0,5400.0,4200.0,Yes,5800.0,714.0,51500.0,22700.0,Education EMI,256000.0,21,Not_Eligible,500.0
48.0,Male,Married,Post Graduate,38800.0,Private,9.3,Mid-size,Family,0.0,5,4,3500.0,0.0,4400.0,9700.0,4100.0,No,0.0,808.0,297600.0,95500.0,E-commerce Shopping EMI,90000.0,19,Eligible,11286.0
27.0,Male,Single,Graduate,20000.0,Government,1.6,Large Indian,Family,0.0,1,0,0.0,0.0,1500.0,3400.0,3400.0,No,0.0,693.0,98100.0,27100.0,Education EMI,389000.0,28,Not_Eligible,5850.0
38.0,Male,Married,Professional,97200.0,Self-employed,4.0,Large Indian,Family,0.0,3,2,0.0,0.0,11000.0,14600.0,12400.0,Yes,28400.0,724.0,343600.0,187400.0,Education EMI,297000.0,33,Not_Eligible,9702.0
58.0,Male,Married,Graduate,23200.0,Private,3.6,Startup,Own,0.0,3,2,14700.0,0.0,2100.0,4200.0,4400.0,No,0.0,592.0,176800.0,72900.0,Home Appliances EMI,207000.0,30,Not_Eligible,500.0
38.0,Male,Single,Professional,43800.0,Private,3.5,Large Indian,Family,0.0,2,1,10800.0,0.0,4700.0,9700.0,3800.0,Yes,11400.0,660.0,119500.0,37200.0,Home Appliances EMI,31000.0,33,High_Risk,1190.0
32.0,Female,Married,Professional,70800.0,Government,9.8,Large Indian,Rented,10700.0,5,4,3600.0,0.0,5200.0,16300.0,5100.0,No,0.0,744.0,183100.0,69100.0,Home Appliances EMI,115000.0,22,Eligible,16445.0
38.0,Female,Married,Graduate,37800.0,Private,6.8,Large Indian,Own,0.0,4,3,0.0,22100.0,3500.0,9600.0,5900.0,No,0.0,743.0,247600.0,103800.0,Personal Loan EMI,286000.0,39,Not_Eligible,500.0
38.0,Female,Married,Post Graduate,79100.0,Private,7.7,Small,Rented,23500.0,5,4,5600.0,0.0,6200.0,13200.0,13900.0,No,0.0,673.0,446200.0,243300.0,E-commerce Shopping EMI,136000.0,12,Not_Eligible,8350.0
48.0,Male,Married,High School,49800.0,Private,9.8,Large Indian,Family,0.0,5,4,0.0,12400.0,6100.0,11900.0,5100.0,No,0.0,738.0,111400.0,26100.0,Home Appliances EMI,272000.0,16,Not_Eligible,7150.0
38.0,Male,Married,Professional,74700.0,Private,10.5,Startup,Own,0.0,4,3,13100.0,15400.0,5600.0,17000.0,8600.0,No,0.0,819.0,159700.0,74100.0,Personal Loan EMI,546000.0,18,Not_Eligible,9000.0
32.0,Male,Married,Graduate,66900.0,Private,5.0,Small,Family,0.0,3,2,11600.0,5100.0,4700.0,13000.0,7900.0,No,0.0,708.0,502400.0,289100.0,E-commerce Shopping EMI,19000.0,14,Eligible,13530.0
32.0,Female,Single,Graduate,27100.0,Private,5.1,Startup,Rented,8400.0,2,1,10000.0,20100.0,3200.0,6900.0,3500.0,Yes,7800.0,657.0,71100.0,30000.0,Vehicle EMI,1256000.0,16,Not_Eligible,500.0
32.0,Male,Married,Graduate,31600.0,Self-employed,1.4,Startup,Rented,5400.0,3,2,0.0,0.0,4600.0,8000.0,3200.0,No,0.0,696.0,190400.0,90800.0,Personal Loan EMI,938000.0,56,Not_Eligible,5148.0
27.0,Female,Single,Graduate,58100.0,Private,2.2,MNC,Rented,18900.0,3,2,0.0,0.0,7600.0,13900.0,4000.0,No,0.0,727.0,50300.0,19100.0,Personal Loan EMI,724000.0,60,Not_Eligible,5480.0
48.0,Male,Married,Professional,78400.0,Private,6.5,Small,Rented,19600.0,3,2,4400.0,0.0,6200.0,20500.0,8600.0,No,0.0,665.0,193700.0,47700.0,E-commerce Shopping EMI,187000.0,11,Not_Eligible,9550.0
32.0,Male,Married,Graduate,24400.0,Private,3.7,MNC,Family,0.0,3,2,0.0,0.0,1900.0,5200.0,3700.0,No,0.0,732.0,105300.0,26500.0,Vehicle EMI,158000.0,76,Eligible,6800.0
38.0,Male,Married,Post Graduate,97200.0,Private,1.8,Small,Rented,17500.0,3,2,0.0,16100.0,7500.0,22600.0,13400.0,No,0.0,724.0,65400.0,15500.0,Personal Loan EMI,672000.0,31,Not_Eligible,8040.0
32.0,Male,Married,High School,17900.0,Government,4.6,Startup,Own,0.0,4,3,7400.0,0.0,1000.0,3500.0,1600.0,Yes,2200.0,676.0,62300.0,18900.0,Personal Loan EMI,195000.0,54,Not_Eligible,847.0
32.0,Female,Married,Graduate,19700.0,Self-employed,8.9,Mid-size,Family,0.0,2,1,0.0,13200.0,1900.0,5700.0,2200.0,No,0.0,691.0,115800.0,49600.0,E-commerce Shopping EMI,95000.0,16,Not_Eligible,500.0
58.0,Male,Married,Professional,62100.0,Private,17.0,MNC,Own,0.0,3,2,11900.0,0.0,6100.0,14100.0,3600.0,No,0.0,827.0,254300.0,134300.0,Vehicle EMI,430000.0,54,Eligible,15840.0
38.0,Male,Married,Graduate,63800.0,Private,8.5,Mid-size,Rented,19500.0,4,3,9800.0,15000.0,7700.0,11900.0,6700.0,No,0.0,638.0,307900.0,97300.0,Personal Loan EMI,966000.0,28,Not_Eligible,500.0
48.0,Male,Married,High School,41100.0,Private,1.8,Large Indian,Own,0.0,5,4,0.0,24000.0,4600.0,11700.0,4000.0,No,0.0,629.0,82100.0,38700.0,Personal Loan EMI,155000.0,44,Not_Eligible,500.0
38.0,Male,Married,Graduate,43500.0,Private,0.5,Startup,Rented,8300.0,4,3,0.0,0.0,3900.0,8600.0,5500.0,No,0.0,721.0,27500.0,11000.0,Home Appliances EMI,227000.0,30,Not_Eligible,5504.0
27.0,Female,Single,Professional,70800.0,Government,2.2,Small,Own,0.0,3,2,5000.0,0.0,4700.0,16000.0,11600.0,No,0.0,668.0,434100.0,167700.0,Vehicle EMI,794000.0,56,High_Risk,18425.0
32.0,Male,Married,Graduate,80500.0,Government,1.8,MNC,Family,0.0,2,1,5900.0,0.0,6600.0,15000.0,11200.0,No,0.0,828.0,398200.0,96100.0,Vehicle EMI,442000.0,41,Eligible,25080.0
58.0,Male,Married,High School,33100.0,Private,22.5,MNC,Family,0.0,2,1,0.0,0.0,4500.0,9300.0,3000.0,No,0.0,647.0,151700.0,47400.0,E-commerce Shopping EMI,177000.0,16,Not_Eligible,6520.0
32.0,Male,Married,High School,31800.0,Government,6.8,Mid-size,Family,0.0,3,2,4600.0,0.0,3700.0,7300.0,2200.0,Yes,6000.0,705.0,223700.0,,Education EMI,95000.0,24,Not_Eligible,3388.0
48.0,Female,Married,High School,50300.0,Private,6.3,MNC,Rented,9800.0,5,4,7500.0,7800.0,5400.0,9000.0,9800.0,Yes,9000.0,578.0,225500.0,122200.0,Home Appliances EMI,145000.0,7,Not_Eligible,500.0
48.0,Male,Married,Graduate,18000.0,Private,15.8,Startup,Family,0.0,3,2,0.0,0.0,1300.0,4900.0,2700.0,Yes,2000.0,711.0,63900.0,36200.0,Home Appliances EMI,44000.0,14,Not_Eligible,2485.0
32.0,Male,Married,High School,63300.0,Private,5.3,Mid-size,Family,0.0,3,2,0.0,0.0,8800.0,11600.0,11900.0,No,0.0,779.0,500600.0,265600.0,Vehicle EMI,1319000.0,75,Not_Eligible,20460.0
27.0,Male,Single,Graduate,54800.0,Self-employed,0.5,Large Indian,Own,0.0,3,2,0.0,0.0,4600.0,14200.0,4300.0,No,0.0,738.0,231500.0,125700.0,Education EMI,241000.0,13,Not_Eligible,14265.0
32.0,Male,Married,Graduate,53000.0,Private,3.6,Startup,Own,0.0,2,1,0.0,0.0,3500.0,13400.0,7300.0,Yes,15800.0,670.0,282300.0,137800.0,Education EMI,291000.0,46,Not_Eligible,4550.0
48.0,Female,Single,Professional,62900.0,Private,6.7,MNC,Rented,13000.0,3,2,0.0,9100.0,4400.0,15600.0,3200.0,Yes,9500.0,661.0,418700.0,95400.0,Personal Loan EMI,626000.0,14,Not_Eligible,3118.5
48.0,Female,Married,Professional,91900.0,Self-employed,1.3,Large Indian,Rented,31100.0,4,3,3100.0,0.0,9400.0,16600.0,15600.0,No,0.0,663.0,573600.0,174900.0,Vehicle EMI,1276000.0,76,Not_Eligible,7969.5
38.0,Male,Married,High School,18000.0,Private,7.4,Startup,Rented,4700.0,4,3,11700.0,0.0,2000.0,3700.0,3100.0,Yes,3000.0,598.0,90800.0,20200.0,Vehicle EMI,662000.0,45,Not_Eligible,500.0
38.0,Female,Married,High School,24600.0,Government,0.5,Mid-size,Family,0.0,4,3,0.0,0.0,3400.0,5100.0,4500.0,No,0.0,777.0,178400.0,92200.0,Personal Loan EMI,289000.0,33,Not_Eligible,7656.0
58.0,Male,Married,Post Graduate,33700.0,Private,3.3,Startup,Rented,5900.0,4,3,0.0,0.0,3700.0,8200.0,3100.0,Yes,5800.0,0.0,165500.0,47400.0,Education EMI,247000.0,45,Not_Eligible,2450.0
32.0,Female,Single,High School,47100.0,Private,3.9,Mid-size,Family,0.0,1,0,0.0,0.0,4800.0,7300.0,6400.0,Yes,5500.0,665.0,27700.0,12700.0,Personal Loan EMI,734000.0,36,Not_Eligible,6468.0
32.0,Male,Single,Graduate,35200.0,Private,1.3,Mid-size,Rented,11300.0,1,0,0.0,0.0,4800.0,9400.0,3000.0,No,0.0,612.0,269000.0,65500.0,Vehicle EMI,384000.0,13,Not_Eligible,2948.0
48.0,Male,Married,Post Graduate,79500.0,Private,8.7,Startup,Own,0.0,4,3,11500.0,17300.0,11100.0,23600.0,11700.0,Yes,18900.0,677.0,607700.0,178900.0,Vehicle EMI,696000.0,26,Not_Eligible,500.0
48.0,Male,Married,Graduate,41200.0,Government,7.0,Mid-size,Own,0.0,4,3,0.0,14200.0,5200.0,7100.0,5800.0,Yes,6500.0,703.0,34900.0,15400.0,Home Appliances EMI,186000.0,36,Not_Eligible,739.2
58.0,Male,Single,Post Graduate,100000.0,Self-employed,24.4,Large Indian,Own,0.0,1,0,0.0,0.0,8800.0,22000.0,13800.0,No,0.0,783.0,454200.0,244400.0,Education EMI,330000.0,40,Eligible,29916.0
32.0,Male,Married,Graduate,51200.0,Private,3.0,Large Indian,Rented,10800.0,4,3,0.0,0.0,6200.0,12000.0,7300.0,No,0.0,670.0,148800.0,40500.0,Education EMI,496000.0,24,Not_Eligible,7450.0
38.0,Male,Married,Graduate,21400.0,Private,1.4,Mid-size,Own,0.0,5,4,11600.0,14800.0,1400.0,5200.0,3400.0,No,0.0,644.0,163200.0,62900.0,Education EMI,302000.0,16,Not_Eligible,500.0
27.0,Female,Single,Professional,137100.0,Self-employed,0.5,Large Indian,Rented,35100.0,2,1,10800.0,0.0,12400.0,39300.0,11700.0,No,0.0,685.0,508400.0,216500.0,Home Appliances EMI,73000.0,12,Eligible,12510.0
38.0,Male,Married,Graduate,20000.0,Private,5.2,Startup,Own,0.0,4,3,0.0,0.0,1200.0,5600.0,2200.0,No,0.0,825.0,21600.0,10600.0,Education EMI,136000.0,14,Not_Eligible,5280.0
38.0,Male,Married,Graduate,34300.0,Self-employed,1.9,Large Indian,Rented,7200.0,5,4,0.0,0.0,1900.0,9400.0,3000.0,No,0.0,705.0,192500.0,57800.0,Education EMI,402000.0,40,Not_Eligible,5760.0
38.0,Female,Single,Professional,69700.0,Government,2.1,MNC,Family,0.0,2,1,8900.0,0.0,4200.0,13600.0,5600.0,No,0.0,669.0,513800.0,134000.0,Vehicle EMI,201000.0,24,Eligible,20570.0
38.0,Female,Married,Post Graduate,70300.0,Private,8.3,Mid-size,Rented,18400.0,4,3,7900.0,0.0,7900.0,19400.0,9700.0,Yes,8000.0,686.0,410600.0,200300.0,Home Appliances EMI,236000.0,25,Not_Eligible,500.0
58.0,Female,Married,Graduate,73200.0,Private,3.8,Large Indian,Own,0.0,4,3,14800.0,0.0,7000.0,15100.0,4900.0,Yes,16200.0,715.0,41200.0,12700.0,Personal Loan EMI,275000.0,42,Not_Eligible,4256.0
48.0,Female,Married,Graduate,29100.0,Government,8.4,Startup,Rented,7700.0,4,3,3800.0,0.0,4200.0,8600.0,1900.0,No,0.0,1200.0,217300.0,57100.0,Personal Loan EMI,951000.0,39,Not_Eligible,1754.5
27.0,Female,Single,High School,26300.0,Private,0.8,MNC,Own,0.0,3,2,0.0,0.0,3200.0,7900.0,1600.0,Yes,5300.0,649.0,188900.0,38900.0,Education EMI,86000.0,12,Not_Eligible,2045.12
58.0,Male,Married,Graduate,71400.0,Self-employed,3.7,MNC,Rented,18700.0,3,2,2900.0,0.0,10000.0,18500.0,13600.0,No,0.0,692.0,149600.0,36600.0,Education EMI,237000.0,18,Not_Eligible,3465.0
38.0,Male,Married,High School,46700.0,Private,9.3,Mid-size,Rented,10900.0,4,3,0.0,0.0,5700.0,10600.0,2900.0,Yes,9800.0,724.0,358300.0,141000.0,Personal Loan EMI,655000.0,35,Not_Eligible,2618.0
48.0,Male,Married,Post Graduate,23400.0,Self-employed,21.2,Small,Family,0.0,4,3,0.0,0.0,1800.0,6200.0,2500.0,Yes,3500.0,747.0,169400.0,74300.0,E-commerce Shopping EMI,86000.0,22,Not_Eligible,3257.1
27.0,Female,Single,Graduate,20000.0,Government,0.5,MNC,Rented,5300.0,2,1,12100.0,0.0,2700.0,5300.0,1300.0,No,0.0,746.0,20900.0,7700.0,Education EMI,268000.0,12,Not_Eligible,500.0
27.0,Female,Single,High School,20400.0,Government,0.6,Small,Family,0.0,1,0,0.0,0.0,1700.0,4800.0,4000.0,Yes,2500.0,755.0,131300.0,69300.0,Home Appliances EMI,114000.0,16,Not_Eligible,3418.8
27.0,Female,Married,Post Graduate,49300.0,Private,0.5,MNC,Rented,14200.0,2,1,11700.0,0.0,6300.0,12200.0,9000.0,Yes,13800.0,647.0,285000.0,154600.0,E-commerce Shopping EMI,158000.0,5,Not_Eligible,500.0
38.0,Female,Married,Graduate,20000.0,Private,5.7,Startup,Rented,5400.0,4,3,10800.0,0.0,1600.0,4500.0,2100.0,Yes,3100.0,705.0,43800.0,22600.0,E-commerce Shopping EMI,117000.0,20,Not_Eligible,500.0
48.0,Female,Married,High School,35000.0,Private,12.7,Mid-size,Rented,8200.0,3,2,3200.0,0.0,1900.0,9700.0,2000.0,No,0.0,746.0,184400.0,57300.0,Personal Loan EMI,300000.0,59,Not_Eligible,5000.0
48.0,Male,Married,Professional,30300.0,Private,7.8,MNC,Family,0.0,4,3,0.0,0.0,3800.0,6100.0,2700.0,No,0.0,699.0,229300.0,136200.0,Education EMI,357000.0,25,Not_Eligible,9735.0
48.0,Female,Married,Graduate,48600.0,Government,0.5,Mid-size,Own,0.0,5,4,7600.0,0.0,3600.0,10700.0,5400.0,No,0.0,720.0,298000.0,153300.0,E-commerce Shopping EMI,108000.0,10,High_Risk,11715.0
48.0,Female,Single,Graduate,58500.0,Private,2.9,Mid-size,Own,0.0,1,0,0.0,0.0,5700.0,14200.0,9400.0,Yes,17200.0,554.0,66000.0,27700.0,Vehicle EMI,293000.0,69,Not_Eligible,2688.0
58.0,Female,Married,Professional,82400.0,Self-employed,16.5,Mid-size,Rented,21600.0,2,1,0.0,15400.0,7900.0,18600.0,9000.0,No,0.0,0.0,134900.0,59900.0,Vehicle EMI,594000.0,16,Not_Eligible,2851.2
32.0,Male,Single,Graduate,66200.0,Private,4.2,Startup,Rented,19600.0,2,1,0.0,0.0,9300.0,12000.0,12800.0,Yes,14600.0,763.0,163600.0,43200.0,Personal Loan EMI,477000.0,52,Not_Eligible,500.0
48.0,Female,Married,Graduate,63700.0,Private,4.2,MNC,Rented,14400.0,4,3,0.0,14500.0,6600.0,19100.0,8000.0,No,0.0,648.0,303600.0,171900.0,Vehicle EMI,273000.0,71,Not_Eligible,500.0
38.0,Male,Married,Graduate,30200.0,Private,1.9,Mid-size,Rented,7000.0,3,2,0.0,0.0,3100.0,6600.0,2300.0,No,0.0,706.0,109100.0,31800.0,Personal Loan EMI,568000.0,48,Not_Eligible,5600.0
27.0,Female,Married,Graduate,42800.0,Private,0.5,Small,Own,0.0,4,3,0.0,0.0,6000.0,8900.0,6900.0,No,0.0,571.0,110500.0,60400.0,E-commerce Shopping EMI,99000.0,14,Not_Eligible,6720.0
38.0,Female,Married,Graduate,31300.0,Self-employed,3.0,Large Indian,Family,0.0,4,3,0.0,10800.0,2100.0,5300.0,3200.0,Yes,3600.0,700.0,53600.0,27500.0,Vehicle EMI,1227000.0,37,Not_Eligible,1587.6
27.0,Female,Single,Graduate,43900.0,Private,1.5,Mid-size,Own,0.0,2,1,10400.0,11900.0,6100.0,10500.0,6700.0,No,0.0,685.0,72400.0,26900.0,Home Appliances EMI,180000.0,11,Not_Eligible,500.0
48.0,Male,Married,Professional,156200.0,Self-employed,19.6,MNC,Rented,39000.0,3,2,0.0,24600.0,11000.0,34600.0,19000.0,No,0.0,755.0,266000.0,131400.0,Vehicle EMI,1123000.0,63,Not_Eligible,12096.0
48.0,Female,Single,Post Graduate,68200.0,Private,0.8,Startup,Family,0.0,2,1,10700.0,0.0,6200.0,14900.0,7400.0,Yes,16300.0,731.0,426200.0,210800.0,Home Appliances EMI,251000.0,24,Not_Eligible,3911.6
27.0,Male,Single,Graduate,28500.0,Private,0.6,Mid-size,Own,0.0,1,0,0.0,0.0,3400.0,8100.0,2000.0,No,0.0,734.0,30500.0,13700.0,Home Appliances EMI,267000.0,8,Not_Eligible,4800.0
32.0,Male,Married,Graduate,25800.0,Private,8.8,Small,Own,0.0,2,1,13700.0,0.0,1800.0,6200.0,2100.0,No,0.0,559.0,166800.0,53700.0,Vehicle EMI,1480000.0,74,Not_Eligible,880.0
38.0,Male,Married,Graduate,26700.0,Private,4.0,Mid-size,Rented,4100.0,2,1,11800.0,0.0,3200.0,7300.0,1600.0,Yes,6000.0,667.0,154400.0,51400.0,Home Appliances EMI,28000.0,8,Not_Eligible,500.0
48.0,Male,Married,Professional,73900.0,Private,9.8,Mid-size,Rented,11300.0,4,3,0.0,17900.0,9200.0,20300.0,13900.0,Yes,9100.0,689.0,295300.0,175500.0,Education EMI,433000.0,30,Not_Eligible,500.0
38.0,Male,Married,Graduate,18000.0,Government,1.9,Startup,Family,0.0,4,3,14900.0,0.0,2000.0,4500.0,2800.0,No,0.0,761.0,32500.0,6900.0,Education EMI,470000.0,31,Not_Eligible,500.0
38.0,Male,Married,Post Graduate,83000.0,Self-employed,1.5,Mid-size,Family,0.0,5,4,0.0,0.0,9400.0,13400.0,4900.0,No,0.0,682.0,109700.0,53200.0,Home Appliances EMI,131000.0,30,Eligible,19908.0
48.0,Female,Married,Post Graduate,134700.0,Private,3.3,Large Indian,Family,0.0,2,1,5700.0,18800.0,18200.0,26200.0,21200.0,Yes,27600.0,664.0,991200.0,393700.0,Personal Loan EMI,410000.0,16,Not_Eligible,6545.0
38.0,Female,Married,Post Graduate,86500.0,Private,0.7,MNC,Family,0.0,5,4,7800.0,0.0,10700.0,20700.0,6900.0,Yes,15200.0,691.0,608700.0,289800.0,Home Appliances EMI,270000.0,33,Not_Eligible,7761.6
32.0,Female,Married,High School,46300.0,Private,2.5,Mid-size,Rented,12500.0,3,2,0.0,0.0,4700.0,11900.0,4600.0,Yes,11000.0,674.0,98700.0,20000.0,Personal Loan EMI,860000.0,45,Not_Eligible,560.0
38.0,Male,Married,High School,25200.0,Private,2.9,Startup,Own,0.0,4,3,9900.0,0.0,2500.0,5700.0,2100.0,Yes,4200.0,566.0,194700.0,59400.0,Education EMI,358000.0,45,Not_Eligible,500.0
48.0,Male,Married,Graduate,24100.0,Government,12.6,Mid-size,Rented,4600.0,2,1,13400.0,13300.0,3100.0,4000.0,4300.0,No,0.0,698.0,56800.0,24400.0,Education EMI,61000.0,17,Not_Eligible,500.0
32.0,Female,Married,High School,19600.0,Private,0.8,Startup,Own,0.0,5,4,0.0,6900.0,2500.0,5800.0,1200.0,No,0.0,614.0,151100.0,90400.0,E-commerce Shopping EMI,125000.0,8,Not_Eligible,1126.4
48.0,Female,Married,Professional,70300.0,Private,11.0,MNC,Rented,21800.0,3,2,10400.0,0.0,9900.0,13300.0,5400.0,No,0.0,755.0,185500.0,78500.0,Personal Loan EMI,660000.0,32,Not_Eligible,5700.0
27.0,Male,Married,Graduate,55600.0,Private,2.8,Startup,Own,0.0,4,3,0.0,8900.0,8100.0,14500.0,8900.0,No,0.0,633.0,92900.0,25000.0,Home Appliances EMI,281000.0,29,Not_Eligible,4864.0
32.0,Male,Married,Graduate,70600.0,Private,6.3,Large Indian,Rented,18400.0,3,2,10500.0,16100.0,9000.0,14500.0,14100.0,No,0.0,728.0,552700.0,229600.0,Vehicle EMI,309000.0,46,Not_Eligible,500.0
32.0,Female,Married,Graduate,73600.0,Private,2.0,Startup,Family,0.0,4,3,0.0,0.0,7400.0,19800.0,7000.0,Yes,15900.0,733.0,508500.0,270600.0,Personal Loan EMI,489000.0,48,Not_Eligible,9047.5
27.0,Female,Single,Professional,57200.0,Government,0.9,MNC,Rented,9600.0,1,0,0.0,0.0,4900.0,14000.0,4300.0,Yes,7700.0,733.0,267100.0,114200.0,Education EMI,309000.0,7,Not_Eligible,5845.0
32.0,Male,Single,High School,35300.0,Private,6.9,Small,Own,0.0,1,0,0.0,0.0,1900.0,5900.0,3500.0,Yes,9600.0,702.0,265000.0,83100.0,Education EMI,341000.0,19,Not_Eligible,5544.0
47.0,Female,Married,High School,11667.0,Private,1.9,Startup,Rented,27700.0,4,3,7900.0,0.0,10200.0,23000.0,8200.0,Yes,9200.0,679.0,172700.0,58800.0,Home Appliances EMI,119000.0,6,Not_Eligible,500.0
32.0,Male,Single,Post Graduate,68200.0,Government,0.5,Large Indian,Rented,18900.0,2,1,0.0,23300.0,9300.0,15300.0,4200.0,No,0.0,716.0,103300.0,26100.0,Education EMI,438000.0,39,Not_Eligible,500.0
38.0,Female,Married,Graduate,31800.0,Private,11.3,Large Indian,Own,0.0,3,2,0.0,5700.0,1900.0,9000.0,5600.0,Yes,7600.0,711.0,54300.0,24300.0,E-commerce Shopping EMI,120000.0,20,Not_Eligible,560.0
48.0,Male,Married,Professional,44100.0,Private,12.7,Large Indian,Own,0.0,4,3,13200.0,8700.0,5900.0,10700.0,8600.0,No,0.0,746.0,131200.0,32900.0,E-commerce Shopping EMI,77000.0,11,Not_Eligible,500.0
38.0,Male,Married,Graduate,58000.0,Private,10.6,Large Indian,Own,0.0,3,2,0.0,8500.0,7700.0,16600.0,8200.0,No,0.0,669.0,104300.0,57100.0,Personal Loan EMI,621000.0,17,Not_Eligible,6800.0
38.0,Male,Married,Post Graduate,46300.0,Self-employed,6.3,Mid-size,Own,0.0,3,2,7800.0,0.0,3400.0,11500.0,5200.0,No,0.0,742.0,336600.0,137900.0,Personal Loan EMI,536000.0,53,Not_Eligible,9108.0
32.0,Male,Single,Post Graduate,26200.0,Government,10.0,MNC,Family,,3,2,0.0,16900.0,1900.0,6600.0,2000.0,No,0.0,827.0,172800.0,101800.0,Education EMI,260000.0,8,Not_Eligible,500.0
58.0,Male,Married,Professional,128200.0,Private,12.8,Mid-size,Family,0.0,3,2,8500.0,0.0,17300.0,29100.0,25000.0,No,0.0,775.0,851100.0,282400.0,Education EMI,263000.0,48,Eligible,31878.0
48.0,Male,Married,Graduate,121700.0,Self-employed,7.7,Large Indian,Rented,20600.0,3,2,4900.0,0.0,7400.0,32400.0,9300.0,No,0.0,652.0,102500.0,27200.0,Personal Loan EMI,406000.0,20,Not_Eligible,16956.0
27.0,Male,Single,Graduate,84000.0,Private,5.0,Small,Rented,23200.0,1,0,0.0,0.0,9000.0,21200.0,14400.0,Yes,17900.0,710.0,232700.0,114700.0,Education EMI,131000.0,46,Not_Eligible,500.0
38.0,Male,Married,High School,50700.0,Private,1.2,Mid-size,Rented,7900.0,4,3,0.0,0.0,3600.0,14900.0,5200.0,Yes,14100.0,590.0,123400.0,65500.0,Education EMI,296000.0,48,Not_Eligible,1400.0
27.0,Female,Married,Graduate,52600.0,Private,1.1,Startup,Rented,17500.0,5,4,0.0,0.0,7100.0,15400.0,6900.0,No,0.0,688.0,79400.0,34400.0,Home Appliances EMI,136000.0,33,Not_Eligible,2280.0
38.0,Male,Married,Graduate,72600.0,Self-employed,4.9,Mid-size,Rented,23200.0,3,2,4400.0,0.0,4100.0,20100.0,11200.0,No,0.0,643.0,467000.0,158200.0,Education EMI,466000.0,46,Not_Eligible,3801.6
32.0,Male,Single,High School,51200.0,Government,1.7,Startup,Own,0.0,2,1,4700.0,0.0,2700.0,12100.0,9800.0,No,0.0,762.0,339700.0,98800.0,Vehicle EMI,565000.0,63,High_Risk,14454.0
32.0,Male,Married,Post Graduate,62400.0,Private,7.8,Startup,Own,0.0,2,1,0.0,0.0,4600.0,12400.0,9100.0,No,0.0,673.0,366200.0,149800.0,E-commerce Shopping EMI,17000.0,13,Eligible,18150.0
48.0,Female,Married,Professional,118700.0,Private,2.6,Large Indian,Family,0.0,3,2,6300.0,0.0,7700.0,34400.0,23200.0,No,0.0,720.0,948200.0,560800.0,E-commerce Shopping EMI,64000.0,4,Eligible,25905.0
38.0,Female,Married,Graduate,30700.0,Private,4.6,Large Indian,Rented,7900.0,4,3,0.0,0.0,3200.0,7800.0,2700.0,No,0.0,645.0,34900.0,17400.0,Personal Loan EMI,326000.0,24,Not_Eligible,2912.0
48.0,Male,Married,Post Graduate,51200.0,Self-employed,2.5,Mid-size,Family,0.0,3,2,4600.0,7800.0,3800.0,7900.0,7000.0,No,0.0,999.0,371000.0,112500.0,E-commerce Shopping EMI,88000.0,8,Not_Eligible,9949.5
32.0,Female,Married,Post Graduate,26000.0,Government,2.3,Large Indian,Rented,7000.0,4,3,0.0,0.0,2800.0,7700.0,1700.0,No,0.0,754.0,177300.0,90800.0,Education EMI,394000.0,11,Not_Eligible,4488.0
32.0,Male,Married,Post Graduate,35400.0,Government,0.5,Large Indian,Own,0.0,5,4,0.0,0.0,5300.0,7400.0,4900.0,No,0.0,680.0,92500.0,36000.0,E-commerce Shopping EMI,112000.0,14,High_Risk,8900.0
27.0,Male,Married,High School,68500.0,Government,1.9,Startup,Family,0.0,4,3,14700.0,0.0,4500.0,13200.0,12400.0,No,0.0,708.0,517600.0,305000.0,E-commerce Shopping EMI,193000.0,12,Not_Eligible,13035.0
39.0,Male,Married,Post Graduate,60828.0,Private,3.9,Small,Rented,10700.0,2,1,0.0,0.0,3400.0,13300.0,8800.0,No,0.0,706.0,352800.0,165600.0,E-commerce Shopping EMI,182000.0,17,High_Risk,12300.0
48.0,Female,Married,Post Graduate,66900.0,Government,5.7,Large Indian,Rented,19800.0,3,2,9300.0,23900.0,4900.0,11900.0,11100.0,No,0.0,776.0,475600.0,170600.0,Education EMI,370000.0,8,Not_Eligible,500.0
48.0,Male,Married,Graduate,58800.0,Self-employed,1.7,Mid-size,Own,0.0,2,1,13600.0,8100.0,6200.0,17400.0,9000.0,No,0.0,578.0,329900.0,119700.0,Home Appliances EMI,160000.0,33,Not_Eligible,1620.0
38.0,Male,Married,High School,46100.0,Private,8.7,Startup,Own,0.0,3,2,0.0,0.0,2600.0,12500.0,6200.0,No,0.0,698.0,185100.0,56200.0,Personal Loan EMI,76000.0,31,Eligible,12400.0
37.0,Male,Single,High School,45941.0,Private,1.4,Mid-size,Own,0.0,2,1,8200.0,0.0,4100.0,9900.0,8800.0,No,0.0,624.0,266900.0,145300.0,Home Appliances EMI,237000.0,6,Not_Eligible,5880.0
27.0,Female,Married,High School,14400.0,Private,2.2,Mid-size,Rented,2800.0,2,1,0.0,9900.0,800.0,3300.0,2400.0,No,0.0,788.0,58500.0,13000.0,Home Appliances EMI,33000.0,25,Not_Eligible,500.0
32.0,Male,Married,Graduate,75300.0,Private,0.6,Mid-size,Rented,25000.0,4,3,8100.0,12400.0,11100.0,19100.0,4300.0,Yes,11800.0,669.0,149100.0,88500.0,E-commerce Shopping EMI,88000.0,22,Not_Eligible,500.0
38.0,Male,Married,Graduate,59300.0,Government,4.0,Large Indian,Rented,15400.0,3,2,5800.0,0.0,7300.0,14600.0,11600.0,Yes,6200.0,764.0,144200.0,31000.0,Vehicle EMI,738000.0,13,Not_Eligible,500.0
27.0,Male,Single,Graduate,42600.0,Private,0.5,Mid-size,Family,0.0,1,0,0.0,0.0,6400.0,12700.0,7700.0,Yes,7800.0,597.0,240200.0,141600.0,Personal Loan EMI,446000.0,23,Not_Eligible,1792.0
38.0,Male,Married,Graduate,34100.0,Government,10.3,Startup,Rented,11800.0,4,3,9200.0,0.0,3800.0,7900.0,2900.0,No,0.0,776.0,48200.0,19800.0,Vehicle EMI,283000.0,16,Not_Eligible,500.0
58.0,Male,Married,Graduate,34100.0,Private,28.3,MNC,Rented,11300.0,3,2,0.0,0.0,2100.0,7200.0,5400.0,Yes,4100.0,666.0,250000.0,66600.0,Personal Loan EMI,790000.0,48,Not_Eligible,1540.0
48.0,Male,Married,Graduate,89900.0,Self-employed,22.6,MNC,Own,0.0,3,2,11500.0,0.0,10700.0,15300.0,7500.0,No,0.0,821.0,414500.0,208900.0,Home Appliances EMI,105000.0,25,Eligible,24246.0
27.0,Male,Single,Graduate,18000.0,Private,1.6,Large Indian,Own,0.0,1,0,0.0,0.0,2500.0,5200.0,900.0,No,0.0,690.0,116800.0,59400.0,Home Appliances EMI,284000.0,15,Not_Eligible,5170.0
27.0,Female,Single,Graduate,65900.0,Private,2.2,Large Indian,Rented,16700.0,3,2,0.0,18400.0,9500.0,12500.0,4700.0,Yes,8000.0,673.0,364900.0,213700.0,Education EMI,265000.0,46,Not_Eligible,500.0
38.0,Female,Married,Graduate,37600.0,Private,5.1,Large Indian,Own,0.0,4,3,0.0,0.0,4800.0,7000.0,5700.0,No,0.0,677.0,127600.0,65300.0,E-commerce Shopping EMI,148000.0,7,Not_Eligible,10050.0
38.0,Female,Married,Professional,73500.0,Private,0.5,Large Indian,Own,0.0,3,2,14900.0,0.0,9500.0,17400.0,4600.0,No,0.0,701.0,552200.0,310300.0,Education EMI,434000.0,27,Not_Eligible,11924.0
48.0,Female,Married,Post Graduate,70800.0,Government,3.5,MNC,Own,0.0,4,3,12300.0,14900.0,7800.0,14400.0,10700.0,No,0.0,800.0,145500.0,62400.0,Home Appliances EMI,97000.0,10,Not_Eligible,7062.0
38.0,Female,Married,Graduate,94100.0,Private,5.5,MNC,Family,0.0,4,3,0.0,0.0,12400.0,24100.0,9800.0,No,0.0,773.0,58500.0,24900.0,E-commerce Shopping EMI,20000.0,3,Eligible,22944.0
48.0,Female,Married,Graduate,62800.0,Private,3.0,Mid-size,Family,0.0,4,3,3300.0,0.0,4000.0,17700.0,11900.0,No,0.0,779.0,233300.0,111400.0,Home Appliances EMI,108000.0,18,Eligible,15540.0
48.0,Male,Single,High School,41600.0,Private,9.2,Mid-size,Own,0.0,3,2,0.0,18400.0,5200.0,11900.0,6800.0,Yes,6000.0,703.0,170500.0,80300.0,Vehicle EMI,1242000.0,75,Not_Eligible,500.0
48.0,Male,Married,Graduate,53000.0,Private,0.5,Mid-size,Own,0.0,3,2,3300.0,0.0,4300.0,12200.0,5100.0,No,0.0,748.0,93300.0,20500.0,Personal Loan EMI,497000.0,23,Not_Eligible,8992.0
38.0,Female,Married,High School,60600.0,Government,2.0,Mid-size,Own,0.0,4,3,0.0,6500.0,7000.0,15800.0,6000.0,No,0.0,682.0,261700.0,108400.0,Home Appliances EMI,45000.0,28,Eligible,12650.0
38.0,Female,Married,Professional,55800.0,Private,4.9,Large Indian,Own,0.0,2,1,6500.0,0.0,7400.0,14900.0,3600.0,No,0.0,760.0,350600.0,81100.0,E-commerce Shopping EMI,124000.0,17,Eligible,15444.0
38.0,Male,Married,Graduate,55200.0,Private,0.9,Small,Rented,8700.0,5,4,0.0,0.0,3200.0,14500.0,8000.0,No,0.0,704.0,244900.0,70400.0,E-commerce Shopping EMI,37000.0,4,Not_Eligible,8320.0
32.0,Male,Married,Graduate,55400.0,Private,4.0,Large Indian,Own,0.0,4,3,7600.0,0.0,4500.0,8700.0,5600.0,No,0.0,641.0,153500.0,37500.0,Personal Loan EMI,994000.0,58,Not_Eligible,11600.0
38.0,Male,Married,Graduate,41600.0,Self-employed,3.2,Mid-size,Own,0.0,4,3,0.0,0.0,4500.0,12400.0,6100.0,No,0.0,747.0,47100.0,22100.0,E-commerce Shopping EMI,10000.0,21,Eligible,6696.0
32.0,Male,Married,Professional,152900.0,Private,1.6,Small,Family,0.0,3,2,9800.0,0.0,10400.0,44900.0,8100.0,No,0.0,717.0,422600.0,226700.0,Vehicle EMI,1125000.0,32,Not_Eligible,39850.0
48.0,Female,Married,,107500.0,Private,6.4,MNC,Rented,37100.0,2,1,14900.0,12100.0,15000.0,22200.0,10100.0,No,0.0,634.0,525800.0,205000.0,Education EMI,164000.0,26,Not_Eligible,500.0
48.0,Male,Married,Professional,66300.0,Self-employed,6.3,MNC,Own,0.0,4,3,0.0,15900.0,5000.0,13800.0,12900.0,Yes,18700.0,719.0,324300.0,74400.0,E-commerce Shopping EMI,43000.0,15,Not_Eligible,500.0
27.0,Male,Single,Post Graduate,62400.0,Private,0.8,Large Indian,Own,0.0,1,0,0.0,0.0,9000.0,16600.0,5600.0,Yes,15700.0,595.0,416500.0,159200.0,Vehicle EMI,542000.0,24,Not_Eligible,3819.2
38.0,Male,Married,Graduate,42200.0,Government,1.7,Mid-size,Rented,12600.0,2,1,8300.0,22800.0,2300.0,10500.0,8100.0,Yes,8400.0,637.0,67900.0,19200.0,Education EMI,354000.0,15,Not_Eligible,500.0
32.0,Male,Single,Graduate,41500.0,Private,1.1,Large Indian,Own,0.0,2,1,11200.0,0.0,3900.0,9600.0,4800.0,No,0.0,719.0,,127800.0,Education EMI,394000.0,25,Not_Eligible,6600.0
38.0,Male,Married,Professional,58700.0,Private,11.7,Large Indian,Own,0.0,5,4,4100.0,0.0,6000.0,14900.0,10300.0,Yes,9500.0,710.0,388000.0,174600.0,Vehicle EMI,1365000.0,26,Not_Eligible,5351.5
32.0,Male,Married,Graduate,85300.0,Private,10.0,MNC,Own,0.0,5,4,0.0,8600.0,7300.0,18300.0,13700.0,No,0.0,754.0,289700.0,127700.0,Home Appliances EMI,254000.0,16,Eligible,22440.0
32.0,Female,Married,Post Graduate,60100.0,Private,0.5,Large Indian,Family,0.0,3,2,0.0,0.0,7900.0,16700.0,7300.0,No,0.0,751.0,255100.0,132600.0,Vehicle EMI,1486000.0,67,Not_Eligible,13536.0
48.0,Male,Married,Graduate,99800.0,Private,26.0,Large Indian,Family,0.0,4,3,0.0,0.0,8500.0,15400.0,6300.0,Yes,29000.0,671.0,721700.0,202100.0,Vehicle EMI,765000.0,14,Not_Eligible,15631.0
37.0,Male,Married,Graduate,59244.0,Government,7.8,MNC,Rented,20400.0,3,2,0.0,0.0,6600.0,11400.0,5100.0,No,0.0,774.0,438600.0,110200.0,Home Appliances EMI,63000.0,32,Eligible,11761.2
38.0,Male,Married,Professional,59400.0,Private,1.2,Startup,Family,0.0,3,2,0.0,0.0,8600.0,15600.0,4300.0,Yes,13300.0,711.0,370300.0,100200.0,Personal Loan EMI,786000.0,42,Not_Eligible,6776.0
48.0,Male,Married,Graduate,49500.0,Private,11.6,Mid-size,Rented,12600.0,2,1,8100.0,0.0,5200.0,8900.0,4600.0,Yes,13600.0,719.0,258700.0,94500.0,Personal Loan EMI,810000.0,47,Not_Eligible,500.0
27.0,Male,Single,Graduate,60800.0,Private,2.3,Large Indian,Family,0.0,3,2,14800.0,8600.0,6600.0,9600.0,10300.0,Yes,10100.0,671.0,67000.0,16800.0,Home Appliances EMI,231000.0,14,Not_Eligible,500.0
48.0,Female,Married,Graduate,73100.0,Private,16.0,Large Indian,Rented,17900.0,3,2,14400.0,0.0,9900.0,18200.0,11300.0,No,0.0,587.0,155000.0,54600.0,Education EMI,374000.0,25,Not_Eligible,560.0
27.0,Female,Single,High School,24700.0,Self-employed,2.8,Startup,Own,0.0,1,0,0.0,0.0,2600.0,7400.0,2800.0,Yes,2900.0,678.0,69500.0,21700.0,Home Appliances EMI,248000.0,23,Not_Eligible,2835.0
32.0,Female,Single,Graduate,57900.0,Private,0.7,Startup,Family,0.0,2,1,0.0,0.0,4700.0,15400.0,3500.0,Yes,12700.0,616.0,299200.0,124900.0,Education EMI,113000.0,45,Eligible,4838.4
38.0,Female,Married,Professional,82400.0,Private,16.0,Small,Rented,15700.0,3,2,0.0,24600.0,11600.0,15400.0,13900.0,Yes,14700.0,707.0,554200.0,273500.0,E-commerce Shopping EMI,192000.0,22,Not_Eligible,500.0
38.0,Male,Married,Graduate,53600.0,Private,7.1,MNC,Rented,15300.0,3,2,8400.0,0.0,4200.0,12500.0,10000.0,No,0.0,692.0,297900.0,77700.0,Home Appliances EMI,234000.0,24,Not_Eligible,1600.0
48.0,Male,Married,Graduate,49600.0,Government,5.2,MNC,Family,0.0,5,4,0.0,13600.0,4600.0,8400.0,8300.0,No,0.0,825.0,137700.0,66000.0,Vehicle EMI,1257000.0,55,Not_Eligible,9702.0
32.0,Male,Married,Graduate,79300.0,Private,3.2,Large Indian,Rented,23500.0,3,2,7000.0,0.0,5600.0,12000.0,4100.0,No,0.0,794.0,351100.0,129600.0,Vehicle EMI,958000.0,64,Not_Eligible,16260.0
38.0,Male,Married,Post Graduate,43000.0,Self-employed,1.2,Mid-size,Rented,12800.0,4,3,5000.0,0.0,2700.0,12700.0,2500.0,No,0.0,739.0,326600.0,91600.0,Education EMI,365000.0,7,Not_Eligible,3613.5
48.0,Female,Married,Graduate,56700.0,Private,1.3,Large Indian,Rented,11200.0,4,3,14400.0,0.0,4500.0,13900.0,6200.0,No,0.0,574.0,264500.0,150200.0,Home Appliances EMI,143000.0,13,Not_Eligible,2600.0
38.0,Male,Married,High School,86800.0,Private,0.8,Large Indian,Family,0.0,2,1,0.0,0.0,10100.0,14400.0,7800.0,Yes,17600.0,641.0,671500.0,274300.0,Vehicle EMI,1275000.0,22,Not_Eligible,9092.16
58.0,Male,Married,Graduate,83200.0,Private,5.4,Large Indian,Own,0.0,2,1,7500.0,0.0,8200.0,14900.0,6500.0,Yes,24500.0,667.0,389200.0,98500.0,E-commerce Shopping EMI,67000.0,4,Not_Eligible,7560.0
32.0,Male,Married,Professional,119900.0,Government,6.9,Large Indian,Own,17070.0,4,3,0.0,0.0,8500.0,20200.0,12700.0,Yes,35700.0,786.0,745300.0,180900.0,Education EMI,340000.0,14,Not_Eligible,21750.96
32.0,Female,Married,High School,14400.0,Private,6.1,Large Indian,Rented,4900.0,2,1,11700.0,9900.0,1500.0,2800.0,1800.0,No,0.0,770.0,61300.0,24600.0,E-commerce Shopping EMI,61000.0,24,Not_Eligible,500.0
38.0,Female,Single,High School,31700.0,Government,0.9,Large Indian,Own,0.0,1,0,0.0,0.0,1700.0,6200.0,5900.0,Yes,4100.0,663.0,69400.0,40900.0,Personal Loan EMI,572000.0,47,Not_Eligible,4830.0
32.0,Male,Married,Graduate,55800.0,Private,9.5,Mid-size,Family,0.0,5,4,0.0,0.0,4400.0,10900.0,4600.0,No,0.0,844.0,71600.0,30700.0,Education EMI,244000.0,46,Eligible,17232.0
48.0,Female,Married,Post Graduate,104100.0,Private,1.4,Large Indian,Own,0.0,5,4,0.0,9200.0,12600.0,22200.0,18800.0,No,0.0,788.0,807700.0,399000.0,Personal Loan EMI,677000.0,47,Eligible,27258.0
27.0,Female,Married,Professional,75400.0,Private,1.5,Startup,Family,0.0,3,2,7200.0,0.0,7300.0,17200.0,5900.0,No,0.0,694.0,176100.0,70200.0,Home Appliances EMI,64000.0,33,Eligible,18900.0
38.0,Female,Married,Post Graduate,38200.0,Private,16.0,Startup,Family,0.0,2,1,0.0,0.0,4100.0,6600.0,6600.0,Yes,4800.0,692.0,189400.0,61200.0,Personal Loan EMI,139000.0,45,Eligible,5635.0
38.0,Male,Married,Professional,92500.0,Private,2.3,Large Indian,Own,0.0,3,2,6200.0,20500.0,13100.0,18800.0,17900.0,No,0.0,788.0,729500.0,156100.0,Education EMI,92000.0,41,Eligible,10560.0
58.0,Male,Married,Professional,85400.0,Private,1.2,Large Indian,Rented,21100.0,2,1,14000.0,15900.0,7900.0,20100.0,11900.0,No,0.0,645.0,356200.0,72700.0,Home Appliances EMI,248000.0,20,Not_Eligible,500.0
38.0,Male,Married,Graduate,47700.0,Government,0.7,MNC,Family,0.0,4,3,6900.0,18500.0,6900.0,14000.0,3500.0,No,0.0,570.0,79900.0,41300.0,E-commerce Shopping EMI,68000.0,14,Not_Eligible,500.0
32.0,Male,Married,Post Graduate,147000.0,Private,0.9,MNC,Own,0.0,5,4,11300.0,14900.0,16100.0,39500.0,8700.0,No,0.0,765.0,887000.0,355900.0,Home Appliances EMI,172000.0,21,Eligible,29832.0
32.0,Male,Married,Professional,61300.0,Government,1.1,MNC,Rented,18900.0,3,2,0.0,0.0,7700.0,16400.0,7600.0,Yes,11200.0,601.0,450400.0,166300.0,Personal Loan EMI,727000.0,40,Not_Eligible,500.0
38.0,Male,Married,Graduate,83700.0,Private,10.2,Large Indian,Rented,26000.0,3,2,7200.0,13500.0,6700.0,20100.0,10100.0,No,0.0,758.0,180700.0,56000.0,Education EMI,387000.0,14,Not_Eligible,500.0
27.0,Male,Single,High School,21100.0,Self-employed,1.3,Mid-size,Rented,7300.0,1,0,0.0,0.0,1300.0,5700.0,1200.0,No,0.0,616.0,58600.0,21300.0,Vehicle EMI,217000.0,27,Not_Eligible,2016.0
32.0,Female,Married,Graduate,38400.0,Private,8.9,MNC,Rented,7700.0,2,1,9700.0,0.0,3800.0,10400.0,5300.0,No,0.0,664.0,154800.0,36000.0,E-commerce Shopping EMI,155000.0,15,Not_Eligible,750.0
38.0,Male,Married,Professional,149400.0,Self-employed,0.6,Mid-size,Family,0.0,4,3,0.0,0.0,7700.0,39800.0,28200.0,Yes,28600.0,592.0,117400.0,43400.0,Vehicle EMI,467000.0,66,Not_Eligible,9092.16
27.0,Female,Single,High School,66300.0,Government,0.5,Startup,Family,0.0,2,1,12700.0,21800.0,5700.0,15200.0,8700.0,Yes,11700.0,607.0,501300.0,267600.0,Home Appliances EMI,180000.0,30,Not_Eligible,500.0
38.0,Female,Married,Graduate,39600.0,Private,0.7,Startup,Own,0.0,5,4,6500.0,0.0,2700.0,8200.0,3300.0,No,0.0,705.0,146000.0,72600.0,Home Appliances EMI,209000.0,20,Not_Eligible,7560.0
38.0,Female,Married,Professional,137500.0,Private,1.0,Mid-size,Rented,39000.0,4,3,0.0,0.0,11900.0,26700.0,15500.0,Yes,38600.0,718.0,707000.0,349900.0,Home Appliances EMI,276000.0,19,Not_Eligible,2030.0
38.0,Female,Married,High School,20800.0,Self-employed,0.5,Startup,Rented,5700.0,3,2,5000.0,0.0,1400.0,5100.0,3300.0,Yes,6000.0,702.0,19200.0,4300.0,Vehicle EMI,1466000.0,84,Not_Eligible,500.0
48.0,Female,Married,Graduate,60500.0,Government,0.5,Startup,Family,0.0,2,1,9700.0,0.0,4100.0,11400.0,7900.0,No,0.0,801.0,427300.0,230700.0,E-commerce Shopping EMI,64000.0,9,Eligible,18084.0
32.0,Male,Married,High School,14400.0,Government,4.8,MNC,Own,0.0,5,4,15000.0,24700.0,1600.0,3500.0,2100.0,No,0.0,777.0,45900.0,19600.0,Personal Loan EMI,510000.0,59,Not_Eligible,500.0
58.0,Male,Married,High School,46200.0,Private,27.6,Startup,Own,0.0,4,3,4700.0,0.0,2400.0,8900.0,6600.0,No,0.0,790.0,352100.0,75500.0,Education EMI,69000.0,31,Eligible,15576.0
38.0,Male,Married,Professional,30000.0,Private,1.7,Large Indian,Own,,4,3,0.0,0.0,2500.0,6000.0,1700.0,Yes,3700.0,625.0,167300.0,40900.0,Home Appliances EMI,218000.0,34,Not_Eligible,4508.0
48.0,Male,Married,High School,56000.0,Private,2.0,MNC,Own,0.0,5,4,0.0,0.0,5700.0,8500.0,11200.0,No,0.0,694.0,173500.0,49800.0,E-commerce Shopping EMI,96000.0,13,Eligible,15300.0
27.0,Male,Single,Post Graduate,51600.0,Private,0.6,MNC,Family,0.0,2,1,5000.0,0.0,6300.0,9400.0,6900.0,No,0.0,603.0,324400.0,83200.0,Education EMI,107000.0,17,High_Risk,8448.0
38.0,Male,Married,Graduate,96800.0,Private,2.9,Small,Family,0.0,3,2,9600.0,0.0,8600.0,24900.0,5900.0,No,0.0,761.0,240400.0,94800.0,Vehicle EMI,1152000.0,67,Eligible,28680.0
58.0,Female,Married,Post Graduate,74900.0,Private,0.5,Mid-size,Own,0.0,3,2,0.0,0.0,7200.0,13700.0,4000.0,No,0.0,624.0,,18200.0,Personal Loan EMI,410000.0,20,Not_Eligible,12800.0
32.0,Female,Married,Graduate,39100.0,Government,7.0,Small,Rented,7500.0,4,3,0.0,0.0,2000.0,10700.0,4100.0,Yes,5000.0,551.0,191400.0,94500.0,Education EMI,98000.0,34,Not_Eligible,3018.4
32.0,Male,Single,Graduate,63300.0,Private,1.9,Startup,Rented,16700.0,2,1,0.0,0.0,6900.0,15900.0,6700.0,No,0.0,750.0,364800.0,112000.0,Home Appliances EMI,255000.0,15,Not_Eligible,10260.0
48.0,Male,Married,Professional,36500.0,Private,6.0,MNC,Own,0.0,3,2,4100.0,19900.0,3900.0,8700.0,6100.0,Yes,10800.0,611.0,290200.0,59300.0,Education EMI,126000.0,48,Not_Eligible,500.0
38.0,Female,Married,Professional,62700.0,Private,1.3,Mid-size,Own,0.0,4,3,10700.0,0.0,9000.0,11900.0,11900.0,No,0.0,692.0,466800.0,94500.0,E-commerce Shopping EMI,169000.0,22,High_Risk,10560.0
38.0,Female,Married,Graduate,58800.0,Private,7.1,Large Indian,Own,0.0,5,4,0.0,0.0,8700.0,15300.0,10600.0,No,0.0,807.0,64100.0,14700.0,Vehicle EMI,1071000.0,18,Not_Eligible,11616.0
27.0,Male,Married,Post Graduate,89800.0,Private,1.0,Large Indian,Own,0.0,2,1,0.0,0.0,11100.0,24600.0,6100.0,No,0.0,686.0,163200.0,39100.0,Personal Loan EMI,570000.0,37,Not_Eligible,19200.0
58.0,Female,Married,Graduate,60100.0,Self-employed,0.5,MNC,Rented,17200.0,4,3,0.0,5600.0,3900.0,14100.0,8900.0,Yes,10900.0,599.0,374700.0,96500.0,E-commerce Shopping EMI,169000.0,3,Not_Eligible,500.0
38.0,Male,Married,Graduate,92500.0,Government,6.0,Large Indian,Rented,27600.0,3,2,4000.0,0.0,5800.0,22900.0,15300.0,No,0.0,743.0,479000.0,150300.0,Home Appliances EMI,54000.0,6,Not_Eligible,9295.0
58.0,Male,Married,High School,42800.0,Private,36.0,Mid-size,Own,0.0,2,1,3500.0,0.0,3300.0,7500.0,8100.0,Yes,8800.0,815.0,279200.0,158000.0,Vehicle EMI,804000.0,77,Not_Eligible,5359.2
32.0,Male,Married,Graduate,29000.0,Self-employed,3.2,Small,Family,0.0,3,2,9800.0,6100.0,3500.0,6900.0,3700.0,No,0.0,625.0,144000.0,79000.0,Home Appliances EMI,210000.0,8,Not_Eligible,500.0
32.0,Female,Married,Professional,81300.0,Government,2.1,MNC,Rented,13000.0,4,3,0.0,20700.0,6300.0,13700.0,10900.0,Yes,22700.0,656.0,289300.0,158700.0,Vehicle EMI,672000.0,14,Not_Eligible,500.0
32.0,Male,Single,Professional,481484.0,Private,1.0,MNC,Own,0.0,2,1,11100.0,0.0,9400.0,15500.0,13100.0,Yes,13100.0,666.0,175800.0,88600.0,E-commerce Shopping EMI,55000.0,8,Not_Eligible,2695.0
48.0,Male,Single,Professional,67000.0,Self-employed,11.6,Startup,Rented,12000.0,2,1,6600.0,0.0,8100.0,13500.0,9100.0,Yes,18200.0,576.0,303100.0,121700.0,Home Appliances EMI,96000.0,11,Not_Eligible,500.0
32.0,Male,Married,Graduate,43000.0,Private,0.6,Large Indian,Own,0.0,3,2,0.0,0.0,3600.0,10400.0,4700.0,No,0.0,715.0,277300.0,73900.0,E-commerce Shopping EMI,109000.0,21,Eligible,10692.0
27.0,Female,Single,Post Graduate,77600.0,Private,2.6,Large Indian,Own,0.0,1,0,0.0,0.0,9700.0,22600.0,15400.0,Yes,20400.0,626.0,429000.0,241500.0,Education EMI,296000.0,42,Not_Eligible,2660.0
48.0,Male,Married,High School,29700.0,Private,18.3,MNC,Own,0.0,4,3,0.0,0.0,2800.0,8200.0,3200.0,No,0.0,606.0,120600.0,29800.0,Vehicle EMI,1197000.0,22,Not_Eligible,6200.0
48.0,Male,Single,Graduate,42300.0,Private,0.5,Startup,Family,0.0,1,0,0.0,0.0,5900.0,10500.0,2300.0,Yes,5400.0,671.0,120600.0,26000.0,E-commerce Shopping EMI,99000.0,23,High_Risk,5096.0
38.0,Female,Married,Professional,150600.0,Private,0.9,Startup,Rented,35400.0,4,3,0.0,9500.0,8800.0,42900.0,23100.0,No,0.0,657.0,493700.0,201200.0,E-commerce Shopping EMI,56000.0,21,Eligible,12360.0
58.0,Male,Married,Graduate,77700.0,Private,5.2,MNC,Own,0.0,2,1,0.0,0.0,10300.0,21000.0,12800.0,Yes,20800.0,617.0,69700.0,31000.0,Education EMI,160000.0,22,Not_Eligible,2867.2
32.0,Female,Married,Post Graduate,108200.0,Government,2.1,Mid-size,Rented,19700.0,4,3,0.0,0.0,6400.0,25300.0,11400.0,No,0.0,843.0,855900.0,342200.0,Personal Loan EMI,69000.0,36,Eligible,29964.0
38.0,Male,Married,Professional,22500.0,Private,1.2,MNC,Own,0.0,2,1,8200.0,0.0,2500.0,4300.0,2900.0,Yes,5200.0,665.0,126100.0,37900.0,Home Appliances EMI,252000.0,17,Not_Eligible,500.0
32.0,Female,Married,Graduate,40500.0,Private,1.4,Small,Own,0.0,4,3,12700.0,5900.0,3100.0,11000.0,4100.0,Yes,10800.0,618.0,252400.0,71700.0,Home Appliances EMI,126000.0,19,Not_Eligible,500.0
32.0,Female,Single,Post Graduate,113800.0,Private,0.5,MNC,Rented,30700.0,1,0,0.0,0.0,13700.0,32400.0,20800.0,Yes,32700.0,627.0,140200.0,59000.0,Personal Loan EMI,127000.0,54,Not_Eligible,500.0
38.0,Female,Married,High School,42200.0,Government,7.3,Large Indian,Own,0.0,3,2,0.0,0.0,4000.0,6900.0,3400.0,No,0.0,833.0,104100.0,48900.0,Home Appliances EMI,42000.0,20,Eligible,18414.0
32.0,Male,Single,Graduate,35400.0,Private,1.6,Startup,Own,0.0,2,1,2900.0,0.0,4900.0,9300.0,6600.0,No,0.0,745.0,146800.0,53600.0,Vehicle EMI,1447000.0,78,Not_Eligible,5850.0
38.0,Male,Married,Professional,88900.0,Private,8.5,MNC,Rented,15000.0,3,2,10200.0,20400.0,9100.0,24700.0,12400.0,No,0.0,756.0,73100.0,26900.0,Home Appliances EMI,199000.0,14,Not_Eligible,500.0
28.0,Male,Single,Post Graduate,21900.0,Private,1.5,Startup,Family,0.0,2,1,5800.0,0.0,2400.0,5100.0,1400.0,Yes,5800.0,628.0,152600.0,55400.0,Home Appliances EMI,82000.0,9,Not_Eligible,893.2
27.0,Male,Married,Post Graduate,63200.0,Government,0.5,Large Indian,Own,11935.0,3,2,0.0,6900.0,5400.0,9600.0,6300.0,No,0.0,640.0,318100.0,107200.0,E-commerce Shopping EMI,10000.0,7,Eligible,14000.0
32.0,Female,Single,Professional,72000.0,Government,2.0,Large Indian,Family,0.0,1,0,0.0,0.0,3900.0,15000.0,11400.0,Yes,18400.0,747.0,127600.0,52800.0,Vehicle EMI,868000.0,69,Not_Eligible,6524.0
32.0,Female,Single,Professional,405443.0,Private,5.8,Large Indian,Rented,15200.0,1,0,0.0,0.0,5200.0,18600.0,12600.0,Yes,20600.0,701.0,257900.0,141900.0,E-commerce Shopping EMI,80000.0,9,Not_Eligible,2765.0
32.0,Female,Single,Graduate,21100.0,Private,7.1,Mid-size,Rented,4200.0,2,1,13400.0,20200.0,1800.0,4700.0,1200.0,No,0.0,722.0,68700.0,16500.0,Personal Loan EMI,406000.0,39,Not_Eligible,500.0
27.0,Male,Single,Graduate,28400.0,Private,0.7,Mid-size,Own,0.0,1,0,0.0,0.0,3000.0,8200.0,5700.0,Yes,3100.0,740.0,162500.0,63300.0,Personal Loan EMI,200000.0,53,Not_Eligible,2352.0
32.0,Female,Married,Professional,41900.0,Self-employed,7.0,MNC,Rented,14700.0,5,4,4300.0,0.0,2900.0,6400.0,7000.0,Yes,5900.0,727.0,62600.0,35000.0,Vehicle EMI,180000.0,54,Not_Eligible,500.0
32.0,Male,Married,Post Graduate,53400.0,Private,9.7,Mid-size,Family,0.0,3,2,9800.0,0.0,3500.0,14800.0,4100.0,Yes,11000.0,770.0,107100.0,64000.0,Home Appliances EMI,292000.0,31,Not_Eligible,4284.0
27.0,Male,Married,Graduate,47300.0,Private,5.0,Large Indian,Rented,7200.0,4,3,0.0,19800.0,3500.0,13400.0,7300.0,Yes,5300.0,741.0,197300.0,51900.0,E-commerce Shopping EMI,183000.0,22,Not_Eligible,500.0
38.0,Male,Married,Graduate,36900.0,Private,8.5,MNC,Rented,9100.0,5,4,7600.0,13600.0,5100.0,7700.0,4200.0,Yes,7000.0,822.0,240500.0,67500.0,Education EMI,260000.0,47,Not_Eligible,500.0
27.0,Male,Single,High School,66600.0,Private,0.5,Startup,Rented,11700.0,1,0,0.0,0.0,5100.0,13600.0,12300.0,No,0.0,686.0,244800.0,76300.0,Personal Loan EMI,962000.0,45,Not_Eligible,9560.0
38.0,Male,Single,Post Graduate,79400.0,Private,2.3,Large Indian,Own,0.0,1,0,0.0,0.0,6100.0,19000.0,10700.0,Yes,16600.0,611.0,130800.0,73500.0,Personal Loan EMI,572000.0,21,Not_Eligible,6048.0
32.0,Female,Single,Post Graduate,101500.0,Self-employed,3.0,Large Indian,Rented,18000.0,1,0,0.0,0.0,14300.0,24000.0,9100.0,No,0.0,838.0,763600.0,209500.0,Home Appliances EMI,98000.0,7,Eligible,21443.4
32.0,Female,Married,Graduate,34900.0,Private,10.0,Mid-size,Family,0.0,5,4,7200.0,0.0,2000.0,10200.0,6900.0,Yes,8900.0,692.0,258200.0,137300.0,Home Appliances EMI,74000.0,31,Not_Eligible,500.0
58.0,Male,Married,Post Graduate,44000.0,Private,27.9,Large Indian,Rented,15200.0,2,1,2600.0,0.0,5500.0,8200.0,7900.0,No,0.0,719.0,197600.0,53000.0,Home Appliances EMI,70000.0,17,Not_Eligible,2300.0
32.0,Female,Married,Post Graduate,62200.0,Private,5.9,MNC,Rented,15000.0,2,1,0.0,0.0,8800.0,16200.0,6300.0,No,0.0,653.0,69700.0,40000.0,Home Appliances EMI,90000.0,19,High_Risk,6360.0
48.0,Female,Married,Professional,11233.0,Self-employed,5.5,Startup,Own,0.0,3,2,0.0,24400.0,6200.0,13200.0,8400.0,Yes,20200.0,673.0,389000.0,136600.0,Home Appliances EMI,55000.0,33,Not_Eligible,1795.5
38.0,Male,Married,Graduate,32900.0,Private,1.0,MNC,Family,0.0,4,3,12100.0,0.0,1900.0,7400.0,2800.0,No,0.0,671.0,150200.0,88800.0,Education EMI,152000.0,35,Not_Eligible,4350.0
48.0,Male,Married,Professional,59600.0,Government,0.5,Large Indian,Rented,19200.0,3,2,0.0,25000.0,3600.0,10200.0,4700.0,No,0.0,739.0,111000.0,33100.0,E-commerce Shopping EMI,80000.0,17,Not_Eligible,500.0
32.0,Female,Married,Professional,53800.0,Government,5.7,Large Indian,Own,0.0,4,3,7600.0,0.0,6800.0,12000.0,10700.0,No,0.0,798.0,293200.0,127800.0,Education EMI,56000.0,32,Eligible,11022.0
32.0,Female,Married,High School,51500.0,Private,2.4,Large Indian,Rented,10900.0,2,1,0.0,0.0,2700.0,14500.0,5900.0,No,0.0,629.0,72200.0,32300.0,Home Appliances EMI,294000.0,11,Not_Eligible,5600.0
38.0,Female,Single,Graduate,97000.0,Government,4.2,Small,Rented,24700.0,1,0,0.0,0.0,6500.0,28300.0,13900.0,Yes,22400.0,786.0,599900.0,302200.0,Education EMI,414000.0,45,Not_Eligible,609.84
32.0,Female,Married,Graduate,82900.0,Government,0.5,Mid-size,Rented,18900.0,3,2,11400.0,0.0,7200.0,15600.0,10600.0,No,0.0,715.0,306400.0,72600.0,Personal Loan EMI,591000.0,58,Not_Eligible,9600.0
27.0,Female,Married,Professional,45400.0,Private,1.4,Large Indian,Own,0.0,3,2,0.0,23900.0,4200.0,12000.0,3600.0,No,0.0,699.0,269700.0,59500.0,Education EMI,437000.0,37,Not_Eligible,850.0
32.0,Male,Married,High School,30600.0,Private,0.7,Mid-size,Own,0.0,3,2,0.0,0.0,2100.0,7800.0,2800.0,No,0.0,680.0,109500.0,53100.0,Personal Loan EMI,146000.0,54,Eligible,7160.0
38.0,Male,Married,Professional,45900.0,Private,3.4,Mid-size,Own,0.0,4,3,0.0,0.0,5700.0,11200.0,5900.0,Yes,4700.0,657.0,192600.0,50300.0,Vehicle EMI,497000.0,48,Not_Eligible,6440.0
48.0,Female,Married,Professional,64300.0,Self-employed,8.2,MNC,Own,0.0,4,3,7700.0,10000.0,3700.0,17900.0,6100.0,No,0.0,755.0,355700.0,193800.0,E-commerce Shopping EMI,118000.0,10,Not_Eligible,10206.0
32.0,Male,Single,Post Graduate,51300.0,Private,0.5,Large Indian,Family,0.0,1,0,0.0,0.0,6200.0,9800.0,5200.0,Yes,10000.0,636.0,398900.0,128300.0,Personal Loan EMI,514000.0,57,Not_Eligible,4952.64
48.0,Female,Single,Graduate,47300.0,Self-employed,22.2,Large Indian,Own,0.0,3,2,0.0,23200.0,6500.0,13300.0,5200.0,Yes,4900.0,547.0,365200.0,152800.0,Education EMI,151000.0,40,Not_Eligible,500.0
48.0,Male,Married,Graduate,54300.0,Government,9.5,MNC,Family,0.0,4,3,9100.0,13700.0,7600.0,15300.0,10200.0,No,0.0,735.0,122000.0,30100.0,Vehicle EMI,274000.0,48,Not_Eligible,500.0
38.0,Male,Married,Post Graduate,21200.0,Private,13.3,Mid-size,Own,0.0,4,3,0.0,19200.0,3100.0,5300.0,2600.0,No,0.0,748.0,15600.0,5200.0,Personal Loan EMI,445000.0,50,Not_Eligible,500.0
58.0,Female,Married,High School,40900.0,Private,36.0,Startup,Rented,9100.0,4,3,13100.0,0.0,2100.0,6700.0,6000.0,No,0.0,686.0,88700.0,41900.0,E-commerce Shopping EMI,176000.0,3,Not_Eligible,1950.0
32.0,Female,Married,High School,33200.0,Private,1.9,Mid-size,Own,0.0,4,3,0.0,0.0,4600.0,9000.0,5300.0,No,0.0,584.0,97500.0,54300.0,Vehicle EMI,1324000.0,48,Not_Eligible,5720.0
27.0,Male,Single,Post Graduate,88200.0,Private,3.0,Large Indian,Family,0.0,3,2,0.0,8500.0,12600.0,18600.0,10100.0,No,0.0,781.0,315100.0,137200.0,Personal Loan EMI,66000.0,32,Eligible,23040.0
32.0,Female,Married,Post Graduate,48800.0,Private,5.1,Large Indian,Own,0.0,5,4,4200.0,0.0,6200.0,14300.0,3700.0,No,0.0,748.0,82400.0,40200.0,Home Appliances EMI,43000.0,30,Eligible,8160.0
38.0,Male,Married,Graduate,64400.0,Government,2.5,Large Indian,Rented,21100.0,5,4,11800.0,19900.0,3400.0,12500.0,9700.0,No,0.0,705.0,342400.0,183700.0,Home Appliances EMI,166000.0,35,Not_Eligible,500.0
38.0,Male,Married,Graduate,68700.0,Private,1.7,Large Indian,Rented,13600.0,4,3,12100.0,16200.0,7300.0,10300.0,7000.0,Yes,14700.0,616.0,506100.0,129400.0,Personal Loan EMI,746000.0,44,Not_Eligible,500.0
48.0,Male,Married,High School,25300.0,Private,0.5,MNC,Family,0.0,3,2,3100.0,0.0,3300.0,5600.0,1500.0,Yes,5400.0,622.0,118400.0,68400.0,Vehicle EMI,977000.0,31,Not_Eligible,1433.6
58.0,Male,Married,Graduate,15000.0,Government,3.4,Large Indian,Rented,3300.0,2,1,0.0,5800.0,800.0,4300.0,1100.0,Yes,3300.0,696.0,70500.0,37000.0,Vehicle EMI,650000.0,69,Not_Eligible,500.0
48.0,Female,Married,Post Graduate,64800.0,Private,2.2,Mid-size,Family,0.0,3,2,5400.0,6800.0,4800.0,15000.0,10800.0,Yes,18500.0,703.0,423200.0,183900.0,Education EMI,287000.0,17,Not_Eligible,1347.5
38.0,Male,Married,Graduate,83800.0,Private,6.1,Startup,Own,0.0,3,2,5000.0,0.0,7200.0,24200.0,10700.0,Yes,24400.0,711.0,592900.0,248700.0,E-commerce Shopping EMI,149000.0,22,Not_Eligible,4735.5
32.0,Female,Married,Graduate,98400.0,Self-employed,10.0,Large Indian,Own,0.0,4,3,6500.0,0.0,12300.0,25500.0,7700.0,No,0.0,767.0,714900.0,159500.0,Education EMI,373000.0,10,Not_Eligible,27561.6
38.0,Female,Married,Graduate,52900.0,Private,2.3,Large Indian,Rented,9700.0,2,1,0.0,24500.0,2700.0,14100.0,3600.0,No,0.0,667.0,119100.0,44800.0,Education EMI,239000.0,18,Not_Eligible,500.0
48.0,Male,Single,Graduate,18000.0,Self-employed,26.0,MNC,Rented,3100.0,1,0,0.0,0.0,1200.0,3500.0,2900.0,Yes,2300.0,596.0,47400.0,26500.0,E-commerce Shopping EMI,55000.0,6,Not_Eligible,1260.0
38.0,Male,Married,Graduate,63000.0,Private,9.0,MNC,Own,0.0,3,2,9400.0,0.0,6500.0,12400.0,6000.0,No,0.0,648.0,84900.0,30900.0,E-commerce Shopping EMI,144000.0,12,Not_Eligible,9184.0
38.0,Male,Married,High School,17900.0,Self-employed,6.0,Large Indian,Own,0.0,4,3,13500.0,0.0,1200.0,4800.0,900.0,No,0.0,707.0,68700.0,20600.0,Vehicle EMI,425000.0,51,Not_Eligible,500.0
38.0,Female,Married,Post Graduate,53500.0,Private,1.8,Small,Family,0.0,2,1,0.0,24000.0,7800.0,11200.0,4100.0,Yes,7100.0,617.0,422700.0,121800.0,Vehicle EMI,607000.0,71,Not_Eligible,500.0
58.0,Female,Single,High School,42700.0,Private,2.0,MNC,Family,0.0,1,0,0.0,0.0,2200.0,7100.0,4400.0,No,0.0,737.0,184400.0,82100.0,Vehicle EMI,484000.0,17,Not_Eligible,14500.0
27.0,Male,Single,Graduate,83900.0,Private,1.4,Large Indian,Own,0.0,3,2,0.0,13400.0,6500.0,13300.0,8500.0,No,0.0,0.0,310000.0,109100.0,Home Appliances EMI,234000.0,12,High_Risk,25320.0
27.0,Male,Single,High School,20500.0,Private,5.0,Startup,Own,0.0,1,0,0.0,0.0,3100.0,4200.0,2500.0,Yes,2500.0,721.0,40200.0,16400.0,Education EMI,456000.0,43,Not_Eligible,2296.0
48.0,Male,Married,Graduate,59300.0,Government,1.7,Large Indian,Rented,10300.0,5,4,4300.0,0.0,7600.0,14000.0,10300.0,No,0.0,756.0,394300.0,230800.0,Education EMI,165000.0,46,Eligible,8448.0
48.0,Male,Married,Graduate,45700.0,Private,2.3,Startup,Family,0.0,2,1,0.0,0.0,4500.0,9100.0,4400.0,No,0.0,757.0,176100.0,44800.0,Education EMI,94000.0,40,Eligible,16620.0
32.0,Male,Single,Graduate,25800.0,Private,0.5,Mid-size,Own,0.0,2,1,9500.0,0.0,2700.0,6500.0,2800.0,No,0.0,728.0,30400.0,8800.0,Education EMI,341000.0,40,Not_Eligible,1376.0
32.0,Female,Married,Graduate,73800.0,Self-employed,5.4,Mid-size,Own,0.0,2,1,8900.0,15800.0,5900.0,12100.0,12400.0,No,0.0,555.0,432600.0,153300.0,E-commerce Shopping EMI,70000.0,3,Not_Eligible,6732.0
32.0,Male,Married,Post Graduate,79200.0,Private,0.8,MNC,Rented,12300.0,5,4,10100.0,6000.0,6700.0,21700.0,7700.0,No,0.0,795.0,85300.0,22000.0,Personal Loan EMI,565000.0,54,Not_Eligible,5644.8
48.0,Female,Married,Post Graduate,59800.0,Private,2.5,Mid-size,Family,0.0,4,3,0.0,0.0,5500.0,16000.0,7500.0,No,0.0,757.0,51200.0,29600.0,E-commerce Shopping EMI,160000.0,17,Eligible,14784.0
38.0,Female,Married,Post Graduate,45100.0,Private,2.5,Small,Family,0.0,2,1,8800.0,0.0,3200.0,10100.0,5600.0,No,0.0,584.0,216700.0,128800.0,Education EMI,378000.0,6,Not_Eligible,6960.0
48.0,Female,Married,Graduate,56200.0,Government,6.8,Large Indian,Own,0.0,4,3,7600.0,21200.0,2900.0,9800.0,5400.0,Yes,6000.0,748.0,91800.0,41600.0,Personal Loan EMI,845000.0,54,Not_Eligible,1016.4
32.0,Male,Married,Graduate,48200.0,Private,5.8,Large Indian,Own,0.0,3,2,9900.0,0.0,6500.0,12500.0,7200.0,Yes,5900.0,703.0,330900.0,94600.0,Home Appliances EMI,211000.0,32,Not_Eligible,2387.0
38.0,Male,Married,Graduate,62700.0,Private,0.5,Mid-size,Family,0.0,4,3,4400.0,0.0,7900.0,18200.0,9800.0,No,0.0,684.0,326800.0,195600.0,Personal Loan EMI,995000.0,57,Not_Eligible,8960.0
27.0,Male,Single,Graduate,56500.0,Private,1.2,MNC,Own,0.0,1,0,0.0,0.0,3900.0,9700.0,6100.0,No,0.0,806.0,450700.0,248300.0,Home Appliances EMI,165000.0,14,Eligible,24288.0
38.0,Male,Married,Post Graduate,71400.0,Private,1.1,Mid-size,Rented,14000.0,4,3,12000.0,9600.0,8200.0,17800.0,12200.0,Yes,11500.0,671.0,440000.0,237800.0,Home Appliances EMI,277000.0,10,Not_Eligible,500.0
38.0,Female,Single,Graduate,48900.0,Private,16.0,Large Indian,Family,0.0,3,2,2800.0,0.0,2800.0,8900.0,8900.0,Yes,5800.0,692.0,169900.0,52400.0,Education EMI,52000.0,24,Eligible,6895.0
32.0,Female,Married,High School,14400.0,Private,0.6,Small,Family,0.0,5,4,0.0,0.0,2000.0,3100.0,1800.0,No,0.0,582.0,100400.0,21200.0,Personal Loan EMI,519000.0,59,Not_Eligible,2640.0
32.0,Male,Married,Post Graduate,70400.0,Government,0.9,Large Indian,Own,0.0,5,4,0.0,12100.0,5100.0,13100.0,7100.0,No,0.0,730.0,248500.0,81200.0,Vehicle EMI,1160000.0,41,Not_Eligible,16500.0
32.0,Male,Married,Graduate,47400.0,Government,1.1,Mid-size,Own,0.0,3,2,8100.0,0.0,4100.0,9800.0,4400.0,No,0.0,748.0,295800.0,122600.0,Education EMI,294000.0,27,Not_Eligible,11550.0
38.0,Female,Single,Graduate,91300.0,Government,7.9,Mid-size,Rented,15300.0,3,2,10900.0,0.0,8800.0,20500.0,11000.0,No,0.0,784.0,446100.0,145900.0,Vehicle EMI,557000.0,24,Not_Eligible,16368.0
38.0,Male,Married,Professional,8276.0,Government,0.5,MNC,Rented,29100.0,2,1,9700.0,0.0,6800.0,25100.0,17000.0,No,0.0,727.0,435400.0,227800.0,E-commerce Shopping EMI,145000.0,13,Not_Eligible,500.0
32.0,Male,Married,Graduate,33000.0,Private,2.3,Large Indian,Family,0.0,2,1,0.0,0.0,4800.0,7000.0,6000.0,No,0.0,729.0,191400.0,106100.0,E-commerce Shopping EMI,86000.0,4,Not_Eligible,7600.0
32.0,Male,Married,Professional,76900.0,Private,1.6,Startup,Own,0.0,3,2,12000.0,0.0,7300.0,21600.0,7700.0,Yes,20600.0,657.0,53900.0,26000.0,E-commerce Shopping EMI,114000.0,24,Not_Eligible,2156.0
48.0,Male,Married,Graduate,18000.0,Private,7.3,Large Indian,Own,0.0,2,1,0.0,0.0,2100.0,4500.0,2100.0,Yes,3400.0,642.0,10100.0,5200.0,Home Appliances EMI,290000.0,36,Not_Eligible,1321.6
38.0,Female,Married,Post Graduate,89500.0,Private,13.0,Large Indian,Family,0.0,3,2,5800.0,0.0,4900.0,17000.0,14400.0,No,0.0,729.0,146200.0,29400.0,Education EMI,429000.0,23,Not_Eligible,18960.0
32.0,Male,Married,Post Graduate,101500.0,Self-employed,4.8,Large Indian,Own,0.0,2,1,0.0,13500.0,15100.0,20100.0,9200.0,No,0.0,789.0,405300.0,162300.0,Home Appliances EMI,144000.0,6,Not_Eligible,23544.0
38.0,Female,Single,Graduate,30300.0,Private,1.9,Large Indian,Rented,7800.0,1,0,0.0,0.0,3500.0,8100.0,2000.0,No,0.0,633.0,125800.0,63300.0,Home Appliances EMI,66000.0,33,Eligible,3560.0
48.0,Female,Married,Post Graduate,26000.0,Private,3.0,Startup,Rented,8200.0,2,1,13100.0,0.0,3600.0,7100.0,5100.0,No,0.0,760.0,153000.0,78500.0,Home Appliances EMI,125000.0,9,Not_Eligible,500.0
48.0,Male,Married,Graduate,42900.0,Private,2.3,MNC,Rented,14600.0,2,1,0.0,0.0,5500.0,12100.0,2600.0,Yes,10600.0,664.0,327700.0,182400.0,Home Appliances EMI,240000.0,31,Not_Eligible,500.0
58.0,Male,Married,High School,21900.0,Private,7.0,Large Indian,Own,0.0,3,2,0.0,0.0,2100.0,3400.0,2600.0,No,0.0,679.0,36400.0,16700.0,Home Appliances EMI,217000.0,19,Not_Eligible,5520.0
32.0,Male,Single,High School,44100.0,Private,2.3,Small,Family,0.0,2,1,0.0,0.0,4300.0,12500.0,4200.0,No,0.0,596.0,192400.0,105600.0,Education EMI,424000.0,23,Not_Eligible,9240.0
38.0,Male,Married,Graduate,41700.0,Private,9.6,Large Indian,Own,0.0,4,3,0.0,0.0,3100.0,9000.0,3700.0,No,0.0,672.0,64500.0,16300.0,Education EMI,317000.0,19,Not_Eligible,10360.0
38.0,Female,Married,High School,58600.0,Private,4.3,Mid-size,Own,0.0,4,3,0.0,0.0,7200.0,13600.0,8800.0,Yes,10200.0,534.0,212800.0,90200.0,Education EMI,458000.0,17,Not_Eligible,3290.0
32.0,Male,Married,Post Graduate,26000.0,Government,8.0,Startup,Family,0.0,3,2,13300.0,21500.0,2900.0,4400.0,3100.0,No,0.0,803.0,40000.0,20500.0,Vehicle EMI,739000.0,29,Not_Eligible,500.0
48.0,Male,Married,Graduate,95300.0,Self-employed,6.6,Mid-size,Family,0.0,4,3,9600.0,0.0,7600.0,24100.0,17800.0,Yes,13900.0,627.0,693800.0,402700.0,Vehicle EMI,513000.0,69,Not_Eligible,6181.56
38.0,Male,Married,Post Graduate,47100.0,Private,8.1,MNC,Rented,12400.0,2,1,13100.0,0.0,5100.0,13500.0,6200.0,No,0.0,604.0,115900.0,52700.0,Home Appliances EMI,288000.0,17,Not_Eligible,500.0
48.0,Female,Single,Graduate,52300.0,Private,13.6,MNC,Family,0.0,2,1,0.0,0.0,3500.0,11800.0,10000.0,No,0.0,621.0,177000.0,66100.0,Home Appliances EMI,273000.0,29,Not_Eligible,10800.0
32.0,Male,Married,Professional,100700.0,Private,1.5,Large Indian,Own,0.0,3,2,0.0,0.0,13000.0,27700.0,11600.0,Yes,11800.0,731.0,224200.0,91500.0,Personal Loan EMI,112000.0,26,Eligible,12810.0
38.0,Female,Married,Post Graduate,41700.0,Private,5.4,Startup,Rented,6300.0,3,2,10800.0,5600.0,3900.0,9000.0,5200.0,No,0.0,635.0,249100.0,124600.0,Education EMI,62000.0,12,Not_Eligible,500.0
38.0,Female,Married,Graduate,40700.0,Private,0.5,Startup,Own,0.0,3,2,14300.0,0.0,5400.0,11000.0,3700.0,Yes,11200.0,716.0,55300.0,26500.0,Education EMI,405000.0,31,Not_Eligible,500.0
38.0,Female,Married,Graduate,62200.0,Government,2.6,Startup,Rented,12500.0,2,1,13400.0,0.0,4600.0,12800.0,11900.0,No,0.0,782.0,452900.0,214900.0,Vehicle EMI,518000.0,29,Not_Eligible,4620.0
48.0,Male,Married,Graduate,47500.0,Private,14.1,Startup,Family,0.0,2,1,0.0,0.0,3900.0,10300.0,3400.0,No,0.0,691.0,164900.0,48600.0,E-commerce Shopping EMI,114000.0,16,Eligible,14950.0
48.0,Male,Married,Graduate,49400.0,Private,8.8,Mid-size,Own,0.0,3,2,10200.0,13800.0,6200.0,13400.0,7800.0,Yes,9500.0,624.0,70800.0,23900.0,Home Appliances EMI,249000.0,23,Not_Eligible,500.0
27.0,Female,Single,High School,26600.0,Private,1.8,Large Indian,Family,0.0,2,1,7300.0,15000.0,1500.0,4700.0,4400.0,No,0.0,771.0,180100.0,87000.0,Personal Loan EMI,736000.0,47,Not_Eligible,500.0
38.0,Male,Married,Post Graduate,50200.0,Government,2.9,Large Indian,Family,0.0,5,4,2100.0,0.0,3900.0,11300.0,2700.0,No,0.0,761.0,304900.0,153800.0,E-commerce Shopping EMI,169000.0,24,Eligible,19932.0
38.0,Male,Married,High School,46400.0,Government,3.1,MNC,Own,0.0,3,2,0.0,0.0,6900.0,12400.0,7100.0,No,0.0,787.0,,180000.0,Home Appliances EMI,81000.0,21,Eligible,14520.0
32.0,Male,Married,Post Graduate,121200.0,Private,4.6,Large Indian,Rented,21800.0,3,2,11500.0,11900.0,8200.0,32500.0,14300.0,Yes,17200.0,683.0,317100.0,151800.0,Personal Loan EMI,943000.0,17,Not_Eligible,1330.0
32.0,Female,Married,High School,39900.0,Private,2.2,MNC,Family,0.0,5,4,4100.0,0.0,2200.0,8500.0,6200.0,No,0.0,718.0,113500.0,67400.0,E-commerce Shopping EMI,74000.0,23,Eligible,9450.0
38.0,Female,Single,Graduate,52500.0,Private,1.9,MNC,Rented,11200.0,2,1,0.0,0.0,7800.0,8800.0,4400.0,Yes,14400.0,713.0,165600.0,53500.0,E-commerce Shopping EMI,105000.0,19,Not_Eligible,2065.0
48.0,Female,Married,Professional,99000.0,Self-employed,15.7,Large Indian,Own,0.0,3,2,0.0,0.0,11200.0,20400.0,7600.0,No,0.0,699.0,459200.0,269800.0,E-commerce Shopping EMI,179000.0,4,Not_Eligible,26910.0
38.0,Female,Married,Graduate,36100.0,Private,2.8,Large Indian,Family,0.0,3,2,7200.0,0.0,3300.0,6800.0,2200.0,Yes,9100.0,674.0,88100.0,25400.0,Home Appliances EMI,244000.0,27,Not_Eligible,2625.0
38.0,Female,Single,Professional,78100.0,Private,7.9,MNC,Rented,12600.0,1,0,0.0,0.0,11200.0,18900.0,8300.0,Yes,17000.0,630.0,332700.0,111700.0,Home Appliances EMI,66000.0,20,Not_Eligible,2828.0
38.0,Female,Married,High School,30200.0,Private,5.7,Large Indian,Family,0.0,2,1,0.0,0.0,4000.0,7700.0,4100.0,No,0.0,845.0,49800.0,29100.0,Vehicle EMI,1144000.0,26,Not_Eligible,6912.0
38.0,Male,Married,Graduate,71100.0,Government,0.7,Small,Family,0.0,4,3,4200.0,0.0,10200.0,20000.0,9400.0,No,0.0,775.0,83000.0,24300.0,Home Appliances EMI,191000.0,27,Eligible,13104.0
38.0,Male,Married,High School,29100.0,Private,2.3,Mid-size,Own,0.0,3,2,0.0,0.0,2500.0,8700.0,5700.0,No,0.0,626.0,176600.0,92400.0,Personal Loan EMI,536000.0,32,Not_Eligible,5368.0
38.0,Female,Married,Post Graduate,112300.0,Private,2.3,Large Indian,Own,0.0,4,3,0.0,0.0,5800.0,24300.0,12700.0,No,0.0,583.0,485600.0,212500.0,E-commerce Shopping EMI,189000.0,13,Eligible,27800.0
32.0,Female,Married,Graduate,49400.0,Private,0.5,Mid-size,Own,0.0,4,3,8000.0,0.0,5200.0,12000.0,3600.0,No,0.0,750.0,167500.0,57600.0,Home Appliances EMI,31000.0,25,Eligible,9888.0
48.0,Female,Married,Graduate,87100.0,Private,2.9,MNC,Family,0.0,4,3,13600.0,0.0,4500.0,25900.0,15200.0,Yes,13700.0,692.0,596100.0,195300.0,Personal Loan EMI,127000.0,50,Eligible,5467.0
32.0,Male,Single,Graduate,29100.0,Government,6.6,Mid-size,Rented,9300.0,2,1,10600.0,0.0,2500.0,6500.0,2000.0,No,0.0,757.0,34700.0,15300.0,Personal Loan EMI,347000.0,29,Not_Eligible,500.0
38.0,Male,Married,High School,64900.0,Private,0.7,Mid-size,Own,0.0,2,1,0.0,0.0,7100.0,17100.0,7800.0,No,0.0,691.0,203200.0,68800.0,Education EMI,52000.0,19,Eligible,13160.0
38.0,Male,Married,High School,14400.0,Private,0.5,Startup,Family,0.0,4,3,6300.0,0.0,1900.0,2900.0,2800.0,No,0.0,682.0,33100.0,13300.0,E-commerce Shopping EMI,71000.0,3,Not_Eligible,500.0
38.0,Female,Married,Graduate,70200.0,Private,10.3,Large Indian,Family,0.0,3,2,9200.0,0.0,4500.0,13800.0,11900.0,No,0.0,611.0,490500.0,153300.0,Education EMI,353000.0,35,High_Risk,13552.0
48.0,Male,Married,Professional,34200.0,Government,5.0,Startup,Own,0.0,4,3,3700.0,6500.0,1900.0,10200.0,6000.0,Yes,4200.0,668.0,214200.0,47800.0,Home Appliances EMI,69000.0,22,Not_Eligible,719.95
32.0,Male,Married,Graduate,47600.0,Government,8.1,Large Indian,Own,0.0,2,1,6500.0,22900.0,6500.0,11400.0,3400.0,No,0.0,827.0,253800.0,108200.0,Education EMI,375000.0,8,Not_Eligible,500.0
38.0,Male,Married,High School,54500.0,Self-employed,1.7,Mid-size,Family,0.0,4,3,6700.0,0.0,4700.0,12700.0,5000.0,Yes,14800.0,566.0,194300.0,64700.0,Home Appliances EMI,241000.0,30,Not_Eligible,2671.2
38.0,Female,Married,Graduate,74500.0,Private,3.8,MNC,Own,0.0,3,2,15000.0,0.0,5400.0,17000.0,9400.0,No,0.0,759.0,571000.0,155400.0,E-commerce Shopping EMI,173000.0,20,Eligible,18282.0
38.0,Female,Married,Graduate,35500.0,Private,2.3,Small,Family,0.0,4,3,9600.0,0.0,3000.0,9800.0,5700.0,Yes,10500.0,701.0,185200.0,79900.0,Education EMI,413000.0,47,Not_Eligible,500.0
48.0,Male,Married,High School,21700.0,Private,11.2,Mid-size,Rented,6000.0,4,3,6600.0,0.0,1200.0,6300.0,2100.0,No,0.0,787.0,35800.0,10900.0,Personal Loan EMI,904000.0,57,Not_Eligible,500.0
27.0,Male,Married,Graduate,63800.0,Private,0.5,Large Indian,Family,0.0,3,2,13300.0,0.0,7900.0,15100.0,12100.0,No,0.0,709.0,293000.0,169800.0,Home Appliances EMI,63000.0,30,Eligible,6160.0
38.0,Female,Married,Graduate,48600.0,Private,2.0,MNC,Rented,7300.0,3,2,6300.0,0.0,3300.0,8900.0,9100.0,No,0.0,703.0,314400.0,119100.0,Personal Loan EMI,306000.0,48,Not_Eligible,7535.0
32.0,Male,Married,High School,21100.0,Private,2.0,Large Indian,Family,0.0,4,3,13400.0,16000.0,1400.0,4900.0,2700.0,Yes,6100.0,722.0,79900.0,32200.0,Personal Loan EMI,506000.0,15,Not_Eligible,500.0
32.0,Female,Married,Professional,102000.0,Self-employed,2.8,Mid-size,Rented,23300.0,3,2,4600.0,17400.0,5600.0,17000.0,9100.0,No,0.0,725.0,516100.0,193500.0,Home Appliances EMI,282000.0,12,Not_Eligible,11250.0
48.0,Male,Married,Post Graduate,60300.0,Private,4.1,Mid-size,Own,0.0,3,2,4700.0,20800.0,7600.0,11400.0,10700.0,No,0.0,653.0,93300.0,48000.0,Personal Loan EMI,308000.0,13,Not_Eligible,2040.0
48.0,Female,Married,Post Graduate,45100.0,Government,3.7,Startup,Rented,11900.0,3,2,5300.0,0.0,5500.0,9000.0,3200.0,Yes,11700.0,715.0,135600.0,58600.0,Home Appliances EMI,116000.0,35,Not_Eligible,500.0
27.0,Male,Married,Graduate,60200.0,Self-employed,4.7,Small,Own,0.0,2,1,5200.0,0.0,3100.0,16600.0,11400.0,Yes,13600.0,584.0,93400.0,49000.0,Home Appliances EMI,171000.0,36,Not_Eligible,2076.48
39.0,Male,Married,Professional,85567.0,Government,7.8,Startup,Family,0.0,5,4,11100.0,24800.0,5200.0,15900.0,10900.0,No,0.0,721.0,240200.0,126700.0,Education EMI,101000.0,34,Eligible,9735.0
48.0,Male,Married,Graduate,39300.0,Private,6.2,Mid-size,Family,0.0,5,4,0.0,0.0,5100.0,6200.0,6300.0,Yes,5400.0,672.0,90300.0,25000.0,Vehicle EMI,666000.0,13,Not_Eligible,5705.0
38.0,Male,Married,Professional,69300.0,Government,1.0,Mid-size,Family,0.0,2,1,4400.0,0.0,5700.0,12700.0,11600.0,Yes,10400.0,655.0,444800.0,158900.0,E-commerce Shopping EMI,107000.0,12,Not_Eligible,9432.5
58.0,Female,Married,Post Graduate,148300.0,Private,18.7,Large Indian,Own,0.0,4,3,7900.0,9400.0,18900.0,34600.0,21800.0,No,0.0,738.0,788400.0,434900.0,Education EMI,336000.0,6,Not_Eligible,27850.0
27.0,Male,Single,Graduate,85000.0,Government,0.8,Mid-size,Rented,13900.0,2,1,9900.0,15400.0,10500.0,15200.0,16300.0,No,0.0,850.0,674500.0,373500.0,Home Appliances EMI,35000.0,16,High_Risk,2508.0
48.0,Male,Married,Professional,35600.0,Government,5.2,MNC,Family,0.0,4,3,0.0,0.0,2900.0,6400.0,4800.0,No,0.0,802.0,234400.0,107500.0,Personal Loan EMI,436000.0,26,Not_Eligible,15609.0
32.0,Male,Single,Graduate,39400.0,Private,0.5,MNC,Rented,12000.0,1,0,0.0,0.0,4400.0,9100.0,6400.0,No,0.0,781.0,227200.0,71400.0,Vehicle EMI,1169000.0,30,Not_Eligible,3600.0
27.0,Female,Single,Graduate,49500.0,Private,0.5,MNC,Rented,15500.0,1,0,0.0,0.0,5300.0,12300.0,4800.0,No,0.0,632.0,96400.0,21600.0,Home Appliances EMI,106000.0,19,Not_Eligible,2969.6
32.0,Male,Married,Post Graduate,109500.0,Private,4.6,Mid-size,Rented,28700.0,4,3,13500.0,13600.0,9100.0,19700.0,8400.0,Yes,29800.0,750.0,586100.0,312100.0,Home Appliances EMI,233000.0,10,Not_Eligible,500.0
32.0,Female,Single,Graduate,19400.0,Private,2.0,Startup,Rented,6400.0,1,0,0.0,0.0,2000.0,5300.0,1500.0,Yes,2000.0,687.0,131100.0,54200.0,E-commerce Shopping EMI,47000.0,16,Not_Eligible,847.0
32.0,Female,Married,Post Graduate,59400.0,Government,10.0,Startup,Own,0.0,2,1,2100.0,0.0,3200.0,10700.0,10400.0,Yes,8900.0,712.0,336400.0,68300.0,Education EMI,447000.0,15,Not_Eligible,9278.5
38.0,Female,Married,Professional,27000.0,Government,4.2,MNC,Own,0.0,2,1,0.0,0.0,3100.0,5700.0,2600.0,Yes,6500.0,663.0,,21800.0,Vehicle EMI,870000.0,32,Not_Eligible,2802.8
27.0,Female,Single,High School,46300.0,Private,2.4,Mid-size,Rented,11100.0,2,1,7600.0,0.0,6900.0,9000.0,5700.0,No,0.0,744.0,55000.0,12600.0,E-commerce Shopping EMI,110000.0,16,Not_Eligible,2400.0
58.0,Male,Married,Post Graduate,75100.0,Private,24.7,Startup,Rented,24800.0,4,3,3700.0,21400.0,9200.0,15300.0,9600.0,Yes,11000.0,730.0,240800.0,79600.0,Education EMI,323000.0,43,Not_Eligible,500.0
38.0,Male,Married,Post Graduate,55400.0,Private,0.9,MNC,Own,0.0,2,1,0.0,0.0,4200.0,12500.0,4800.0,Yes,14800.0,666.0,434900.0,232500.0,Home Appliances EMI,293000.0,29,Not_Eligible,5882.8
48.0,Female,Single,Post Graduate,66400.0,Private,7.2,Mid-size,Own,0.0,3,2,14300.0,0.0,6600.0,17200.0,6600.0,Yes,13200.0,683.0,215800.0,118500.0,Personal Loan EMI,635000.0,48,Not_Eligible,2975.0
32.0,Female,Married,High School,34100.0,Private,0.5,Large Indian,Own,0.0,4,3,14600.0,0.0,3300.0,5800.0,6100.0,No,0.0,692.0,240100.0,71900.0,Home Appliances EMI,203000.0,36,Not_Eligible,1892.0
48.0,Female,Married,Graduate,41200.0,Private,15.2,MNC,Own,0.0,4,3,11400.0,9400.0,2100.0,6900.0,7600.0,Yes,12000.0,723.0,282200.0,159900.0,Education EMI,70000.0,13,Not_Eligible,500.0
38.0,Male,Married,High School,63500.0,Private,4.5,Mid-size,Rented,13000.0,2,1,6100.0,10300.0,4600.0,18100.0,8400.0,No,0.0,699.0,489100.0,274800.0,Education EMI,375000.0,38,Not_Eligible,1650.0
27.0,Male,Single,Graduate,26400.0,Private,3.5,Mid-size,Rented,4200.0,2,1,0.0,0.0,3900.0,5700.0,4000.0,No,0.0,645.0,106900.0,47300.0,Personal Loan EMI,779000.0,55,Not_Eligible,3440.0
27.0,Male,Married,Professional,88800.0,Government,0.7,MNC,Own,0.0,2,1,5200.0,21900.0,9200.0,13500.0,4900.0,No,0.0,733.0,342900.0,158300.0,Home Appliances EMI,153000.0,32,Eligible,17050.0
48.0,Male,Married,Post Graduate,42000.0,Private,3.1,MNC,Rented,8400.0,3,2,0.0,0.0,2300.0,12300.0,8000.0,No,0.0,779.0,333300.0,139300.0,E-commerce Shopping EMI,193000.0,24,Not_Eligible,7260.0
27.0,Male,Married,Graduate,84200.0,Private,1.4,Startup,Family,0.0,2,1,8400.0,14300.0,10600.0,14100.0,5700.0,No,0.0,720.0,129900.0,72500.0,Home Appliances EMI,154000.0,23,Eligible,12440.0
48.0,Female,Married,High School,12000.0,Private,26.0,Startup,Rented,3200.0,4,3,0.0,0.0,1100.0,1900.0,2300.0,No,0.0,759.0,51100.0,17100.0,E-commerce Shopping EMI,125000.0,6,Not_Eligible,2100.0
38.0,Male,Single,Graduate,44800.0,Government,0.5,Mid-size,Rented,15300.0,2,1,0.0,0.0,4600.0,9100.0,7300.0,No,0.0,715.0,334500.0,146600.0,E-commerce Shopping EMI,132000.0,19,Not_Eligible,4675.0
38.0,Female,Married,Graduate,24700.0,Private,1.6,Large Indian,Family,0.0,3,2,12300.0,15600.0,2500.0,7200.0,2900.0,No,0.0,647.0,162400.0,70900.0,Education EMI,338000.0,44,Not_Eligible,500.0
48.0,Male,Married,Post Graduate,158000.0,Private,11.7,Startup,Own,0.0,2,1,0.0,18000.0,21100.0,44000.0,10000.0,Yes,45500.0,731.0,906000.0,185700.0,Home Appliances EMI,163000.0,14,Not_Eligible,6790.0
32.0,Male,Single,Graduate,34000.0,Private,6.6,Mid-size,Rented,10200.0,2,1,0.0,8700.0,3300.0,5900.0,5400.0,Yes,9700.0,642.0,38500.0,21100.0,Home Appliances EMI,231000.0,17,Not_Eligible,500.0
27.0,Male,Single,Graduate,38000.0,Government,1.3,Large Indian,Own,0.0,2,1,0.0,0.0,4500.0,8100.0,4700.0,No,0.0,646.0,269800.0,112400.0,Home Appliances EMI,133000.0,16,High_Risk,9108.0
38.0,Male,Married,Graduate,18000.0,Private,0.5,MNC,Rented,4600.0,4,3,3200.0,0.0,1600.0,4700.0,1300.0,Yes,3200.0,597.0,97000.0,44600.0,Home Appliances EMI,288000.0,27,Not_Eligible,500.0
32.0,Male,Married,Post Graduate,83400.0,Government,1.1,Mid-size,Family,0.0,2,1,0.0,0.0,6100.0,20900.0,13300.0,No,0.0,850.0,549700.0,139000.0,Home Appliances EMI,261000.0,9,Not_Eligible,28446.0
38.0,Male,Married,High School,34000.0,Private,0.5,MNC,Rented,11000.0,4,3,13200.0,0.0,4700.0,5700.0,2300.0,No,0.0,744.0,262300.0,54100.0,Personal Loan EMI,880000.0,22,Not_Eligible,500.0
32.0,Female,Single,Graduate,54600.0,Private,0.7,Mid-size,Rented,10000.0,1,0,0.0,0.0,4800.0,15900.0,4200.0,Yes,9200.0,798.0,48100.0,23500.0,Vehicle EMI,1381000.0,71,Not_Eligible,2822.4
58.0,Female,Married,Professional,33400.0,Private,26.3,Large Indian,Own,0.0,4,3,0.0,0.0,2200.0,5500.0,2100.0,No,0.0,706.0,114700.0,23400.0,E-commerce Shopping EMI,21000.0,5,Eligible,11800.0
32.0,Male,Married,Graduate,77300.0,Private,0.5,MNC,Rented,23700.0,4,3,13300.0,7000.0,4400.0,12900.0,5600.0,Yes,18800.0,999.0,195400.0,62300.0,Education EMI,76000.0,21,Not_Eligible,500.0
38.0,Female,Married,Graduate,42200.0,Private,5.8,Large Indian,Rented,8000.0,5,4,5200.0,0.0,5800.0,6800.0,4700.0,No,0.0,678.0,256600.0,90100.0,Home Appliances EMI,109000.0,17,Not_Eligible,6435.0
58.0,Male,Married,High School,82900.0,Private,5.3,Mid-size,Family,0.0,4,3,12200.0,15500.0,5600.0,22500.0,6300.0,No,0.0,847.0,500200.0,105700.0,Education EMI,245000.0,9,Not_Eligible,13728.0
58.0,Male,Married,Post Graduate,23400.0,Private,8.2,Large Indian,Rented,7000.0,4,3,10400.0,8900.0,1300.0,4300.0,3000.0,No,0.0,767.0,149600.0,75000.0,Home Appliances EMI,118000.0,21,Not_Eligible,500.0
38.0,Male,Married,Graduate,18000.0,Private,2.3,Large Indian,Rented,3300.0,3,2,4900.0,0.0,900.0,4700.0,1200.0,No,0.0,630.0,31100.0,16300.0,Vehicle EMI,885000.0,32,Not_Eligible,960.0
58.0,Female,Married,Graduate,59900.0,Self-employed,20.2,Large Indian,Family,0.0,2,1,0.0,0.0,4900.0,12200.0,8000.0,No,0.0,791.0,363900.0,197500.0,Vehicle EMI,592000.0,12,Not_Eligible,20671.2
38.0,Female,Married,High School,56200.0,Private,2.1,Mid-size,Own,0.0,5,4,0.0,19300.0,4200.0,15300.0,9500.0,Yes,7900.0,634.0,120000.0,25900.0,Personal Loan EMI,423000.0,18,Not_Eligible,500.0
27.0,Male,Single,Graduate,85700.0,Self-employed,1.2,Mid-size,Own,0.0,2,1,15000.0,19000.0,10500.0,14800.0,7600.0,Yes,9000.0,554.0,532100.0,202700.0,Education EMI,330000.0,26,Not_Eligible,2716.56
32.0,Female,Married,Graduate,32000.0,Government,1.1,Mid-size,Own,0.0,2,1,9400.0,0.0,3900.0,7700.0,5300.0,No,0.0,742.0,43100.0,13900.0,Education EMI,189000.0,39,Not_Eligible,2280.0
38.0,Male,Married,Graduate,71200.0,Self-employed,8.8,MNC,Rented,17000.0,3,2,7000.0,0.0,6000.0,14000.0,3900.0,No,0.0,756.0,522900.0,294400.0,E-commerce Shopping EMI,51000.0,12,Eligible,13840.2
32.0,Male,Married,Post Graduate,64000.0,Private,6.4,Mid-size,Own,0.0,5,4,0.0,0.0,8900.0,12700.0,6900.0,No,0.0,789.0,145700.0,49000.0,Vehicle EMI,431000.0,47,Eligible,21300.0
48.0,Female,Married,Graduate,70600.0,Private,4.5,Large Indian,Rented,19000.0,3,2,9800.0,0.0,6000.0,18400.0,13100.0,No,0.0,825.0,244600.0,49100.0,Education EMI,220000.0,25,Not_Eligible,2580.0
38.0,Male,Married,Graduate,87200.0,Private,2.9,Small,Family,0.0,2,1,6000.0,0.0,5200.0,20800.0,14500.0,Yes,22800.0,650.0,343600.0,158600.0,Vehicle EMI,513000.0,22,Not_Eligible,6265.0
48.0,Female,Married,Professional,86900.0,Private,0.5,Mid-size,Rented,24700.0,2,1,8300.0,0.0,7500.0,22900.0,10600.0,No,0.0,667.0,102500.0,46600.0,Personal Loan EMI,273000.0,49,Not_Eligible,4128.0
27.0,Male,Married,High School,35400.0,Private,3.7,Large Indian,Rented,10800.0,4,3,2300.0,0.0,5200.0,10400.0,4300.0,No,0.0,664.0,197900.0,70500.0,Personal Loan EMI,765000.0,44,Not_Eligible,1200.0
38.0,Male,Married,Graduate,21600.0,Private,16.0,Mid-size,Rented,6000.0,5,4,13400.0,0.0,2700.0,4400.0,1800.0,No,0.0,778.0,21900.0,12800.0,Vehicle EMI,985000.0,16,Not_Eligible,500.0
38.0,Male,Single,High School,54400.0,Private,2.3,Startup,Rented,17300.0,2,1,11500.0,15000.0,4800.0,10600.0,10600.0,Yes,6200.0,598.0,230500.0,78500.0,Personal Loan EMI,164000.0,19,Not_Eligible,500.0
58.0,Male,Married,High School,75300.0,Private,5.5,Large Indian,Own,0.0,3,2,0.0,0.0,8300.0,15600.0,14400.0,Yes,20100.0,662.0,391600.0,103200.0,Personal Loan EMI,111000.0,13,Not_Eligible,5915.0
32.0,Male,Married,Graduate,30500.0,Government,6.3,Large Indian,Own,0.0,5,4,4200.0,22000.0,4200.0,5700.0,3600.0,No,0.0,692.0,232800.0,96500.0,Personal Loan EMI,896000.0,21,Not_Eligible,500.0
58.0,Male,Married,High School,59600.0,Private,9.8,Large Indian,Rented,13900.0,5,4,12600.0,0.0,6500.0,13200.0,3600.0,Yes,17000.0,764.0,459600.0,224300.0,Home Appliances EMI,266000.0,27,Not_Eligible,500.0
48.0,Male,Married,Graduate,67200.0,Government,1.8,Startup,Rented,20800.0,3,2,0.0,22100.0,8700.0,18400.0,12900.0,Yes,14800.0,709.0,317500.0,111900.0,Vehicle EMI,1110000.0,74,Not_Eligible,500.0
38.0,Female,Single,High School,57000.0,Self-employed,0.8,Mid-size,Family,0.0,2,1,0.0,13900.0,7800.0,14300.0,4900.0,No,0.0,662.0,394000.0,135800.0,Vehicle EMI,169000.0,35,Eligible,7969.5
58.0,Male,Married,Professional,29700.0,Private,26.1,Large Indian,Rented,8200.0,5,4,10300.0,0.0,4200.0,6100.0,4200.0,Yes,6100.0,724.0,,29400.0,Vehicle EMI,991000.0,71,Not_Eligible,500.0
38.0,Female,Married,High School,37100.0,Government,9.6,Mid-size,Rented,6800.0,5,4,10500.0,0.0,3600.0,6900.0,5200.0,Yes,4300.0,793.0,245100.0,72000.0,Personal Loan EMI,536000.0,58,Not_Eligible,500.0
48.0,Female,Married,Graduate,34500.0,Private,12.1,Startup,Rented,6600.0,3,2,0.0,15200.0,2600.0,9600.0,4800.0,Yes,7500.0,744.0,63600.0,16200.0,Personal Loan EMI,843000.0,47,Not_Eligible,500.0
32.0,Male,Married,Graduate,21100.0,Private,7.2,Mid-size,Family,0.0,2,1,0.0,9700.0,2600.0,6100.0,3900.0,Yes,5200.0,509.0,150500.0,87900.0,Home Appliances EMI,251000.0,31,Not_Eligible,500.0
32.0,Female,Married,Professional,81300.0,Government,10.0,Mid-size,Rented,16200.0,4,3,5000.0,0.0,4300.0,13900.0,7400.0,Yes,12800.0,811.0,641000.0,224800.0,Personal Loan EMI,875000.0,23,Not_Eligible,11027.94
48.0,Male,Married,High School,33700.0,Private,11.1,Small,Own,0.0,3,2,9000.0,0.0,4000.0,8800.0,2300.0,Yes,4900.0,712.0,245600.0,86000.0,Personal Loan EMI,502000.0,23,Not_Eligible,1809.5
48.0,Male,Married,Professional,41000.0,Private,7.3,Large Indian,Rented,9500.0,4,3,13600.0,0.0,5100.0,7800.0,4200.0,Yes,11100.0,606.0,59400.0,14700.0,Home Appliances EMI,292000.0,24,Not_Eligible,500.0
48.0,Male,Married,Graduate,39500.0,Private,15.3,MNC,Rented,11800.0,5,4,0.0,0.0,2200.0,11300.0,2600.0,No,0.0,764.0,45800.0,26300.0,E-commerce Shopping EMI,180000.0,20,Not_Eligible,5568.0
38.0,Male,Married,Professional,95700.0,Government,3.8,MNC,Own,0.0,4,3,11900.0,0.0,14100.0,18300.0,14100.0,Yes,17800.0,659.0,617500.0,222300.0,Education EMI,318000.0,23,Not_Eligible,8258.25
48.0,Female,Married,Graduate,28600.0,Government,18.3,MNC,Own,0.0,4,3,0.0,0.0,3200.0,6300.0,3200.0,Yes,4800.0,735.0,130200.0,70900.0,Personal Loan EMI,865000.0,45,Not_Eligible,4273.5
38.0,Male,Married,Graduate,39100.0,Private,1.8,Startup,Rented,10800.0,3,2,0.0,6100.0,4900.0,6600.0,3700.0,No,0.0,726.0,281700.0,98000.0,Home Appliances EMI,148000.0,19,Not_Eligible,3850.0
38.0,Female,Married,Graduate,28600.0,Government,1.8,Large Indian,Family,0.0,4,3,0.0,0.0,2900.0,6000.0,2300.0,No,0.0,712.0,182900.0,37800.0,E-commerce Shopping EMI,71000.0,19,Eligible,9570.0
38.0,Male,Single,Post Graduate,103600.0,Self-employed,7.7,Large Indian,Own,0.0,1,0,0.0,0.0,9700.0,27000.0,13600.0,Yes,26700.0,0.0,112200.0,25500.0,Home Appliances EMI,270000.0,14,Not_Eligible,8043.84
49.0,Male,Married,High School,61826.0,Government,0.9,Small,Own,0.0,3,2,0.0,23200.0,8500.0,14000.0,5400.0,No,0.0,812.0,63600.0,22000.0,E-commerce Shopping EMI,182000.0,21,Not_Eligible,5184.0
38.0,Male,Married,Post Graduate,76600.0,Private,8.5,Startup,Rented,19600.0,5,4,5400.0,8800.0,7600.0,22800.0,10900.0,Yes,18300.0,769.0,192200.0,73700.0,Education EMI,276000.0,10,Not_Eligible,500.0
38.0,Female,Single,Graduate,63200.0,Government,0.5,MNC,Rented,12700.0,2,1,0.0,7700.0,9000.0,17600.0,5000.0,No,0.0,795.0,371800.0,81700.0,Education EMI,169000.0,10,Not_Eligible,6720.0
27.0,Male,Single,Post Graduate,42500.0,Private,3.1,Mid-size,Rented,11200.0,1,0,0.0,0.0,3800.0,11200.0,6000.0,No,0.0,692.0,265500.0,138200.0,Vehicle EMI,920000.0,65,Not_Eligible,5665.0
48.0,Female,Married,Graduate,63600.0,Private,5.7,MNC,Family,0.0,2,1,0.0,0.0,9000.0,14600.0,12300.0,No,0.0,779.0,453700.0,256100.0,Education EMI,175000.0,17,Eligible,18282.0
48.0,Male,Married,Professional,66600.0,Private,11.6,Mid-size,Own,0.0,2,1,0.0,0.0,6400.0,16000.0,12900.0,No,0.0,581.0,174800.0,74200.0,Vehicle EMI,303000.0,36,Eligible,12520.0
58.0,Male,Married,Post Graduate,61600.0,Private,0.6,Mid-size,Own,0.0,3,2,9000.0,0.0,6000.0,13000.0,4700.0,Yes,17700.0,615.0,32900.0,18500.0,Home Appliances EMI,170000.0,22,Not_Eligible,2007.04
48.0,Male,Married,Post Graduate,29500.0,Private,5.5,Small,Family,0.0,3,2,2500.0,0.0,2100.0,7100.0,4000.0,Yes,5000.0,675.0,212200.0,125600.0,Education EMI,453000.0,45,Not_Eligible,3388.0
38.0,Male,Married,Post Graduate,49600.0,Private,11.8,Startup,Rented,16400.0,4,3,0.0,0.0,3800.0,13900.0,9600.0,No,0.0,821.0,269500.0,67800.0,E-commerce Shopping EMI,182000.0,3,Not_Eligible,3540.0
38.0,Male,Married,Post Graduate,55000.0,Private,5.6,Startup,Rented,17800.0,4,3,2900.0,0.0,2800.0,16000.0,10600.0,No,0.0,790.0,54400.0,24400.0,Vehicle EMI,312000.0,76,Not_Eligible,2352.0
38.0,Male,Married,High School,30500.0,Private,0.5,Large Indian,Own,0.0,3,2,0.0,14100.0,3400.0,8400.0,5900.0,Yes,7900.0,644.0,192900.0,75700.0,Home Appliances EMI,159000.0,14,Not_Eligible,500.0
32.0,Male,Married,Graduate,52500.0,Private,10.0,Large Indian,Rented,9400.0,4,3,4400.0,0.0,5200.0,14300.0,3500.0,Yes,6200.0,681.0,361200.0,198800.0,Vehicle EMI,1334000.0,64,Not_Eligible,3657.5
32.0,Male,Married,Graduate,83000.0,Private,0.5,Large Indian,Family,0.0,2,1,0.0,0.0,9200.0,17100.0,6600.0,Yes,20100.0,656.0,178000.0,88100.0,E-commerce Shopping EMI,84000.0,24,Eligible,8400.0
38.0,Male,Married,Professional,66700.0,Private,2.3,Mid-size,Rented,19800.0,4,3,0.0,0.0,5400.0,14400.0,4400.0,No,0.0,637.0,264800.0,117500.0,Vehicle EMI,1068000.0,61,Not_Eligible,9080.0
32.0,Male,Married,High School,35400.0,Private,10.0,Large Indian,Family,0.0,4,3,4900.0,0.0,5100.0,6000.0,2200.0,Yes,6600.0,623.0,57100.0,24900.0,Home Appliances EMI,91000.0,25,Not_Eligible,2374.4
32.0,Male,Married,Graduate,93100.0,Private,10.0,MNC,Own,0.0,2,1,14200.0,18500.0,7500.0,21000.0,16700.0,No,0.0,658.0,296500.0,75600.0,Home Appliances EMI,250000.0,31,Not_Eligible,7600.0
38.0,Male,Single,High School,39300.0,Private,0.5,MNC,Rented,9500.0,3,2,4800.0,16200.0,4500.0,6000.0,2300.0,No,0.0,777.0,273900.0,79600.0,Education EMI,434000.0,47,Not_Eligible,500.0
32.0,Female,Married,Post Graduate,44100.0,Private,8.1,Large Indian,Family,19803.0,2,1,0.0,0.0,5700.0,13100.0,6400.0,Yes,9500.0,672.0,54800.0,27800.0,Home Appliances EMI,255000.0,25,Not_Eligible,2632.0
48.0,Male,Married,Graduate,27200.0,Private,1.5,MNC,Own,0.0,3,2,0.0,0.0,2400.0,4600.0,4300.0,Yes,5100.0,599.0,81600.0,40900.0,Home Appliances EMI,279000.0,20,Not_Eligible,3024.0
38.0,Female,Married,High School,48600.0,Private,10.2,MNC,Family,0.0,2,1,0.0,6400.0,4200.0,13200.0,9600.0,Yes,5800.0,644.0,30300.0,9500.0,E-commerce Shopping EMI,34000.0,18,Not_Eligible,2105.6
38.0,Female,Married,Post Graduate,56200.0,Private,1.3,MNC,Rented,11200.0,3,2,5200.0,0.0,7600.0,14700.0,6100.0,No,0.0,724.0,66300.0,31400.0,Home Appliances EMI,162000.0,27,Not_Eligible,4560.0
38.0,Female,Married,Post Graduate,98800.0,Private,5.9,MNC,Family,0.0,3,2,2000.0,19000.0,6700.0,29500.0,14400.0,No,0.0,808.0,290500.0,119700.0,Education EMI,194000.0,33,Eligible,16320.0
27.0,Male,Single,Graduate,43800.0,Private,2.8,Large Indian,Own,0.0,2,1,8200.0,0.0,3000.0,7200.0,8600.0,Yes,10100.0,678.0,113900.0,49600.0,Personal Loan EMI,256000.0,50,Not_Eligible,2345.0
27.0,Female,Married,Post Graduate,60200.0,Private,0.6,Mid-size,Family,0.0,4,3,0.0,0.0,8900.0,12100.0,7900.0,Yes,10900.0,648.0,330900.0,145300.0,Personal Loan EMI,730000.0,29,Not_Eligible,4569.6
38.0,Male,Married,Professional,71800.0,Private,11.3,MNC,Own,0.0,2,1,0.0,19300.0,7700.0,18800.0,11800.0,No,0.0,768.0,502700.0,220700.0,E-commerce Shopping EMI,116000.0,3,Not_Eligible,9372.0
38.0,Male,Married,Graduate,29900.0,Private,0.5,MNC,Family,0.0,2,1,12700.0,0.0,4300.0,7600.0,1700.0,No,0.0,706.0,225300.0,90300.0,Personal Loan EMI,146000.0,47,Not_Eligible,1584.0
48.0,Male,Married,Graduate,31400.0,Private,1.2,Mid-size,Rented,5100.0,2,1,0.0,0.0,2800.0,6900.0,6000.0,Yes,7600.0,651.0,138300.0,32800.0,Vehicle EMI,917000.0,81,Not_Eligible,1050.0
27.0,Male,Married,Professional,52000.0,Government,1.7,Startup,Own,0.0,3,2,13100.0,0.0,6700.0,13000.0,8400.0,Yes,12300.0,812.0,292500.0,150400.0,Home Appliances EMI,277000.0,6,Not_Eligible,500.0
27.0,Male,Single,Graduate,60200.0,Private,3.0,MNC,Own,0.0,2,1,13000.0,0.0,3700.0,14600.0,5600.0,Yes,12600.0,618.0,434700.0,165200.0,E-commerce Shopping EMI,118000.0,9,Not_Eligible,3295.6
38.0,Female,Married,Graduate,26400.0,Government,2.6,Small,Own,0.0,3,2,0.0,0.0,2800.0,6300.0,3600.0,No,0.0,702.0,210100.0,64800.0,E-commerce Shopping EMI,45000.0,9,Eligible,7535.0
38.0,Female,Married,Graduate,32700.0,Private,0.9,Mid-size,Own,0.0,3,2,4600.0,0.0,3900.0,7400.0,4900.0,No,0.0,620.0,240100.0,128200.0,E-commerce Shopping EMI,166000.0,22,Not_Eligible,4188.8
32.0,Male,Married,Graduate,36500.0,Private,1.5,Large Indian,Rented,8100.0,4,3,2800.0,0.0,2400.0,6600.0,2800.0,No,0.0,669.0,128300.0,63700.0,Vehicle EMI,519000.0,48,Not_Eligible,6900.0
58.0,Male,Married,Professional,46700.0,Private,25.3,MNC,Own,0.0,5,4,11400.0,0.0,6400.0,13500.0,8500.0,No,0.0,731.0,252100.0,145500.0,Vehicle EMI,1336000.0,55,Not_Eligible,3450.0
48.0,Male,Married,Graduate,65700.0,Private,1.4,Mid-size,Own,0.0,3,2,6700.0,0.0,9700.0,18200.0,7000.0,No,0.0,771.0,224200.0,109300.0,E-commerce Shopping EMI,108000.0,7,Not_Eligible,14460.0
48.0,Male,Married,Graduate,311786.0,Private,6.9,Large Indian,Family,0.0,3,2,12700.0,0.0,3200.0,5400.0,3600.0,No,0.0,805.0,13000.0,5900.0,Vehicle EMI,432000.0,38,Not_Eligible,500.0
32.0,Male,Married,Post Graduate,61500.0,Private,3.5,Large Indian,Own,0.0,2,1,0.0,0.0,5000.0,15600.0,3600.0,Yes,12600.0,643.0,246600.0,68500.0,Home Appliances EMI,31000.0,14,Eligible,6916.0
38.0,Female,Married,Professional,76000.0,Private,0.5,Mid-size,Own,0.0,3,2,13900.0,7600.0,4000.0,12100.0,13000.0,Yes,9300.0,741.0,589000.0,153600.0,Vehicle EMI,946000.0,70,Not_Eligible,4958.8
27.0,Male,Single,Graduate,58800.0,Private,0.5,Startup,Family,0.0,1,0,0.0,0.0,5300.0,12300.0,11600.0,Yes,14000.0,661.0,247400.0,100400.0,Home Appliances EMI,100000.0,20,Not_Eligible,4368.0
48.0,Male,Married,Graduate,62400.0,Private,4.8,Mid-size,Own,0.0,4,3,11700.0,14700.0,4900.0,13700.0,11500.0,Yes,13200.0,697.0,202800.0,119500.0,Personal Loan EMI,58000.0,28,Not_Eligible,500.0
32.0,Female,Single,Graduate,40800.0,Government,1.6,Startup,Rented,13600.0,1,0,0.0,0.0,6000.0,11900.0,6200.0,Yes,9500.0,673.0,150000.0,36900.0,Personal Loan EMI,122000.0,19,Not_Eligible,500.0
48.0,Male,Married,Professional,5329.0,Private,3.0,Startup,Own,0.0,5,4,0.0,24000.0,3800.0,18000.0,9100.0,No,0.0,699.0,217500.0,65400.0,Education EMI,353000.0,26,Not_Eligible,8200.0
38.0,Male,Married,High School,58200.0,Private,5.4,MNC,Own,0.0,4,3,0.0,0.0,8200.0,8800.0,4600.0,Yes,11600.0,799.0,448700.0,184300.0,Education EMI,169000.0,27,Eligible,11550.0
38.0,Male,Married,High School,24700.0,Private,0.6,Mid-size,Rented,7700.0,2,1,14300.0,0.0,2900.0,5700.0,2800.0,Yes,3800.0,702.0,96500.0,32900.0,Vehicle EMI,1220000.0,43,Not_Eligible,500.0
48.0,Female,Single,Professional,102800.0,Private,26.0,MNC,Rented,35600.0,2,1,8900.0,0.0,12000.0,17900.0,16100.0,No,0.0,595.0,216400.0,44300.0,E-commerce Shopping EMI,93000.0,13,Not_Eligible,4920.0
27.0,Female,Single,Post Graduate,107100.0,Private,2.5,Large Indian,Family,0.0,2,1,0.0,21600.0,6000.0,18600.0,7100.0,No,0.0,761.0,398100.0,102000.0,Vehicle EMI,952000.0,76,Eligible,32280.0
38.0,Female,Married,Graduate,48900.0,Private,2.6,Large Indian,Own,0.0,3,2,0.0,0.0,3600.0,11900.0,9400.0,No,0.0,677.0,144300.0,53200.0,Personal Loan EMI,89000.0,30,Eligible,12000.0
58.0,Female,Married,Graduate,25700.0,Private,33.6,MNC,Rented,7400.0,4,3,0.0,0.0,3800.0,7700.0,4400.0,Yes,7000.0,784.0,73900.0,35400.0,Education EMI,468000.0,41,Not_Eligible,500.0
48.0,Male,Married,Graduate,86200.0,Government,1.8,Startup,Rented,21300.0,4,3,9200.0,0.0,8500.0,17200.0,9300.0,Yes,24300.0,709.0,344800.0,195700.0,Education EMI,175000.0,6,Not_Eligible,500.0
38.0,Female,Married,Graduate,48300.0,Private,7.0,Large Indian,Own,0.0,3,2,14200.0,0.0,2600.0,10200.0,4100.0,Yes,10100.0,726.0,242000.0,90900.0,Personal Loan EMI,804000.0,53,Not_Eligible,2485.0
38.0,Male,Married,Graduate,18000.0,Private,2.6,MNC,Own,0.0,3,2,0.0,0.0,1100.0,3400.0,2200.0,No,0.0,616.0,11800.0,3600.0,Personal Loan EMI,538000.0,18,Not_Eligible,3616.0
48.0,Female,Married,High School,86800.0,Government,1.4,Mid-size,Rented,26800.0,5,4,0.0,0.0,6600.0,14500.0,9700.0,No,0.0,777.0,172000.0,85400.0,Education EMI,381000.0,8,Not_Eligible,14016.0
32.0,Female,Married,High School,74000.0,Government,7.9,MNC,Family,0.0,4,3,0.0,0.0,9200.0,14700.0,10100.0,No,0.0,850.0,477200.0,164800.0,Home Appliances EMI,82000.0,20,Eligible,29040.0
48.0,Male,Married,Professional,89100.0,Private,23.6,MNC,Family,0.0,3,2,10400.0,18300.0,8400.0,25900.0,10000.0,Yes,24300.0,712.0,560500.0,193900.0,Vehicle EMI,512000.0,55,Not_Eligible,500.0
27.0,Male,Married,Post Graduate,72000.0,Private,0.8,MNC,Family,0.0,4,3,0.0,0.0,4000.0,19700.0,10900.0,No,0.0,843.0,208100.0,65200.0,Vehicle EMI,493000.0,67,Eligible,17952.0
38.0,Female,Married,Graduate,49300.0,Government,0.8,MNC,Family,0.0,4,3,10600.0,0.0,3300.0,14300.0,8300.0,No,0.0,750.0,366600.0,147800.0,Personal Loan EMI,706000.0,21,Not_Eligible,8448.0
38.0,Male,Married,Graduate,36800.0,Private,3.1,Large Indian,Rented,6700.0,3,2,2800.0,0.0,5200.0,9500.0,6200.0,No,0.0,643.0,147600.0,66400.0,Vehicle EMI,631000.0,77,Not_Eligible,2560.0
38.0,Female,Married,Post Graduate,67100.0,Private,14.9,Mid-size,Family,0.0,2,1,0.0,5600.0,4300.0,10500.0,3700.0,Yes,17800.0,643.0,297000.0,123000.0,Personal Loan EMI,746000.0,19,Not_Eligible,7056.0
48.0,Female,Married,Graduate,56400.0,Private,3.7,Small,Rented,16500.0,3,2,0.0,0.0,4700.0,11200.0,10800.0,No,0.0,651.0,114300.0,37100.0,Vehicle EMI,1131000.0,18,Not_Eligible,6600.0
48.0,Female,Single,Post Graduate,33900.0,Private,3.6,Large Indian,Rented,9700.0,3,2,0.0,14100.0,3000.0,8500.0,5000.0,Yes,7000.0,648.0,257100.0,122100.0,E-commerce Shopping EMI,99000.0,17,Not_Eligible,500.0
32.0,Male,Married,Professional,123900.0,Private,10.0,Small,Family,23974.0,3,2,0.0,5300.0,17800.0,36300.0,16200.0,No,0.0,752.0,729600.0,168800.0,E-commerce Shopping EMI,131000.0,7,Eligible,28980.0
48.0,Female,Married,High School,23900.0,Private,15.5,Large Indian,Own,0.0,3,2,3600.0,0.0,3000.0,4700.0,1700.0,No,0.0,671.0,183700.0,41700.0,Home Appliances EMI,23000.0,12,Eligible,5995.0
38.0,Male,Married,High School,45300.0,Private,0.5,Mid-size,Rented,13200.0,5,4,0.0,0.0,5900.0,12200.0,6900.0,Yes,10900.0,646.0,109100.0,41100.0,Education EMI,453000.0,47,Not_Eligible,500.0
48.0,Male,Married,Post Graduate,50600.0,Private,18.8,Large Indian,Rented,14700.0,4,3,0.0,0.0,5400.0,14800.0,4800.0,No,0.0,712.0,240100.0,117000.0,Education EMI,341000.0,45,Not_Eligible,5450.0
48.0,Male,Single,Professional,144300.0,Private,26.0,Startup,Family,0.0,3,2,8700.0,0.0,19100.0,34000.0,23800.0,No,0.0,690.0,327000.0,189600.0,Home Appliances EMI,55000.0,31,Eligible,29350.0
48.0,Male,Married,Graduate,53100.0,Government,12.2,Large Indian,Rented,17500.0,3,2,0.0,0.0,6500.0,13700.0,9200.0,Yes,14500.0,1200.0,223500.0,80700.0,Vehicle EMI,202000.0,14,Not_Eligible,500.0
32.0,Female,Married,Professional,43400.0,Private,1.6,Large Indian,Family,0.0,4,3,0.0,0.0,6400.0,8100.0,3000.0,Yes,7200.0,738.0,181000.0,99000.0,Home Appliances EMI,75000.0,7,Not_Eligible,6545.0
27.0,Male,Single,Graduate,20000.0,Private,2.6,Startup,Own,0.0,3,2,2100.0,0.0,2600.0,3200.0,3900.0,Yes,4900.0,546.0,114800.0,49100.0,E-commerce Shopping EMI,68000.0,10,Not_Eligible,577.5
48.0,Male,Married,Professional,38400.0,Private,9.4,Startup,Rented,6900.0,3,2,2900.0,0.0,3500.0,7700.0,6400.0,No,0.0,716.0,157500.0,79500.0,E-commerce Shopping EMI,32000.0,5,Not_Eligible,5500.0
27.0,Female,Married,High School,38700.0,Private,5.0,MNC,Rented,6800.0,2,1,2200.0,0.0,3600.0,7600.0,3000.0,No,0.0,728.0,132900.0,73600.0,Education EMI,113000.0,23,Eligible,7750.0
38.0,Male,Married,High School,52000.0,Government,9.7,Startup,Rented,7900.0,3,2,0.0,0.0,7700.0,12100.0,3800.0,Yes,6100.0,662.0,27000.0,8700.0,Personal Loan EMI,573000.0,54,Not_Eligible,4435.2
32.0,Female,Married,Graduate,113800.0,Private,4.6,Large Indian,Rented,20500.0,5,4,2900.0,0.0,6300.0,23400.0,20500.0,No,0.0,645.0,882200.0,395600.0,Education EMI,334000.0,16,Not_Eligible,17688.0
38.0,Female,Single,Post Graduate,61800.0,Private,2.5,MNC,Rented,15800.0,2,1,0.0,0.0,8900.0,9300.0,7600.0,No,0.0,645.0,438500.0,154600.0,Education EMI,111000.0,30,Eligible,8888.0
48.0,Female,Married,Graduate,52000.0,Private,4.7,Startup,Own,0.0,3,2,15000.0,18900.0,6100.0,11300.0,7600.0,Yes,9500.0,622.0,119400.0,38900.0,Education EMI,252000.0,19,Not_Eligible,500.0
32.0,Male,Single,Post Graduate,65700.0,Private,1.0,Large Indian,Own,0.0,1,0,0.0,0.0,7300.0,14400.0,9800.0,Yes,15400.0,627.0,284800.0,125100.0,E-commerce Shopping EMI,163000.0,8,Not_Eligible,5264.0
38.0,Male,Married,Professional,72300.0,Government,7.6,Startup,Family,0.0,3,2,12100.0,0.0,10000.0,17000.0,5900.0,No,0.0,775.0,246300.0,55500.0,Vehicle EMI,1116000.0,52,Not_Eligible,18018.0
48.0,Male,Married,Graduate,36400.0,Private,0.7,Mid-size,Own,0.0,2,1,0.0,0.0,2700.0,5800.0,4000.0,Yes,8300.0,715.0,92900.0,54300.0,Vehicle EMI,1021000.0,38,Not_Eligible,4368.0
32.0,Female,Married,Post Graduate,93200.0,Private,1.6,Mid-size,Own,0.0,4,3,11400.0,19000.0,5200.0,25800.0,7800.0,No,0.0,714.0,741800.0,211900.0,Home Appliances EMI,207000.0,18,High_Risk,13200.0
27.0,Male,Single,Graduate,39900.0,Private,0.5,MNC,Family,0.0,2,1,10200.0,0.0,3400.0,8700.0,4100.0,No,0.0,667.0,59100.0,34600.0,Education EMI,197000.0,37,Not_Eligible,4320.0
38.0,Female,Married,Professional,92300.0,Government,4.4,Startup,Family,0.0,3,2,13500.0,0.0,5800.0,15700.0,9300.0,Yes,22400.0,739.0,479300.0,116300.0,Home Appliances EMI,50000.0,23,Eligible,9856.0
48.0,Male,Married,Professional,57200.0,Private,0.8,Mid-size,Rented,12200.0,4,3,3100.0,17700.0,4000.0,9700.0,6800.0,Yes,8400.0,600.0,88900.0,53000.0,Personal Loan EMI,118000.0,27,Not_Eligible,500.0
32.0,Female,Single,High School,31200.0,Government,10.0,Mid-size,Family,0.0,2,1,0.0,0.0,3300.0,8100.0,3100.0,Yes,8600.0,775.0,82300.0,26500.0,Personal Loan EMI,265000.0,57,Not_Eligible,3742.2
32.0,Male,Married,High School,71800.0,Private,0.5,Large Indian,Family,0.0,4,3,7700.0,0.0,7600.0,14300.0,4200.0,No,0.0,721.0,168200.0,80600.0,Education EMI,403000.0,32,High_Risk,15200.0
38.0,Female,Single,Graduate,40500.0,Government,3.6,Startup,Family,0.0,1,0,0.0,0.0,3000.0,10700.0,5900.0,No,0.0,686.0,156000.0,33100.0,E-commerce Shopping EMI,59000.0,6,High_Risk,11495.0
32.0,Male,Married,Graduate,72400.0,Private,1.9,MNC,Own,0.0,4,3,8200.0,0.0,6800.0,18000.0,12500.0,No,0.0,673.0,344100.0,142400.0,Vehicle EMI,686000.0,49,Not_Eligible,13450.0
27.0,Male,Single,Graduate,20000.0,Private,4.9,Startup,Own,0.0,3,2,0.0,17100.0,2000.0,3800.0,3400.0,Yes,3200.0,667.0,118600.0,60300.0,Vehicle EMI,623000.0,75,Not_Eligible,500.0
38.0,Male,Married,Graduate,71600.0,Private,0.5,Large Indian,Own,0.0,3,2,7400.0,12400.0,9900.0,13300.0,13800.0,No,0.0,773.0,250400.0,113500.0,Education EMI,195000.0,18,Not_Eligible,7104.0
32.0,Female,Married,Post Graduate,104500.0,Government,0.5,Large Indian,Rented,22900.0,4,3,13900.0,0.0,8300.0,29600.0,16800.0,No,0.0,810.0,571200.0,282400.0,Home Appliances EMI,208000.0,6,Not_Eligible,7800.0
32.0,Male,Single,Graduate,79400.0,Government,0.8,Startup,Own,0.0,2,1,0.0,13800.0,9900.0,14800.0,7500.0,Yes,9800.0,799.0,409400.0,240700.0,E-commerce Shopping EMI,37000.0,3,Not_Eligible,9912.0
32.0,Male,Single,Post Graduate,39600.0,Private,4.6,Mid-size,Own,0.0,3,2,5900.0,0.0,2000.0,9500.0,5600.0,No,0.0,642.0,138100.0,79700.0,Education EMI,358000.0,39,Not_Eligible,6640.0
38.0,Female,Married,High School,62200.0,Private,2.5,Large Indian,Rented,13200.0,3,2,7000.0,6800.0,4900.0,10500.0,4800.0,Yes,12000.0,705.0,318000.0,88800.0,Education EMI,56000.0,15,Not_Eligible,1050.0
38.0,Male,Single,Professional,35300.0,Private,1.2,Mid-size,Rented,7800.0,2,1,0.0,0.0,3600.0,6900.0,5400.0,No,0.0,,215500.0,54300.0,Personal Loan EMI,148000.0,55,Eligible,6380.0
38.0,Male,Married,Graduate,33500.0,Private,0.7,MNC,Rented,7400.0,3,2,4100.0,0.0,1900.0,8100.0,6200.0,Yes,7200.0,668.0,235900.0,65800.0,Education EMI,234000.0,37,Not_Eligible,500.0
32.0,Female,Married,Graduate,133800.0,Private,6.1,Mid-size,Rented,45600.0,4,3,2000.0,17600.0,16000.0,27100.0,6700.0,No,0.0,710.0,81800.0,45800.0,Education EMI,60000.0,20,Eligible,7520.0
32.0,Female,Married,Graduate,15700.0,Private,3.9,Startup,Rented,3400.0,2,1,0.0,0.0,1700.0,4100.0,2900.0,No,0.0,777.0,62300.0,14200.0,Vehicle EMI,696000.0,53,Not_Eligible,2160.0
58.0,Male,Married,Graduate,88000.0,Self-employed,0.8,MNC,Rented,19800.0,3,2,12900.0,0.0,12300.0,13900.0,13000.0,No,0.0,675.0,704000.0,324600.0,Vehicle EMI,1392000.0,71,Not_Eligible,7969.5
32.0,Female,Married,Graduate,18000.0,Private,0.5,MNC,Family,0.0,3,2,7700.0,0.0,1700.0,2900.0,1800.0,No,0.0,641.0,45900.0,18100.0,Education EMI,485000.0,47,Not_Eligible,1248.0
27.0,Male,Single,,18000.0,Government,0.5,Mid-size,Own,0.0,3,2,0.0,0.0,1200.0,4300.0,1300.0,No,0.0,758.0,123500.0,53000.0,Home Appliances EMI,215000.0,28,Not_Eligible,7392.0
38.0,Male,Married,Graduate,50500.0,Government,10.2,MNC,Rented,11100.0,3,2,8400.0,24000.0,6500.0,7900.0,8000.0,Yes,5200.0,712.0,354400.0,79500.0,Education EMI,208000.0,44,Not_Eligible,500.0
32.0,Male,Married,Professional,81400.0,Private,6.5,Mid-size,Family,0.0,4,3,0.0,24200.0,10600.0,14200.0,8900.0,Yes,10400.0,781.0,197700.0,41700.0,Home Appliances EMI,44000.0,7,Not_Eligible,5502.0
32.0,Male,Married,Graduate,126600.0,Private,0.5,Large Indian,Rented,25800.0,4,3,8100.0,0.0,17300.0,26800.0,12300.0,No,0.0,615.0,612400.0,339400.0,Home Appliances EMI,215000.0,6,Not_Eligible,11616.0
38.0,Female,Single,Graduate,61500.0,Government,7.3,MNC,Rented,13800.0,1,0,0.0,0.0,6800.0,13000.0,11500.0,Yes,10500.0,738.0,347700.0,96000.0,E-commerce Shopping EMI,171000.0,10,Not_Eligible,2271.5
32.0,Female,Married,Graduate,131800.0,Government,3.7,Startup,Rented,32200.0,4,3,2500.0,0.0,12200.0,37500.0,15900.0,Yes,34300.0,805.0,842400.0,477800.0,Personal Loan EMI,211000.0,12,Not_Eligible,500.0
48.0,Female,Married,Post Graduate,58900.0,Private,0.5,Startup,Rented,14300.0,2,1,7400.0,0.0,4700.0,10400.0,4400.0,No,0.0,664.0,382300.0,178900.0,Education EMI,269000.0,7,Not_Eligible,7788.0
32.0,Male,Married,Professional,178600.0,Private,1.1,MNC,Rented,61500.0,3,2,0.0,12100.0,22300.0,28500.0,11800.0,No,0.0,749.0,1142100.0,293500.0,Education EMI,264000.0,33,Eligible,23320.0
48.0,Female,Married,Post Graduate,56400.0,Government,0.5,MNC,Rented,13300.0,5,4,11000.0,19800.0,7100.0,12200.0,6800.0,No,0.0,833.0,74400.0,35600.0,E-commerce Shopping EMI,97000.0,9,Not_Eligible,500.0
48.0,Male,Married,Graduate,69300.0,Private,8.1,MNC,Family,0.0,4,3,9100.0,0.0,7100.0,10600.0,12300.0,No,0.0,740.0,192800.0,65800.0,Vehicle EMI,579000.0,27,Not_Eligible,15100.0
32.0,Female,Married,High School,42400.0,Government,1.4,MNC,Rented,9500.0,4,3,0.0,0.0,2500.0,10800.0,2700.0,Yes,9400.0,610.0,132000.0,41200.0,E-commerce Shopping EMI,106000.0,18,Not_Eligible,2100.0
38.0,Female,Married,Graduate,45000.0,Private,0.6,Large Indian,Own,0.0,2,1,15000.0,0.0,3500.0,7500.0,6300.0,No,0.0,639.0,77900.0,27500.0,Home Appliances EMI,291000.0,33,Not_Eligible,3251.2
48.0,Male,Married,Graduate,71000.0,Government,5.0,Startup,Rented,24300.0,3,2,13800.0,0.0,7100.0,20300.0,10100.0,No,0.0,812.0,239400.0,80700.0,Personal Loan EMI,56000.0,41,Not_Eligible,500.0
32.0,Male,Single,Professional,46200.0,Self-employed,2.9,Large Indian,Rented,7100.0,1,0,0.0,0.0,6100.0,9700.0,7800.0,No,0.0,746.0,259000.0,99000.0,Education EMI,256000.0,12,Not_Eligible,6975.0
58.0,Male,Married,Post Graduate,21200.0,Private,1.1,Large Indian,Own,0.0,4,3,9100.0,0.0,1900.0,4500.0,1300.0,No,0.0,689.0,168800.0,97700.0,Home Appliances EMI,28000.0,19,Eligible,2420.0
32.0,Male,Married,Graduate,32100.0,Private,5.9,Mid-size,Family,0.0,4,3,0.0,23000.0,4600.0,5600.0,1800.0,Yes,5400.0,654.0,64400.0,34800.0,Vehicle EMI,1310000.0,20,Not_Eligible,500.0
32.0,Female,Married,High School,45900.0,Government,2.5,Large Indian,Own,0.0,4,3,7600.0,0.0,6700.0,8000.0,3600.0,No,0.0,727.0,158900.0,66500.0,Vehicle EMI,977000.0,63,Not_Eligible,10000.0
32.0,Female,Single,Graduate,35600.0,Private,2.3,Mid-size,Rented,9400.0,3,2,0.0,0.0,3800.0,6500.0,6800.0,Yes,9100.0,743.0,128600.0,28400.0,Home Appliances EMI,48000.0,11,Not_Eligible,500.0
27.0,Male,Single,Graduate,44800.0,Government,0.5,Mid-size,Rented,15600.0,2,1,5900.0,0.0,6600.0,12800.0,3600.0,Yes,9300.0,717.0,235400.0,110600.0,Education EMI,436000.0,8,Not_Eligible,500.0
32.0,Male,Married,Post Graduate,34400.0,Private,1.2,MNC,Own,0.0,2,1,0.0,0.0,3900.0,9000.0,6300.0,No,0.0,714.0,75100.0,15300.0,Education EMI,146000.0,21,Not_Eligible,7600.0
38.0,Male,Married,Professional,27000.0,Private,6.3,MNC,Own,0.0,2,1,0.0,0.0,2300.0,5200.0,3900.0,No,0.0,633.0,191900.0,93900.0,Vehicle EMI,274000.0,42,Not_Eligible,6864.0
38.0,Female,Married,High School,28500.0,Self-employed,3.0,Large Indian,Rented,4600.0,5,4,5500.0,0.0,3500.0,5500.0,1800.0,Yes,6100.0,606.0,104200.0,29300.0,E-commerce Shopping EMI,95000.0,24,Not_Eligible,500.0
38.0,Male,Married,Graduate,23700.0,Private,2.2,Large Indian,Family,0.0,5,4,10200.0,0.0,2600.0,4300.0,2900.0,No,0.0,655.0,15400.0,3600.0,E-commerce Shopping EMI,68000.0,15,Not_Eligible,1480.0
58.0,Male,Married,High School,62700.0,Government,22.9,MNC,Rented,17000.0,4,3,0.0,0.0,3300.0,18300.0,11100.0,No,0.0,689.0,444200.0,167000.0,Vehicle EMI,1217000.0,56,Not_Eligible,7865.0
27.0,Female,Single,Graduate,18000.0,Private,2.0,Mid-size,Family,0.0,1,0,0.0,0.0,2600.0,4700.0,2400.0,Yes,4900.0,601.0,131200.0,73500.0,Personal Loan EMI,87000.0,24,Not_Eligible,1047.2
58.0,Male,Married,Graduate,51100.0,Private,7.7,Large Indian,Rented,16400.0,4,3,6600.0,0.0,3300.0,9200.0,3200.0,No,0.0,743.0,296400.0,65500.0,E-commerce Shopping EMI,45000.0,11,Eligible,6200.0
27.0,Male,Married,Graduate,42500.0,Private,1.0,Large Indian,Rented,7600.0,4,3,2400.0,0.0,5700.0,10700.0,7300.0,No,0.0,662.0,241700.0,48400.0,Personal Loan EMI,526000.0,51,Not_Eligible,4400.0
27.0,Male,Single,High School,12000.0,Private,1.9,Mid-size,Family,0.0,1,0,0.0,0.0,1800.0,2500.0,1100.0,No,0.0,705.0,29300.0,9600.0,Vehicle EMI,206000.0,47,Not_Eligible,3300.0
38.0,Female,Married,Graduate,325388.0,Private,6.4,Mid-size,Family,0.0,2,1,12700.0,23600.0,3800.0,5500.0,3400.0,No,0.0,773.0,20900.0,11900.0,Vehicle EMI,1343000.0,31,Not_Eligible,500.0
38.0,Female,Married,Graduate,41200.0,Government,4.3,MNC,Own,,3,2,11400.0,0.0,3100.0,6900.0,6400.0,No,0.0,680.0,291400.0,151200.0,Vehicle EMI,973000.0,38,Not_Eligible,8107.0
38.0,Female,Married,Post Graduate,86900.0,Self-employed,3.1,MNC,Rented,30000.0,4,3,0.0,0.0,6200.0,13400.0,4500.0,Yes,25600.0,769.0,240000.0,79900.0,Education EMI,91000.0,45,High_Risk,2721.6
32.0,Male,Married,Post Graduate,124700.0,Private,1.5,MNC,Own,0.0,2,1,10700.0,0.0,18000.0,36200.0,19500.0,No,0.0,755.0,758800.0,312300.0,Home Appliances EMI,194000.0,25,Eligible,26598.0
48.0,Female,Married,Graduate,55000.0,Government,22.6,Startup,Rented,10400.0,2,1,8400.0,16300.0,3600.0,9700.0,4300.0,Yes,10400.0,664.0,273600.0,99100.0,Education EMI,435000.0,43,Not_Eligible,500.0
32.0,Female,Single,Graduate,62500.0,Private,6.6,Large Indian,Family,0.0,2,1,10700.0,14100.0,6500.0,15600.0,4300.0,No,0.0,613.0,217800.0,71000.0,Personal Loan EMI,87000.0,59,Eligible,4520.0
38.0,Male,Married,Professional,27700.0,Private,3.9,Large Indian,Family,0.0,4,3,9200.0,19800.0,1900.0,7800.0,5500.0,No,0.0,640.0,106700.0,28000.0,Home Appliances EMI,157000.0,17,Not_Eligible,500.0
38.0,Male,Married,High School,41100.0,Private,1.7,Mid-size,Rented,12900.0,2,1,5700.0,0.0,3700.0,9800.0,4300.0,No,0.0,640.0,145800.0,49800.0,Home Appliances EMI,139000.0,29,Not_Eligible,1880.0
32.0,Male,Single,Graduate,18000.0,Self-employed,5.5,Startup,Own,0.0,1,0,0.0,0.0,1400.0,2800.0,2400.0,Yes,5300.0,686.0,96900.0,21600.0,E-commerce Shopping EMI,89000.0,23,Not_Eligible,1921.5
32.0,Male,Married,Post Graduate,39300.0,Self-employed,2.4,MNC,Own,0.0,5,4,2300.0,0.0,5600.0,11500.0,5200.0,No,0.0,762.0,277700.0,165100.0,Vehicle EMI,1463000.0,15,Not_Eligible,8731.8
32.0,Female,Single,Graduate,46300.0,Government,1.7,Large Indian,Own,0.0,2,1,0.0,0.0,3800.0,9800.0,4700.0,Yes,8600.0,756.0,29500.0,9300.0,Personal Loan EMI,992000.0,57,Not_Eligible,6518.4
58.0,Male,Married,Graduate,42300.0,Private,8.6,MNC,Own,0.0,4,3,0.0,0.0,2500.0,10000.0,6200.0,Yes,4300.0,621.0,107100.0,40500.0,Home Appliances EMI,63000.0,13,High_Risk,5404.0
27.0,Male,Married,Graduate,51500.0,Private,0.9,Large Indian,Own,0.0,5,4,0.0,23800.0,4800.0,8300.0,5100.0,No,0.0,736.0,111300.0,52900.0,Home Appliances EMI,277000.0,32,Not_Eligible,3800.0
32.0,Male,Married,Post Graduate,119000.0,Government,0.8,Large Indian,Rented,39200.0,3,2,6800.0,0.0,13400.0,33700.0,14900.0,No,0.0,850.0,76700.0,40100.0,E-commerce Shopping EMI,25000.0,23,Eligible,5280.0
32.0,Male,Married,Post Graduate,91100.0,Government,1.9,Large Indian,Family,0.0,4,3,4100.0,0.0,12200.0,24400.0,13600.0,Yes,25900.0,683.0,259500.0,61800.0,Personal Loan EMI,219000.0,33,Not_Eligible,3815.0
32.0,Male,Married,Graduate,80100.0,Self-employed,4.4,Mid-size,Own,0.0,3,2,0.0,0.0,6000.0,21100.0,14500.0,No,0.0,769.0,297300.0,106800.0,Education EMI,479000.0,26,Not_Eligible,20790.0
27.0,Female,Married,Professional,78400.0,Private,0.5,Mid-size,Rented,21800.0,2,1,0.0,0.0,11000.0,16200.0,13800.0,No,0.0,713.0,403800.0,196800.0,Personal Loan EMI,125000.0,54,Eligible,6240.0
32.0,Male,Married,High School,28600.0,Private,6.2,Startup,Rented,8700.0,4,3,0.0,0.0,1900.0,4400.0,3400.0,No,0.0,721.0,209500.0,52900.0,Home Appliances EMI,254000.0,10,Not_Eligible,5610.0
32.0,Female,Married,Graduate,39800.0,Self-employed,0.5,MNC,Rented,12600.0,3,2,0.0,0.0,4200.0,9400.0,4600.0,No,0.0,621.0,203800.0,54800.0,Personal Loan EMI,490000.0,56,Not_Eligible,3240.0
58.0,Female,Married,Post Graduate,49000.0,Private,13.0,Large Indian,Own,0.0,5,4,0.0,0.0,4800.0,13000.0,6300.0,Yes,5800.0,586.0,116500.0,42900.0,E-commerce Shopping EMI,43000.0,8,Not_Eligible,5348.0
32.0,Male,Married,Graduate,82600.0,Private,0.5,Small,Family,21445.0,3,2,8000.0,0.0,8700.0,17400.0,10300.0,Yes,18800.0,631.0,501400.0,146400.0,E-commerce Shopping EMI,62000.0,4,Not_Eligible,4780.16
58.0,Female,Married,Post Graduate,70900.0,Private,5.8,Startup,Own,0.0,5,4,7900.0,0.0,5300.0,14500.0,12900.0,No,0.0,676.0,270400.0,93400.0,Home Appliances EMI,213000.0,25,Eligible,15150.0
38.0,Male,Married,Post Graduate,27900.0,Private,3.4,Startup,Family,0.0,4,3,9900.0,7200.0,1900.0,5000.0,2600.0,No,0.0,782.0,204900.0,71000.0,Personal Loan EMI,423000.0,20,Not_Eligible,858.0
38.0,Female,Married,High School,86500.0,Private,8.1,Mid-size,Rented,22600.0,3,2,0.0,0.0,6500.0,19700.0,6500.0,Yes,9300.0,659.0,577300.0,144200.0,Personal Loan EMI,120000.0,59,Eligible,8431.5
58.0,Female,Married,Post Graduate,57100.0,Self-employed,1.4,Small,Own,0.0,3,2,4100.0,0.0,4000.0,13300.0,3500.0,Yes,14300.0,567.0,245500.0,82100.0,Education EMI,445000.0,11,Not_Eligible,4510.8
48.0,Male,Married,Graduate,66400.0,Private,0.5,Startup,Family,0.0,5,4,0.0,23800.0,3300.0,17800.0,3600.0,No,0.0,665.0,323000.0,167900.0,Vehicle EMI,1374000.0,46,Not_Eligible,7160.0
32.0,Female,Single,Graduate,36200.0,Private,2.3,MNC,Own,0.0,2,1,4800.0,0.0,4100.0,7400.0,3700.0,Yes,4700.0,611.0,209300.0,81100.0,Vehicle EMI,1412000.0,83,Not_Eligible,3220.0
32.0,Female,Married,Post Graduate,52600.0,Private,1.1,Large Indian,Own,0.0,5,4,11400.0,0.0,7700.0,14000.0,4100.0,Yes,14800.0,716.0,169600.0,42800.0,E-commerce Shopping EMI,143000.0,8,Not_Eligible,500.0
38.0,Male,Married,Graduate,58400.0,Self-employed,1.9,Mid-size,Rented,14300.0,3,2,3600.0,0.0,6900.0,14400.0,11400.0,Yes,10900.0,607.0,222000.0,122700.0,Vehicle EMI,627000.0,35,Not_Eligible,500.0
27.0,Female,Single,Graduate,44200.0,Private,0.7,Small,Family,0.0,2,1,11000.0,0.0,4400.0,8400.0,6700.0,No,0.0,641.0,113900.0,67400.0,Education EMI,64000.0,37,Eligible,4384.0
38.0,Female,Married,Post Graduate,72700.0,Private,16.0,Large Indian,Rented,16000.0,3,2,2600.0,0.0,5000.0,20000.0,13800.0,No,0.0,742.0,577800.0,237200.0,Personal Loan EMI,655000.0,44,Not_Eligible,8415.0
27.0,Male,Single,Graduate,31000.0,Private,0.5,Small,Rented,5100.0,2,1,3700.0,23100.0,2100.0,9000.0,1800.0,No,0.0,686.0,149400.0,38800.0,Home Appliances EMI,283000.0,20,Not_Eligible,500.0
32.0,Female,Married,Post Graduate,105800.0,Private,0.5,Large Indian,Rented,32500.0,4,3,11700.0,0.0,7600.0,21300.0,13300.0,No,0.0,,256500.0,105200.0,Home Appliances EMI,53000.0,24,Eligible,9312.0
27.0,Male,Married,Post Graduate,73900.0,Private,0.5,Mid-size,Own,0.0,5,4,11600.0,0.0,6500.0,14400.0,11200.0,No,0.0,700.0,302800.0,156100.0,Personal Loan EMI,649000.0,60,Not_Eligible,12080.0
58.0,Female,Married,Graduate,65000.0,Private,2.1,Startup,Rented,21700.0,2,1,2000.0,0.0,3800.0,14100.0,8700.0,No,0.0,697.0,176500.0,75300.0,E-commerce Shopping EMI,23000.0,17,Eligible,7350.0
38.0,Female,Married,Post Graduate,82600.0,Private,0.5,Large Indian,Family,0.0,3,2,9300.0,7800.0,9700.0,18900.0,6500.0,No,0.0,778.0,403000.0,130200.0,Vehicle EMI,422000.0,32,Not_Eligible,14592.0
38.0,Female,Single,High School,28800.0,Government,12.1,Large Indian,Family,0.0,1,0,0.0,0.0,2900.0,5800.0,4200.0,No,0.0,764.0,70000.0,16400.0,E-commerce Shopping EMI,105000.0,15,Eligible,10494.0
48.0,Female,Married,Professional,27000.0,Private,3.0,Mid-size,Rented,7500.0,2,1,15000.0,0.0,2500.0,6000.0,2000.0,No,0.0,661.0,43400.0,16100.0,Personal Loan EMI,142000.0,55,Not_Eligible,500.0
48.0,Female,Married,Post Graduate,87000.0,Private,5.1,Startup,Own,0.0,4,3,0.0,0.0,12600.0,16300.0,5200.0,Yes,16400.0,662.0,132000.0,33300.0,E-commerce Shopping EMI,162000.0,6,Not_Eligible,10220.0
38.0,Male,Married,Post Graduate,57000.0,Private,2.8,Startup,Own,0.0,4,3,13700.0,0.0,7400.0,13700.0,8200.0,Yes,14600.0,695.0,172600.0,93600.0,Education EMI,252000.0,31,Not_Eligible,500.0
38.0,Male,Married,Professional,144000.0,Private,3.1,Large Indian,Family,0.0,3,2,4300.0,0.0,20200.0,42100.0,27200.0,No,0.0,742.0,584300.0,258100.0,Education EMI,158000.0,41,Eligible,25100.0
32.0,Male,Single,Professional,106000.0,Private,1.3,Large Indian,Family,0.0,2,1,10000.0,0.0,8500.0,17300.0,9700.0,No,0.0,729.0,584100.0,158300.0,Education EMI,240000.0,33,Eligible,30250.0
32.0,Male,Married,Post Graduate,7164.0,Government,0.5,Startup,Own,0.0,3,2,5000.0,13800.0,2700.0,6500.0,4000.0,Yes,8000.0,657.0,148600.0,56400.0,Vehicle EMI,1339000.0,80,Not_Eligible,500.0
27.0,Female,Single,High School,34400.0,Government,1.9,MNC,Own,0.0,2,1,14400.0,0.0,2900.0,9100.0,4200.0,No,0.0,811.0,104200.0,22700.0,Vehicle EMI,537000.0,54,Not_Eligible,2280.0
32.0,Male,Single,Post Graduate,71300.0,Private,0.5,Large Indian,Own,0.0,1,0,0.0,0.0,7100.0,15600.0,13600.0,No,0.0,669.0,455700.0,206700.0,E-commerce Shopping EMI,87000.0,13,Eligible,15400.0
38.0,Male,Married,Graduate,54500.0,Private,1.3,Small,Own,0.0,3,2,0.0,0.0,8000.0,9600.0,5200.0,No,0.0,667.0,276900.0,115400.0,Vehicle EMI,630000.0,28,Not_Eligible,15850.0
38.0,Female,Married,Graduate,36200.0,Government,2.1,Mid-size,Rented,7700.0,2,1,4600.0,0.0,2800.0,7900.0,5500.0,No,0.0,759.0,63300.0,20700.0,E-commerce Shopping EMI,165000.0,18,Not_Eligible,3696.0
38.0,Male,Married,Graduate,45300.0,Private,7.1,Large Indian,Own,0.0,3,2,9200.0,0.0,4100.0,7900.0,4400.0,No,0.0,735.0,255200.0,107000.0,Personal Loan EMI,763000.0,35,Not_Eligible,9850.0
27.0,Female,Single,Post Graduate,49400.0,Government,4.7,Large Indian,Rented,8000.0,2,1,15000.0,0.0,4700.0,9700.0,4900.0,Yes,8600.0,707.0,112100.0,66100.0,Education EMI,109000.0,20,Not_Eligible,500.0
32.0,Female,Married,Graduate,38700.0,Private,5.2,Large Indian,Family,0.0,3,2,11300.0,0.0,5600.0,10800.0,4100.0,No,0.0,824.0,260900.0,97500.0,Home Appliances EMI,229000.0,9,Not_Eligible,4554.0
48.0,Male,Married,Graduate,9502.0,Private,6.6,Mid-size,Rented,18100.0,5,4,0.0,0.0,7000.0,16600.0,4600.0,No,0.0,705.0,341600.0,112800.0,Personal Loan EMI,132000.0,17,High_Risk,9200.0
32.0,Male,Single,Graduate,46400.0,Private,3.3,Large Indian,Rented,9400.0,1,0,0.0,0.0,6100.0,9900.0,4200.0,No,0.0,811.0,226600.0,84900.0,Education EMI,77000.0,38,Eligible,10080.0
58.0,Female,Married,Professional,44300.0,Private,32.9,Large Indian,Rented,10300.0,4,3,13400.0,9900.0,3300.0,8900.0,4500.0,Yes,9800.0,658.0,203300.0,,Education EMI,472000.0,42,Not_Eligible,500.0
32.0,Female,Married,Post Graduate,101200.0,Private,10.0,Mid-size,Rented,15800.0,4,3,4000.0,12000.0,9700.0,22200.0,13700.0,Yes,28400.0,797.0,228900.0,71200.0,Education EMI,440000.0,8,Not_Eligible,500.0
27.0,Male,Single,Graduate,32000.0,Self-employed,0.5,Mid-size,Own,0.0,2,1,6300.0,0.0,4300.0,5200.0,6300.0,No,0.0,700.0,57900.0,12700.0,Vehicle EMI,520000.0,27,Not_Eligible,3564.0
27.0,Female,Married,Post Graduate,96500.0,Government,1.4,Mid-size,Family,0.0,3,2,13400.0,0.0,7900.0,22600.0,8100.0,No,0.0,741.0,163300.0,96000.0,Education EMI,269000.0,12,Not_Eligible,17800.0
48.0,Female,Married,Graduate,41800.0,Private,19.2,Large Indian,Family,0.0,5,4,7800.0,0.0,5400.0,11100.0,2900.0,No,0.0,707.0,150100.0,86900.0,Vehicle EMI,109000.0,64,Eligible,7300.0
32.0,Male,Married,Graduate,15000.0,Private,2.0,Startup,Rented,5200.0,4,3,0.0,0.0,1300.0,2900.0,2600.0,No,0.0,684.0,109900.0,34800.0,Home Appliances EMI,290000.0,34,Not_Eligible,1650.0
38.0,Female,Married,Professional,94700.0,Government,12.1,MNC,Rented,19900.0,4,3,0.0,14900.0,10100.0,22900.0,16200.0,No,0.0,798.0,704500.0,208600.0,Education EMI,396000.0,37,Not_Eligible,7768.2
48.0,Male,Married,Professional,96000.0,Private,0.5,Mid-size,Rented,18600.0,4,3,3400.0,0.0,6900.0,25500.0,13000.0,No,0.0,639.0,421300.0,218300.0,Home Appliances EMI,31000.0,19,Eligible,9152.0
48.0,Male,Married,High School,74300.0,Self-employed,5.6,MNC,Rented,25800.0,2,1,0.0,0.0,4500.0,19200.0,5800.0,No,0.0,700.0,511400.0,188600.0,Home Appliances EMI,234000.0,32,High_Risk,9405.0
58.0,Male,Married,High School,42000.0,Private,1.8,MNC,Rented,11900.0,3,2,0.0,19800.0,4200.0,11800.0,3500.0,Yes,11400.0,605.0,134700.0,42200.0,Education EMI,182000.0,44,Not_Eligible,500.0
32.0,Male,Married,Graduate,50900.0,Private,1.9,Mid-size,Family,0.0,3,2,6900.0,0.0,5800.0,9700.0,5000.0,Yes,10500.0,585.0,43900.0,20700.0,Vehicle EMI,883000.0,20,Not_Eligible,2912.0
38.0,Male,Married,Graduate,61700.0,Private,12.0,Small,Family,0.0,3,2,0.0,6500.0,7600.0,14800.0,9400.0,No,0.0,661.0,271200.0,156600.0,Vehicle EMI,830000.0,18,Not_Eligible,11700.0
32.0,Female,Married,Graduate,18000.0,Private,4.2,Mid-size,Own,0.0,3,2,3500.0,0.0,1500.0,3700.0,3500.0,Yes,4700.0,689.0,122600.0,63600.0,E-commerce Shopping EMI,70000.0,3,Not_Eligible,500.0
48.0,Male,Married,Post Graduate,93500.0,Private,26.0,Large Indian,Rented,14800.0,3,2,0.0,7900.0,11700.0,19300.0,8200.0,No,0.0,834.0,60900.0,34900.0,Personal Loan EMI,177000.0,50,Eligible,15168.0
32.0,Male,Married,Graduate,46200.0,Private,1.2,Large Indian,Rented,9300.0,2,1,0.0,0.0,5300.0,9300.0,5200.0,No,0.0,621.0,302200.0,164900.0,Education EMI,185000.0,46,Eligible,7524.0
48.0,Male,Single,Graduate,82600.0,Private,13.2,Large Indian,Own,0.0,1,0,0.0,0.0,7800.0,14100.0,4800.0,Yes,13800.0,766.0,68000.0,26100.0,E-commerce Shopping EMI,100000.0,12,Eligible,14145.6
27.0,Female,Single,Professional,64000.0,Private,1.6,MNC,Rented,10300.0,2,1,3700.0,24000.0,6400.0,18900.0,8100.0,No,0.0,554.0,325600.0,129000.0,Vehicle EMI,1292000.0,81,Not_Eligible,500.0
32.0,Male,Married,Graduate,11599.0,Self-employed,0.5,MNC,Rented,10600.0,4,3,0.0,7900.0,2100.0,6400.0,6500.0,Yes,6500.0,750.0,53400.0,26700.0,Education EMI,397000.0,40,Not_Eligible,500.0
32.0,Female,Married,Post Graduate,37700.0,Private,1.0,Mid-size,Own,0.0,2,1,5400.0,0.0,4300.0,11000.0,6700.0,No,0.0,662.0,125400.0,26900.0,E-commerce Shopping EMI,151000.0,23,Not_Eligible,5150.0
38.0,Male,Married,Graduate,100500.0,Government,9.8,Startup,Family,0.0,3,2,0.0,0.0,10500.0,27700.0,19000.0,Yes,21900.0,741.0,644400.0,370900.0,Education EMI,442000.0,31,Not_Eligible,9062.9
38.0,Female,Married,Post Graduate,29400.0,Private,4.8,MNC,Own,0.0,4,3,0.0,0.0,3800.0,6300.0,4500.0,No,0.0,672.0,152400.0,78600.0,Education EMI,185000.0,46,Eligible,7400.0
38.0,Male,Married,Graduate,34800.0,Private,6.7,MNC,Rented,12100.0,2,1,2100.0,21900.0,4400.0,6300.0,3600.0,No,0.0,725.0,179100.0,48900.0,E-commerce Shopping EMI,28000.0,12,Not_Eligible,500.0
38.0,Male,Married,Graduate,43200.0,Self-employed,9.3,MNC,Rented,7500.0,2,1,0.0,8000.0,6100.0,12100.0,8300.0,Yes,11700.0,663.0,67300.0,16600.0,E-commerce Shopping EMI,142000.0,3,Not_Eligible,500.0
38.0,Female,Married,Graduate,90600.0,Self-employed,16.0,MNC,Own,0.0,3,2,7900.0,0.0,13200.0,20800.0,17900.0,No,0.0,792.0,412700.0,123100.0,Personal Loan EMI,116000.0,50,Eligible,16632.0
27.0,Female,Single,Post Graduate,43700.0,Private,3.7,MNC,Rented,7200.0,1,0,0.0,0.0,2300.0,11400.0,8200.0,No,0.0,660.0,333900.0,129700.0,Personal Loan EMI,118000.0,52,Eligible,8030.0
32.0,Male,Married,High School,61200.0,Private,3.9,Mid-size,Rented,12900.0,4,3,6400.0,0.0,5100.0,17500.0,11000.0,No,0.0,712.0,234800.0,69100.0,Personal Loan EMI,431000.0,48,Not_Eligible,4150.0
32.0,Female,Single,Graduate,48100.0,Private,0.5,MNC,Own,0.0,3,2,0.0,0.0,4200.0,14200.0,6500.0,Yes,12900.0,659.0,194200.0,112700.0,Personal Loan EMI,370000.0,26,Not_Eligible,2884.0
32.0,Male,Single,Graduate,33600.0,Private,6.2,Mid-size,Own,0.0,1,0,0.0,0.0,3700.0,9300.0,3200.0,No,0.0,764.0,252200.0,113900.0,Vehicle EMI,1062000.0,49,Not_Eligible,11484.0
27.0,Male,Married,Graduate,38900.0,Private,1.7,Startup,Family,0.0,4,3,9300.0,0.0,4400.0,9300.0,5600.0,Yes,8900.0,623.0,31100.0,8400.0,Home Appliances EMI,211000.0,11,Not_Eligible,500.0
38.0,Male,Married,Post Graduate,92700.0,Private,6.5,MNC,Own,0.0,5,4,0.0,0.0,10200.0,18600.0,10100.0,No,0.0,735.0,298700.0,66200.0,E-commerce Shopping EMI,111000.0,14,Eligible,26900.0
32.0,Male,Single,Graduate,31800.0,Private,2.7,Mid-size,Rented,10400.0,2,1,5500.0,0.0,4300.0,7300.0,3000.0,No,0.0,598.0,56000.0,14400.0,Vehicle EMI,569000.0,13,Not_Eligible,500.0
27.0,Female,Married,Graduate,41000.0,Government,4.9,Startup,Family,0.0,4,3,0.0,17900.0,3500.0,7000.0,6900.0,No,0.0,830.0,47700.0,27900.0,Education EMI,169000.0,46,Not_Eligible,3009.6
48.0,Female,Married,Professional,61500.0,Private,0.8,Large Indian,Rented,18400.0,3,2,6200.0,0.0,6400.0,12800.0,10400.0,Yes,15900.0,687.0,69300.0,31700.0,Personal Loan EMI,243000.0,25,Not_Eligible,500.0
32.0,Male,Married,Post Graduate,102100.0,Self-employed,1.5,Large Indian,Family,0.0,4,3,0.0,7800.0,8300.0,20300.0,10300.0,No,0.0,724.0,302600.0,94700.0,E-commerce Shopping EMI,73000.0,17,Eligible,24930.0
38.0,Female,Married,Post Graduate,48400.0,Self-employed,2.7,Small,Family,0.0,4,3,0.0,0.0,4900.0,14100.0,6700.0,Yes,8800.0,,202300.0,108500.0,Education EMI,188000.0,37,Not_Eligible,3502.8
48.0,Male,Married,Graduate,33900.0,Private,9.5,Small,Family,0.0,4,3,7200.0,0.0,4900.0,7300.0,6500.0,Yes,6300.0,641.0,66600.0,39000.0,Personal Loan EMI,96000.0,16,Not_Eligible,500.0
32.0,Female,Married,Post Graduate,127000.0,Private,0.5,Large Indian,Family,0.0,4,3,0.0,0.0,16000.0,33700.0,12000.0,Yes,17400.0,,119500.0,62500.0,Home Appliances EMI,226000.0,35,High_Risk,8583.68
32.0,Male,Married,Professional,113600.0,Private,4.5,MNC,Family,0.0,3,2,0.0,0.0,13000.0,28900.0,10800.0,Yes,25400.0,714.0,761200.0,375400.0,E-commerce Shopping EMI,47000.0,14,Eligible,13667.5
32.0,Female,Single,High School,80300.0,Government,4.3,Large Indian,Own,0.0,1,0,0.0,0.0,10100.0,19700.0,12700.0,Yes,11000.0,789.0,600800.0,180600.0,E-commerce Shopping EMI,98000.0,15,Eligible,13619.76
32.0,Female,Married,Graduate,42600.0,Private,1.1,MNC,Rented,9000.0,3,2,0.0,0.0,4700.0,10000.0,7600.0,Yes,6600.0,643.0,327700.0,93700.0,E-commerce Shopping EMI,85000.0,3,Not_Eligible,1447.6
32.0,Male,Married,Professional,71600.0,Government,1.0,Mid-size,Family,0.0,3,2,11200.0,0.0,6000.0,11300.0,11200.0,Yes,12400.0,723.0,235400.0,90800.0,Vehicle EMI,1212000.0,13,Not_Eligible,6825.0
32.0,Male,Single,Post Graduate,47500.0,Private,1.4,Large Indian,Own,0.0,3,2,3200.0,0.0,3600.0,11400.0,7000.0,No,0.0,751.0,108100.0,43700.0,Home Appliances EMI,235000.0,19,Not_Eligible,13380.0
32.0,Male,Married,Professional,121300.0,Private,3.7,Large Indian,Own,0.0,2,1,8400.0,0.0,9000.0,29700.0,23100.0,No,0.0,778.0,641000.0,137400.0,Vehicle EMI,1278000.0,31,Not_Eligible,30660.0
38.0,Female,Married,Post Graduate,116100.0,Private,9.0,Large Indian,Rented,31700.0,4,3,14800.0,0.0,14200.0,27100.0,10000.0,No,0.0,730.0,189200.0,76100.0,Vehicle EMI,106000.0,66,Eligible,7320.0
38.0,Male,Married,Post Graduate,50900.0,Private,0.9,Mid-size,Family,0.0,4,3,13200.0,23000.0,3800.0,12200.0,5800.0,Yes,13400.0,574.0,149200.0,31700.0,Personal Loan EMI,841000.0,57,Not_Eligible,500.0
48.0,Male,Married,Post Graduate,43100.0,Private,15.8,MNC,Rented,14800.0,5,4,10200.0,0.0,4400.0,7400.0,8200.0,No,0.0,707.0,326900.0,165000.0,Home Appliances EMI,124000.0,24,Not_Eligible,500.0
32.0,Female,Single,Graduate,41700.0,Private,7.3,Large Indian,Rented,11100.0,1,0,0.0,0.0,5600.0,7600.0,3700.0,No,0.0,765.0,167400.0,65400.0,Home Appliances EMI,199000.0,15,Not_Eligible,8220.0
32.0,Male,Married,Professional,47400.0,Private,7.0,Startup,Own,0.0,2,1,10800.0,6600.0,5200.0,13800.0,4300.0,No,0.0,781.0,341300.0,194700.0,Vehicle EMI,547000.0,72,Not_Eligible,4422.0
27.0,Male,Married,Graduate,78400.0,Private,0.5,Large Indian,Own,0.0,2,1,11400.0,15900.0,5100.0,19800.0,5500.0,Yes,10300.0,683.0,536000.0,187300.0,Education EMI,295000.0,9,Not_Eligible,3203.2
32.0,Female,Single,High School,22600.0,Government,0.5,Mid-size,Rented,7500.0,2,1,4400.0,0.0,1500.0,6600.0,1300.0,No,0.0,649.0,112800.0,23700.0,Home Appliances EMI,222000.0,33,Not_Eligible,520.0
32.0,Male,Married,High School,39400.0,Private,2.9,Large Indian,Family,,4,3,3200.0,0.0,4200.0,8100.0,5800.0,No,0.0,679.0,71300.0,17100.0,Education EMI,208000.0,39,High_Risk,7240.0
58.0,Female,Married,Post Graduate,87400.0,Private,32.2,Large Indian,Rented,27500.0,3,2,14200.0,0.0,9900.0,18600.0,5600.0,No,0.0,712.0,99400.0,55700.0,Personal Loan EMI,326000.0,36,Not_Eligible,4640.0
27.0,Female,Married,Graduate,42200.0,Self-employed,1.7,Small,Rented,14400.0,2,1,0.0,0.0,3200.0,11000.0,6200.0,Yes,5500.0,583.0,74100.0,18800.0,Vehicle EMI,596000.0,75,Not_Eligible,500.0
38.0,Female,Married,Post Graduate,66700.0,Self-employed,13.0,Startup,Own,0.0,4,3,13100.0,18400.0,7900.0,12900.0,12500.0,No,0.0,745.0,264300.0,97000.0,Education EMI,483000.0,33,Not_Eligible,855.0
38.0,Female,Married,Graduate,49300.0,Private,5.4,MNC,Family,0.0,3,2,0.0,0.0,6900.0,11900.0,9800.0,No,0.0,785.0,55200.0,24700.0,E-commerce Shopping EMI,58000.0,21,Eligible,9936.0
38.0,Male,Married,Graduate,55900.0,Private,14.0,MNC,Rented,9000.0,2,1,9300.0,0.0,3200.0,12700.0,6400.0,No,0.0,785.0,131100.0,53800.0,Personal Loan EMI,248000.0,56,Eligible,9180.0
38.0,Male,Married,Graduate,56900.0,Government,6.5,Large Indian,Family,0.0,3,2,12900.0,17100.0,6000.0,11100.0,10900.0,No,0.0,747.0,157300.0,66300.0,Vehicle EMI,1159000.0,76,Not_Eligible,500.0
38.0,Male,Married,Post Graduate,68400.0,Self-employed,2.3,Large Indian,Family,0.0,5,4,13800.0,0.0,4000.0,16100.0,13100.0,No,0.0,622.0,113800.0,34600.0,Vehicle EMI,640000.0,22,Not_Eligible,6163.2
32.0,Female,Married,Professional,47400.0,Private,4.9,Large Indian,Own,0.0,3,2,12900.0,0.0,6100.0,8700.0,4400.0,Yes,13200.0,686.0,47400.0,20600.0,Personal Loan EMI,130000.0,12,Not_Eligible,588.0
32.0,Female,Single,Graduate,38000.0,Private,2.0,MNC,Own,0.0,2,1,10100.0,15400.0,2600.0,8100.0,4200.0,Yes,10600.0,654.0,193700.0,107000.0,Vehicle EMI,1185000.0,32,Not_Eligible,500.0
38.0,Female,Married,Graduate,65800.0,Private,5.8,Large Indian,Own,0.0,3,2,0.0,0.0,9600.0,16100.0,4700.0,No,0.0,703.0,292600.0,107300.0,Home Appliances EMI,289000.0,8,Not_Eligible,17700.0
32.0,Male,Married,Post Graduate,34500.0,Government,10.0,Large Indian,Rented,9800.0,4,3,8400.0,0.0,4100.0,8500.0,3000.0,No,0.0,710.0,172100.0,43500.0,E-commerce Shopping EMI,59000.0,12,Not_Eligible,500.0
58.0,Male,Married,High School,23300.0,Private,11.7,Large Indian,Rented,4800.0,3,2,4800.0,0.0,2300.0,4500.0,3700.0,No,0.0,753.0,180600.0,98700.0,Vehicle EMI,667000.0,48,Not_Eligible,2112.0
38.0,Male,Single,Graduate,31200.0,Self-employed,1.0,Startup,Own,0.0,3,2,0.0,18800.0,2800.0,5500.0,3200.0,Yes,3800.0,563.0,86100.0,19000.0,Home Appliances EMI,32000.0,6,Not_Eligible,500.0
48.0,Male,Married,Professional,136800.0,Private,4.9,MNC,Own,0.0,3,2,6400.0,0.0,20000.0,22900.0,8600.0,No,0.0,760.0,1060200.0,596000.0,E-commerce Shopping EMI,144000.0,12,Eligible,52074.0
48.0,Female,Married,Professional,43300.0,Private,26.0,MNC,Rented,12300.0,4,3,7900.0,6500.0,2200.0,8700.0,3100.0,No,0.0,781.0,223400.0,52100.0,E-commerce Shopping EMI,125000.0,22,Not_Eligible,1560.0
48.0,Female,Married,High School,14400.0,Private,8.4,Startup,Rented,3300.0,4,3,12700.0,14000.0,1900.0,3700.0,2600.0,No,0.0,742.0,42600.0,22900.0,Education EMI,180000.0,36,Not_Eligible,500.0
27.0,Female,Single,Post Graduate,27200.0,Private,0.5,Mid-size,Family,0.0,3,2,8800.0,0.0,3500.0,8000.0,2800.0,Yes,7500.0,999.0,90100.0,21900.0,E-commerce Shopping EMI,190000.0,3,Not_Eligible,500.0
38.0,Male,Married,Professional,63100.0,Self-employed,16.0,Large Indian,Own,0.0,5,4,6600.0,7900.0,8000.0,15800.0,10000.0,No,0.0,849.0,127600.0,55400.0,E-commerce Shopping EMI,37000.0,23,Eligible,7992.0
38.0,Male,Single,Graduate,50600.0,Private,11.1,MNC,Family,0.0,3,2,7800.0,24700.0,5900.0,11400.0,5800.0,Yes,6100.0,638.0,251400.0,90600.0,Personal Loan EMI,561000.0,17,Not_Eligible,500.0
32.0,Female,Married,Graduate,41700.0,Private,9.0,MNC,Rented,7200.0,3,2,5800.0,11300.0,3900.0,10000.0,7100.0,Yes,8200.0,810.0,296000.0,104400.0,Education EMI,80000.0,37,Not_Eligible,500.0
27.0,Female,Married,Graduate,91200.0,Private,0.5,MNC,Own,0.0,4,3,12000.0,0.0,12900.0,19500.0,12300.0,No,0.0,737.0,47500.0,11000.0,Personal Loan EMI,94000.0,41,Eligible,11040.0
48.0,Male,Married,Post Graduate,48600.0,Private,4.1,Large Indian,Family,0.0,3,2,14200.0,0.0,5500.0,13800.0,4200.0,Yes,10200.0,591.0,122100.0,42100.0,Home Appliances EMI,218000.0,8,Not_Eligible,500.0
38.0,Female,Married,Graduate,40200.0,Government,5.2,Large Indian,Own,0.0,3,2,14600.0,0.0,4900.0,8700.0,2900.0,No,0.0,753.0,174100.0,93500.0,Vehicle EMI,1041000.0,76,Not_Eligible,6006.0
48.0,Female,Married,High School,34900.0,Self-employed,17.4,Startup,Family,0.0,3,2,8900.0,0.0,4100.0,9900.0,6200.0,Yes,3500.0,644.0,34800.0,15900.0,Personal Loan EMI,359000.0,24,Not_Eligible,500.0
48.0,Female,Married,Post Graduate,62800.0,Private,1.1,Large Indian,Family,0.0,4,3,14200.0,0.0,9300.0,17300.0,6000.0,Yes,6400.0,740.0,41000.0,16900.0,Personal Loan EMI,207000.0,31,Not_Eligible,2688.0
32.0,Female,Married,Graduate,38400.0,Self-employed,4.4,Small,Rented,9200.0,2,1,0.0,6900.0,3800.0,8800.0,3000.0,No,0.0,715.0,119900.0,62400.0,Personal Loan EMI,934000.0,45,Not_Eligible,3015.0
27.0,Male,Married,Graduate,24600.0,Private,0.6,Large Indian,Family,0.0,4,3,0.0,0.0,3600.0,6900.0,3100.0,No,0.0,711.0,123900.0,24900.0,Education EMI,417000.0,22,Not_Eligible,4400.0
58.0,Male,Married,Graduate,35700.0,Private,8.4,MNC,Own,0.0,4,3,0.0,0.0,3500.0,5400.0,7100.0,No,0.0,666.0,81400.0,34500.0,Education EMI,433000.0,13,Not_Eligible,9850.0
27.0,Female,Married,Professional,128500.0,Private,0.9,Large Indian,Family,0.0,2,1,10100.0,0.0,8600.0,31700.0,25000.0,Yes,21300.0,672.0,660200.0,269700.0,Vehicle EMI,1212000.0,61,Not_Eligible,8904.0
32.0,Male,Married,High School,36800.0,Private,4.5,Large Indian,Rented,6200.0,3,2,0.0,0.0,5100.0,8500.0,4100.0,No,0.0,824.0,125500.0,,E-commerce Shopping EMI,87000.0,16,Eligible,7740.0
58.0,Female,Married,Graduate,18000.0,Government,36.0,Large Indian,Own,0.0,3,2,0.0,0.0,2100.0,2800.0,2900.0,Yes,4000.0,717.0,100600.0,50000.0,Personal Loan EMI,551000.0,24,Not_Eligible,2387.0
27.0,Male,Married,Post Graduate,96900.0,Government,1.4,MNC,Rented,23800.0,4,3,0.0,0.0,8500.0,18000.0,14100.0,No,0.0,767.0,94300.0,26400.0,Personal Loan EMI,206000.0,12,Not_Eligible,15600.0
38.0,Female,Married,Graduate,17600.0,Private,9.5,Startup,Family,0.0,3,2,14600.0,0.0,1300.0,4500.0,2600.0,No,0.0,784.0,60300.0,14800.0,Vehicle EMI,911000.0,41,Not_Eligible,500.0
48.0,Male,Married,High School,41000.0,Private,26.0,Large Indian,Rented,8100.0,3,2,4800.0,0.0,2500.0,8400.0,8000.0,No,0.0,623.0,99600.0,25900.0,Home Appliances EMI,298000.0,18,Not_Eligible,3680.0
48.0,Male,Married,Graduate,47300.0,Private,2.5,MNC,Rented,13600.0,4,3,11600.0,0.0,6500.0,12400.0,8800.0,Yes,10400.0,674.0,240600.0,48400.0,Personal Loan EMI,186000.0,55,Not_Eligible,500.0
32.0,Male,Married,Graduate,44200.0,Private,1.2,Startup,Family,0.0,3,2,0.0,17700.0,4400.0,6900.0,4100.0,No,0.0,700.0,89200.0,23500.0,E-commerce Shopping EMI,71000.0,7,Not_Eligible,5550.0
32.0,Female,Married,Post Graduate,75300.0,Private,0.9,Mid-size,Own,0.0,3,2,10700.0,0.0,4400.0,11400.0,9300.0,Yes,12200.0,817.0,590500.0,238600.0,Personal Loan EMI,193000.0,22,Not_Eligible,10090.08
58.0,Male,Married,Post Graduate,36700.0,Private,2.6,Startup,Rented,7400.0,2,1,9200.0,0.0,4200.0,7600.0,4800.0,Yes,9400.0,613.0,153200.0,46600.0,E-commerce Shopping EMI,100000.0,24,Not_Eligible,500.0
48.0,Male,Married,Post Graduate,53600.0,Private,11.4,Mid-size,Rented,8900.0,2,1,8900.0,12700.0,7200.0,8700.0,10300.0,No,0.0,750.0,364700.0,74600.0,Education EMI,82000.0,39,Not_Eligible,500.0
32.0,Female,Single,Post Graduate,142300.0,Self-employed,2.3,Startup,Own,0.0,2,1,0.0,0.0,9500.0,33000.0,18500.0,No,0.0,590.0,930600.0,229500.0,Personal Loan EMI,470000.0,43,Eligible,32194.8
38.0,Male,Single,Graduate,62100.0,Private,2.2,Large Indian,Family,0.0,1,0,0.0,0.0,5600.0,11200.0,8200.0,No,0.0,682.0,118400.0,26000.0,Home Appliances EMI,175000.0,25,Eligible,14840.0
38.0,Female,Single,Post Graduate,23400.0,Private,2.4,Large Indian,Rented,7200.0,1,0,0.0,0.0,2000.0,6300.0,3600.0,No,0.0,681.0,46400.0,23100.0,Home Appliances EMI,186000.0,25,Not_Eligible,1720.0
48.0,Male,Single,Graduate,53800.0,Self-employed,12.6,Large Indian,Own,0.0,1,0,0.0,0.0,3600.0,9400.0,9000.0,Yes,14300.0,729.0,193800.0,80300.0,E-commerce Shopping EMI,161000.0,3,Not_Eligible,5512.5
58.0,Female,Single,High School,14900.0,Self-employed,1.3,Startup,Rented,3900.0,3,2,11200.0,21400.0,1800.0,2400.0,2800.0,No,0.0,642.0,53700.0,22300.0,Education EMI,425000.0,26,Not_Eligible,500.0
32.0,Female,Married,Professional,117200.0,Private,1.0,Mid-size,Family,0.0,4,3,13400.0,12900.0,6600.0,27600.0,19500.0,No,0.0,639.0,194900.0,102100.0,Home Appliances EMI,275000.0,15,Not_Eligible,11904.0
38.0,Female,Married,Graduate,48600.0,Private,3.7,Mid-size,Rented,15500.0,5,4,6400.0,0.0,3000.0,12700.0,6400.0,No,0.0,696.0,199500.0,118000.0,E-commerce Shopping EMI,169000.0,17,Not_Eligible,2300.0
38.0,Female,Married,Post Graduate,88800.0,Private,1.6,Large Indian,Rented,17400.0,4,3,5400.0,0.0,9200.0,25000.0,9300.0,Yes,17000.0,620.0,162800.0,37800.0,Vehicle EMI,1172000.0,65,Not_Eligible,1232.0
48.0,Male,Single,Graduate,44800.0,Private,24.6,MNC,Rented,7700.0,1,0,0.0,0.0,3500.0,10600.0,8900.0,No,0.0,771.0,40300.0,17400.0,E-commerce Shopping EMI,165000.0,10,Not_Eligible,6768.0
27.0,Male,Married,Graduate,22700.0,Private,0.5,Mid-size,Family,0.0,3,2,0.0,9200.0,1700.0,5200.0,4100.0,No,0.0,631.0,141500.0,37600.0,Education EMI,83000.0,34,Not_Eligible,880.0
38.0,Male,Married,Graduate,20000.0,Private,1.8,Mid-size,Rented,4900.0,5,4,12800.0,0.0,1600.0,4200.0,2200.0,No,0.0,708.0,41000.0,8300.0,Vehicle EMI,323000.0,65,Not_Eligible,500.0
32.0,Male,Single,Post Graduate,55200.0,Private,8.6,Large Indian,Own,0.0,1,0,0.0,0.0,7800.0,16100.0,8100.0,No,0.0,645.0,375500.0,188400.0,Vehicle EMI,174000.0,27,Eligible,10208.0
38.0,Male,Married,Graduate,106900.0,Government,10.3,MNC,Own,0.0,4,3,0.0,6000.0,10200.0,20500.0,13900.0,No,0.0,732.0,653700.0,152000.0,Home Appliances EMI,216000.0,9,Eligible,34061.5
48.0,Male,Married,Graduate,38000.0,Private,21.6,Startup,Rented,11800.0,2,1,4200.0,24700.0,2800.0,9400.0,7200.0,No,0.0,734.0,183400.0,55300.0,E-commerce Shopping EMI,183000.0,12,Not_Eligible,500.0
32.0,Male,Married,Post Graduate,55300.0,Private,1.8,Startup,Family,0.0,4,3,0.0,0.0,3500.0,13900.0,4800.0,No,0.0,709.0,375000.0,185200.0,Personal Loan EMI,945000.0,13,Not_Eligible,18205.0
48.0,Male,Single,Professional,114300.0,Private,17.2,Large Indian,Family,0.0,2,1,12400.0,0.0,9800.0,27000.0,17700.0,Yes,19000.0,756.0,328400.0,93200.0,E-commerce Shopping EMI,130000.0,3,Not_Eligible,11928.0
48.0,Male,Married,Professional,22500.0,Private,2.4,Large Indian,Own,0.0,4,3,0.0,6600.0,1900.0,4800.0,4400.0,Yes,3500.0,712.0,51600.0,11800.0,E-commerce Shopping EMI,198000.0,9,Not_Eligible,500.0
32.0,Male,Married,High School,77500.0,Private,0.5,MNC,Rented,25700.0,4,3,0.0,8400.0,4700.0,15200.0,12500.0,No,0.0,781.0,257900.0,113600.0,Education EMI,445000.0,7,Not_Eligible,5280.0
38.0,Male,Married,Graduate,35000.0,Self-employed,3.4,MNC,Rented,11000.0,4,3,14600.0,0.0,3300.0,7900.0,5800.0,No,0.0,623.0,83500.0,43500.0,Personal Loan EMI,793000.0,59,Not_Eligible,500.0
38.0,Male,Single,High School,51200.0,Private,2.6,MNC,Own,0.0,2,1,0.0,0.0,7100.0,8700.0,2700.0,No,0.0,654.0,108100.0,61700.0,Personal Loan EMI,72000.0,27,Eligible,16350.0
27.0,Male,Married,Post Graduate,73200.0,Private,0.9,Large Indian,Own,0.0,3,2,5800.0,8500.0,7500.0,18400.0,13300.0,No,0.0,737.0,436900.0,159500.0,Home Appliances EMI,60000.0,30,Eligible,7880.0
48.0,Female,Married,Post Graduate,62500.0,Private,18.3,Large Indian,Rented,14100.0,5,4,0.0,19200.0,7300.0,18300.0,6700.0,No,0.0,721.0,115000.0,29100.0,Personal Loan EMI,742000.0,25,Not_Eligible,500.0
38.0,Female,Married,High School,38800.0,Government,0.9,Large Indian,Rented,8300.0,5,4,13700.0,0.0,5300.0,8900.0,5600.0,No,0.0,673.0,113600.0,48100.0,Vehicle EMI,1348000.0,37,Not_Eligible,500.0
32.0,Male,Married,Graduate,62200.0,Private,10.0,Mid-size,Family,0.0,3,2,14200.0,0.0,4000.0,10700.0,10100.0,No,0.0,688.0,232100.0,125200.0,Home Appliances EMI,299000.0,19,Not_Eligible,11600.0
38.0,Female,Married,High School,50200.0,Government,5.7,Large Indian,Own,0.0,4,3,0.0,0.0,3800.0,7600.0,5200.0,No,0.0,729.0,253000.0,88600.0,Vehicle EMI,1408000.0,53,Not_Eligible,18480.0
32.0,Female,Married,High School,66100.0,Private,2.4,Mid-size,Rented,21300.0,3,2,9700.0,0.0,7600.0,11400.0,5900.0,No,0.0,761.0,488700.0,140600.0,Vehicle EMI,758000.0,19,Not_Eligible,6732.0
38.0,Female,Married,Professional,98600.0,Private,1.8,Mid-size,Own,0.0,4,3,0.0,0.0,8400.0,29600.0,8700.0,Yes,28800.0,633.0,345600.0,201400.0,E-commerce Shopping EMI,120000.0,18,Not_Eligible,6468.0
48.0,Male,Married,High School,32800.0,Private,3.2,MNC,Own,0.0,4,3,0.0,15400.0,2200.0,8600.0,4000.0,Yes,7300.0,703.0,155000.0,85000.0,Education EMI,278000.0,23,Not_Eligible,500.0
32.0,Female,Married,Graduate,41100.0,Private,0.7,MNC,Own,0.0,5,4,5900.0,14900.0,6100.0,10900.0,6700.0,Yes,4900.0,675.0,209600.0,43600.0,Education EMI,244000.0,31,Not_Eligible,500.0
27.0,Female,Single,Graduate,80300.0,Private,0.6,Mid-size,Family,0.0,2,1,2800.0,0.0,5400.0,20500.0,4100.0,Yes,16600.0,666.0,339100.0,143900.0,Vehicle EMI,1263000.0,22,Not_Eligible,8652.0
32.0,Male,Married,Graduate,49200.0,Government,9.6,MNC,Own,0.0,4,3,0.0,0.0,7200.0,13200.0,8400.0,No,0.0,782.0,225200.0,57600.0,Personal Loan EMI,160000.0,54,Eligible,13464.0
48.0,Male,Married,Post Graduate,107100.0,Government,5.8,MNC,Rented,19700.0,3,2,11000.0,0.0,7100.0,29200.0,15800.0,Yes,11000.0,758.0,836400.0,343400.0,Education EMI,109000.0,43,Eligible,6759.06
58.0,Female,Married,Graduate,42300.0,Government,15.6,Large Indian,Rented,11600.0,3,2,14300.0,0.0,6000.0,9200.0,6700.0,No,0.0,778.0,177100.0,103900.0,Personal Loan EMI,994000.0,52,Not_Eligible,500.0
27.0,Female,Married,Graduate,18000.0,Government,0.5,Small,Own,0.0,2,1,0.0,0.0,1700.0,4200.0,2600.0,No,0.0,741.0,110200.0,62200.0,E-commerce Shopping EMI,156000.0,23,Not_Eligible,5225.0
38.0,Male,Married,Graduate,35400.0,Private,3.2,MNC,Own,0.0,4,3,2400.0,0.0,2000.0,5500.0,6900.0,Yes,9900.0,614.0,116500.0,30100.0,Education EMI,307000.0,11,Not_Eligible,2436.0
48.0,Female,Married,Professional,72400.0,Private,4.8,MNC,Family,0.0,2,1,7200.0,0.0,10200.0,14800.0,11800.0,No,0.0,658.0,383700.0,225000.0,E-commerce Shopping EMI,193000.0,21,Eligible,14200.0
32.0,Male,Married,Graduate,74700.0,Private,7.3,Mid-size,Rented,21600.0,2,1,5000.0,12400.0,4500.0,12000.0,13800.0,No,0.0,717.0,108800.0,25500.0,Education EMI,76000.0,15,Not_Eligible,2160.0
38.0,Female,Married,High School,30500.0,Private,16.0,Large Indian,Rented,7700.0,4,3,13100.0,14400.0,3200.0,7100.0,5700.0,Yes,7100.0,759.0,209000.0,86500.0,E-commerce Shopping EMI,43000.0,18,Not_Eligible,500.0
38.0,Male,Married,High School,32000.0,Private,6.9,Large Indian,Family,0.0,4,3,7200.0,23800.0,4300.0,6500.0,6400.0,No,0.0,707.0,146400.0,46100.0,Vehicle EMI,305000.0,53,Not_Eligible,500.0
38.0,Male,Married,Post Graduate,84900.0,Government,4.6,Startup,Family,0.0,4,3,8600.0,0.0,11600.0,20600.0,13800.0,No,0.0,755.0,678900.0,246500.0,Vehicle EMI,756000.0,36,Not_Eligible,21997.8
58.0,Female,Married,Professional,42300.0,Private,0.5,Mid-size,Rented,12700.0,4,3,0.0,0.0,5900.0,6600.0,3500.0,Yes,6100.0,647.0,205500.0,71400.0,Home Appliances EMI,226000.0,7,Not_Eligible,1680.0
58.0,Male,Married,Post Graduate,106000.0,Government,11.2,Mid-size,Family,0.0,4,3,14000.0,0.0,8600.0,28700.0,10800.0,Yes,28300.0,782.0,534400.0,117300.0,Personal Loan EMI,215000.0,24,Not_Eligible,7207.2
38.0,Male,Single,Professional,40900.0,Private,8.7,Large Indian,Rented,8900.0,2,1,0.0,0.0,4800.0,10400.0,7400.0,No,0.0,667.0,186000.0,81900.0,Education EMI,167000.0,29,Not_Eligible,4700.0
38.0,Female,Married,Graduate,92600.0,Private,7.3,MNC,Family,0.0,3,2,2100.0,10100.0,6700.0,21500.0,5100.0,No,0.0,808.0,104000.0,54300.0,Home Appliances EMI,184000.0,19,Eligible,22608.0
27.0,Male,Single,Post Graduate,91800.0,Government,0.5,Mid-size,Family,0.0,1,0,0.0,0.0,11300.0,13800.0,14800.0,No,0.0,850.0,79000.0,21300.0,E-commerce Shopping EMI,59000.0,21,Eligible,24912.0
27.0,Female,Single,Post Graduate,136300.0,Private,2.2,MNC,Family,0.0,1,0,0.0,0.0,7800.0,30700.0,15300.0,No,0.0,687.0,919500.0,463600.0,Home Appliances EMI,66000.0,23,Eligible,45375.0
32.0,Male,Single,Graduate,35300.0,Government,3.1,Startup,Own,0.0,2,1,2200.0,0.0,3500.0,9900.0,6200.0,No,0.0,693.0,102800.0,40600.0,E-commerce Shopping EMI,49000.0,18,Eligible,7425.0
48.0,Female,Married,Professional,72500.0,Government,3.9,Large Indian,Own,0.0,5,4,0.0,0.0,3700.0,12800.0,6800.0,Yes,16600.0,725.0,422200.0,104800.0,Vehicle EMI,1206000.0,42,Not_Eligible,12551.0
32.0,Male,Married,Graduate,70900.0,Private,3.6,Large Indian,Own,0.0,3,2,8000.0,0.0,10000.0,19400.0,10800.0,No,0.0,685.0,485700.0,152800.0,E-commerce Shopping EMI,53000.0,9,Eligible,12485.0
38.0,Female,Single,Professional,49800.0,Private,2.4,Large Indian,Family,0.0,1,0,0.0,0.0,6100.0,9900.0,3400.0,No,0.0,653.0,143000.0,45100.0,Home Appliances EMI,24000.0,33,Eligible,15200.0
32.0,Female,Single,Post Graduate,130700.0,Government,2.4,Large Indian,Own,0.0,3,2,12400.0,0.0,16400.0,21600.0,14200.0,No,0.0,761.0,445400.0,261000.0,Home Appliances EMI,228000.0,13,Eligible,39660.0
58.0,Male,Married,High School,35400.0,Private,22.9,Small,Own,0.0,3,2,7200.0,0.0,2500.0,9000.0,6100.0,No,0.0,811.0,100400.0,45900.0,E-commerce Shopping EMI,28000.0,11,Eligible,6360.0
32.0,Male,Married,Professional,53500.0,Self-employed,1.5,Mid-size,Own,13302.0,2,1,8200.0,0.0,5300.0,11900.0,5100.0,No,0.0,597.0,128200.0,34600.0,E-commerce Shopping EMI,122000.0,16,Not_Eligible,8280.0
48.0,Female,Single,Graduate,105200.0,Private,15.1,MNC,Rented,22800.0,1,0,0.0,0.0,5600.0,21000.0,9100.0,Yes,29700.0,585.0,512300.0,141400.0,Home Appliances EMI,259000.0,11,Not_Eligible,4760.0
32.0,Female,Married,Graduate,30700.0,Government,4.0,MNC,Own,0.0,3,2,4100.0,0.0,3400.0,8300.0,5500.0,No,0.0,850.0,65200.0,39000.0,Personal Loan EMI,281000.0,37,Not_Eligible,6204.0
38.0,Male,Married,Graduate,49400.0,Private,3.7,Mid-size,Rented,9700.0,2,1,14800.0,0.0,7200.0,14100.0,2900.0,No,0.0,732.0,181500.0,68600.0,Home Appliances EMI,161000.0,13,Not_Eligible,500.0
32.0,Female,Married,High School,40000.0,Private,0.7,Large Indian,Own,0.0,2,1,0.0,0.0,2000.0,9500.0,7100.0,No,0.0,771.0,210000.0,81200.0,Vehicle EMI,1493000.0,84,Not_Eligible,10272.0
27.0,Male,Single,Post Graduate,50500.0,Private,0.5,Mid-size,Rented,10600.0,2,1,9300.0,0.0,5100.0,12900.0,5800.0,No,0.0,661.0,108000.0,38900.0,Home Appliances EMI,56000.0,7,Not_Eligible,2720.0
27.0,Male,Single,Post Graduate,309644.0,Private,2.4,Large Indian,Rented,10200.0,3,2,2300.0,0.0,7300.0,14800.0,6100.0,No,0.0,700.0,112900.0,50600.0,Home Appliances EMI,163000.0,12,Not_Eligible,7200.0
32.0,Female,Single,High School,54100.0,Self-employed,4.3,Large Indian,Rented,10400.0,1,0,0.0,0.0,6600.0,10500.0,4300.0,Yes,10400.0,614.0,223100.0,52000.0,E-commerce Shopping EMI,97000.0,19,Not_Eligible,2998.8
38.0,Male,Single,Post Graduate,53600.0,Private,15.0,Mid-size,Family,0.0,3,2,0.0,0.0,4300.0,16000.0,10200.0,Yes,5800.0,690.0,263000.0,106400.0,Education EMI,115000.0,10,Not_Eligible,6055.0
27.0,Male,Single,Post Graduate,79600.0,Private,3.2,Mid-size,Family,0.0,1,0,0.0,0.0,10100.0,12300.0,4400.0,No,0.0,633.0,487500.0,107700.0,E-commerce Shopping EMI,200000.0,15,Eligible,23232.0
48.0,Male,Married,Post Graduate,35200.0,Private,6.6,Large Indian,Own,0.0,4,3,0.0,0.0,5200.0,6300.0,5300.0,Yes,8400.0,591.0,134800.0,33300.0,Home Appliances EMI,93000.0,30,Not_Eligible,2800.0
32.0,Female,Married,Graduate,44800.0,Private,0.9,MNC,Own,0.0,3,2,2600.0,15900.0,4800.0,9900.0,8700.0,No,0.0,681.0,330000.0,191200.0,E-commerce Shopping EMI,185000.0,22,Not_Eligible,1276.0
27.0,Male,Single,High School,55900.0,Private,0.5,MNC,Family,0.0,1,0,0.0,0.0,4900.0,11900.0,9800.0,No,0.0,775.0,380900.0,155100.0,Personal Loan EMI,963000.0,17,Not_Eligible,15470.4
48.0,Male,Single,Professional,68900.0,Government,1.0,Small,Family,0.0,1,0,0.0,0.0,5100.0,12100.0,11700.0,Yes,13000.0,708.0,80400.0,37400.0,Home Appliances EMI,258000.0,33,Not_Eligible,7560.0
38.0,Male,Married,Professional,129100.0,Private,0.5,Large Indian,Rented,31800.0,3,2,7100.0,11000.0,17600.0,37000.0,9000.0,No,0.0,0.0,263800.0,106200.0,Education EMI,304000.0,8,Not_Eligible,6240.0
58.0,Female,Married,Post Graduate,68400.0,Private,0.5,Startup,Own,0.0,2,1,2600.0,0.0,7800.0,18000.0,7300.0,Yes,18300.0,628.0,39500.0,12500.0,Home Appliances EMI,243000.0,8,Not_Eligible,2580.48
38.0,Female,Married,Graduate,41700.0,Private,2.8,Large Indian,Rented,9600.0,5,4,13000.0,0.0,3800.0,9000.0,3400.0,No,0.0,541.0,91000.0,44400.0,Home Appliances EMI,63000.0,22,Not_Eligible,725.0
32.0,Male,Single,Graduate,20000.0,Private,3.6,Startup,Family,0.0,3,2,13100.0,0.0,2800.0,4400.0,2700.0,Yes,5300.0,681.0,109000.0,64700.0,Vehicle EMI,380000.0,30,Not_Eligible,500.0
48.0,Male,Married,Graduate,44600.0,Government,0.5,MNC,Rented,11100.0,5,4,0.0,0.0,4200.0,6700.0,7100.0,Yes,12800.0,747.0,107400.0,54400.0,Personal Loan EMI,514000.0,46,Not_Eligible,945.0
38.0,Female,Married,Post Graduate,48800.0,Private,0.6,Mid-size,Rented,9700.0,4,3,11200.0,18300.0,3200.0,13700.0,5500.0,No,0.0,572.0,102400.0,22000.0,Personal Loan EMI,307000.0,51,Not_Eligible,500.0
38.0,Female,Married,Post Graduate,58300.0,Private,4.2,Startup,Family,17582.0,3,2,0.0,11900.0,6200.0,14900.0,5200.0,No,0.0,773.0,300100.0,,Personal Loan EMI,521000.0,27,Not_Eligible,12060.0
48.0,Female,Married,Graduate,51300.0,Private,4.3,MNC,Family,0.0,2,1,0.0,0.0,4600.0,8300.0,6300.0,No,0.0,627.0,219700.0,78500.0,Education EMI,480000.0,29,Not_Eligible,12840.0
27.0,Female,Single,Professional,94600.0,Private,2.2,Large Indian,Rented,19200.0,1,0,0.0,0.0,7800.0,21700.0,8400.0,No,0.0,798.0,547900.0,287900.0,Vehicle EMI,312000.0,65,Eligible,22500.0
48.0,Female,Married,Post Graduate,90100.0,Government,7.4,MNC,Rented,16900.0,2,1,12900.0,0.0,12800.0,24000.0,4900.0,No,0.0,999.0,570000.0,321700.0,Personal Loan EMI,602000.0,30,Not_Eligible,13503.6
32.0,Male,Married,Post Graduate,35700.0,Private,0.5,Large Indian,Rented,7400.0,3,2,6700.0,10900.0,4300.0,7700.0,5600.0,Yes,10000.0,600.0,248800.0,113500.0,E-commerce Shopping EMI,102000.0,15,Not_Eligible,500.0
38.0,Male,Married,Professional,114200.0,Private,4.5,Mid-size,Rented,27200.0,4,3,0.0,0.0,15100.0,32200.0,15100.0,No,0.0,710.0,706100.0,345000.0,Personal Loan EMI,109000.0,23,Eligible,13530.0
48.0,Female,Married,Post Graduate,23300.0,Private,5.7,MNC,Family,0.0,5,4,0.0,12700.0,1800.0,5900.0,2100.0,No,0.0,702.0,177800.0,59800.0,Education EMI,117000.0,23,Not_Eligible,500.0
38.0,Female,Married,Post Graduate,68500.0,Private,1.4,MNC,Rented,12600.0,2,1,0.0,0.0,6800.0,17300.0,11600.0,Yes,12800.0,668.0,298700.0,124000.0,Education EMI,102000.0,13,Not_Eligible,2590.0
38.0,Male,Single,High School,60500.0,Government,9.5,Mid-size,Family,0.0,1,0,0.0,0.0,3600.0,12000.0,10700.0,Yes,10300.0,663.0,150600.0,79100.0,Education EMI,115000.0,47,Eligible,9201.5
38.0,Male,Married,Graduate,29700.0,Private,8.7,MNC,Family,0.0,3,2,0.0,23500.0,3800.0,5500.0,5800.0,No,0.0,708.0,128900.0,65800.0,Home Appliances EMI,295000.0,18,Not_Eligible,500.0
32.0,Female,Married,Professional,40800.0,Private,4.1,Small,Rented,10200.0,5,4,4900.0,0.0,5800.0,11200.0,6100.0,No,0.0,733.0,219200.0,50400.0,Home Appliances EMI,86000.0,23,Not_Eligible,1300.0
32.0,Female,Married,Post Graduate,46600.0,Self-employed,0.5,MNC,Own,0.0,3,2,12500.0,20600.0,7000.0,11000.0,8200.0,No,0.0,700.0,29500.0,16700.0,Vehicle EMI,370000.0,33,Not_Eligible,500.0
27.0,Male,Single,Graduate,34500.0,Private,2.3,Large Indian,Rented,9200.0,3,2,14100.0,8800.0,3800.0,5500.0,4700.0,Yes,7600.0,731.0,202200.0,86800.0,Home Appliances EMI,144000.0,14,Not_Eligible,500.0
48.0,Male,Married,Graduate,34300.0,Private,6.6,MNC,Family,0.0,4,3,0.0,12400.0,2300.0,7000.0,4300.0,No,0.0,678.0,70500.0,42300.0,Education EMI,351000.0,20,Not_Eligible,4150.0
38.0,Female,Married,Post Graduate,132100.0,Private,0.5,MNC,Family,0.0,3,2,10300.0,10600.0,9300.0,22000.0,13900.0,Yes,24000.0,999.0,474800.0,97500.0,Education EMI,274000.0,45,High_Risk,9408.0
58.0,Female,Married,Graduate,33600.0,Self-employed,8.1,MNC,Rented,8500.0,3,2,0.0,18600.0,4100.0,6000.0,2100.0,No,0.0,609.0,258200.0,122400.0,E-commerce Shopping EMI,166000.0,22,Not_Eligible,500.0
32.0,Female,Married,Professional,66100.0,Private,5.9,Large Indian,Rented,12300.0,3,2,3000.0,0.0,3800.0,11400.0,5800.0,No,0.0,732.0,226900.0,98300.0,Personal Loan EMI,709000.0,37,Not_Eligible,14900.0
38.0,Female,Married,Post Graduate,107700.0,Self-employed,1.5,Large Indian,Rented,26700.0,2,1,0.0,0.0,8700.0,31300.0,13300.0,No,0.0,768.0,594800.0,334800.0,Education EMI,403000.0,38,High_Risk,14958.0
38.0,Female,Married,Graduate,58400.0,Private,4.2,MNC,Own,0.0,3,2,6600.0,0.0,6500.0,13700.0,9900.0,Yes,17300.0,667.0,365300.0,114900.0,Education EMI,263000.0,42,Not_Eligible,1694.0
27.0,Male,Single,Graduate,72500.0,Private,2.0,Large Indian,Own,0.0,2,1,0.0,20700.0,6600.0,20400.0,9600.0,No,0.0,664.0,191600.0,94300.0,Education EMI,262000.0,48,High_Risk,7600.0
27.0,Female,Single,Graduate,29700.0,Private,0.8,MNC,Rented,10000.0,3,2,8300.0,0.0,4000.0,6900.0,3900.0,Yes,6300.0,764.0,76200.0,24800.0,Home Appliances EMI,21000.0,7,Not_Eligible,500.0
32.0,Male,Married,Graduate,54000.0,Private,6.2,Large Indian,Rented,17800.0,3,2,4100.0,0.0,7400.0,10400.0,8600.0,Yes,5700.0,622.0,394400.0,153200.0,Personal Loan EMI,836000.0,59,Not_Eligible,500.0
38.0,Male,Married,Professional,35700.0,Private,1.2,Startup,Family,0.0,4,3,0.0,21700.0,3200.0,9400.0,6700.0,No,0.0,637.0,28300.0,13500.0,E-commerce Shopping EMI,79000.0,22,Not_Eligible,500.0
48.0,Male,Married,High School,57100.0,Private,1.3,Startup,Rented,18100.0,4,3,8900.0,0.0,6200.0,12200.0,6000.0,No,0.0,599.0,266200.0,58500.0,E-commerce Shopping EMI,124000.0,12,Not_Eligible,2280.0
32.0,Male,Married,High School,20400.0,Private,2.1,MNC,Own,0.0,2,1,7000.0,19900.0,1800.0,3900.0,2400.0,Yes,3600.0,679.0,28700.0,12800.0,Education EMI,162000.0,25,Not_Eligible,500.0
32.0,Male,Married,Professional,27000.0,Private,0.7,Startup,Own,0.0,2,1,7000.0,0.0,3500.0,4500.0,2300.0,No,0.0,716.0,208800.0,76500.0,E-commerce Shopping EMI,49000.0,12,Not_Eligible,4268.0
48.0,Male,Married,High School,32500.0,Self-employed,1.0,Startup,Family,0.0,4,3,4200.0,9300.0,2100.0,9200.0,6000.0,No,0.0,0.0,45300.0,25200.0,Home Appliances EMI,87000.0,25,Not_Eligible,500.0
38.0,Male,Married,Post Graduate,62500.0,Private,16.0,Startup,Family,0.0,4,3,0.0,0.0,7400.0,12200.0,4700.0,Yes,16300.0,670.0,208100.0,83700.0,E-commerce Shopping EMI,15000.0,6,Eligible,7665.0
48.0,Female,Married,Graduate,97300.0,Private,26.0,Startup,Own,0.0,2,1,10300.0,0.0,5500.0,23900.0,15400.0,Yes,24500.0,767.0,179000.0,46300.0,Home Appliances EMI,138000.0,7,Not_Eligible,5947.2
58.0,Female,Married,Graduate,42900.0,Private,0.8,Large Indian,Rented,10400.0,2,1,8600.0,0.0,3600.0,12600.0,2300.0,Yes,6900.0,683.0,252000.0,91400.0,E-commerce Shopping EMI,187000.0,10,Not_Eligible,500.0
38.0,Male,Married,Post Graduate,56000.0,Private,16.0,Mid-size,Family,0.0,3,2,6500.0,0.0,5200.0,10500.0,3400.0,Yes,8400.0,750.0,213900.0,124100.0,Personal Loan EMI,424000.0,39,Not_Eligible,9240.0
32.0,Female,Married,Graduate,90300.0,Private,7.5,Large Indian,Own,0.0,3,2,11300.0,0.0,9400.0,24900.0,6000.0,No,0.0,658.0,530900.0,222000.0,Personal Loan EMI,831000.0,18,Not_Eligible,19350.0
38.0,Male,Married,Professional,124000.0,Government,0.5,Mid-size,Rented,33000.0,3,2,13300.0,11500.0,14600.0,30800.0,9000.0,No,0.0,809.0,190000.0,77100.0,E-commerce Shopping EMI,125000.0,5,Not_Eligible,5664.0
27.0,Male,Married,Graduate,89600.0,Self-employed,1.1,MNC,Rented,24900.0,4,3,4300.0,10300.0,10300.0,26300.0,9200.0,Yes,11700.0,606.0,519900.0,270300.0,Vehicle EMI,234000.0,75,Not_Eligible,500.0
48.0,Male,Married,Graduate,32400.0,Private,16.3,MNC,Own,0.0,4,3,0.0,18200.0,4500.0,5100.0,5800.0,No,0.0,750.0,95900.0,32900.0,Personal Loan EMI,529000.0,29,Not_Eligible,500.0
27.0,Male,Single,Graduate,33200.0,Private,0.5,Large Indian,Own,0.0,2,1,6400.0,0.0,1800.0,6500.0,2800.0,No,0.0,712.0,242000.0,140300.0,E-commerce Shopping EMI,38000.0,23,Eligible,6908.0
38.0,Female,Married,Professional,62400.0,Private,5.0,Mid-size,Rented,12700.0,3,2,13100.0,20200.0,7600.0,15800.0,10200.0,No,0.0,748.0,87100.0,35100.0,Education EMI,497000.0,31,Not_Eligible,500.0
27.0,Male,Single,Graduate,63300.0,Private,1.6,Large Indian,Own,0.0,3,2,14600.0,0.0,5900.0,11200.0,3500.0,Yes,11900.0,697.0,361400.0,77100.0,E-commerce Shopping EMI,119000.0,18,Not_Eligible,5670.0
32.0,Female,Married,Post Graduate,21700.0,Private,1.1,MNC,Own,0.0,4,3,8800.0,0.0,1100.0,4400.0,2300.0,No,0.0,706.0,16600.0,9900.0,E-commerce Shopping EMI,59000.0,8,Not_Eligible,2040.0
38.0,Male,Married,Graduate,23200.0,Self-employed,4.6,Large Indian,Rented,4700.0,3,2,7000.0,11200.0,1700.0,5200.0,1900.0,No,0.0,666.0,177900.0,38800.0,Vehicle EMI,82000.0,58,Not_Eligible,500.0
38.0,Male,Married,Professional,49400.0,Private,2.5,Large Indian,Rented,15500.0,4,3,7900.0,0.0,3200.0,8800.0,3100.0,Yes,7300.0,999.0,47100.0,20300.0,Home Appliances EMI,155000.0,19,Not_Eligible,1008.0
38.0,Male,Single,High School,356339.0,Private,5.4,Large Indian,Rented,8000.0,2,1,8700.0,20000.0,3000.0,10400.0,2400.0,No,0.0,664.0,42800.0,21000.0,Home Appliances EMI,139000.0,7,Not_Eligible,500.0
27.0,Male,Single,High School,43800.0,Private,0.6,MNC,Family,0.0,3,2,0.0,8200.0,2700.0,9600.0,5300.0,No,0.0,632.0,174000.0,96200.0,Personal Loan EMI,279000.0,47,Not_Eligible,5760.0
38.0,Male,Married,Graduate,32800.0,Self-employed,1.7,MNC,Own,0.0,4,3,5600.0,0.0,4200.0,7300.0,3600.0,No,0.0,681.0,233800.0,88400.0,E-commerce Shopping EMI,143000.0,9,Not_Eligible,5989.5
27.0,Female,Single,High School,45700.0,Private,4.0,Large Indian,Own,0.0,3,2,10300.0,0.0,2700.0,8600.0,5600.0,No,0.0,729.0,100400.0,60000.0,Personal Loan EMI,388000.0,42,Not_Eligible,9250.0
27.0,Male,Married,Graduate,30800.0,Private,0.9,Large Indian,Family,0.0,3,2,0.0,0.0,1800.0,8500.0,2100.0,No,0.0,685.0,117600.0,26600.0,E-commerce Shopping EMI,91000.0,8,Not_Eligible,7360.0
38.0,Male,Married,Graduate,65600.0,Government,5.4,Mid-size,Own,0.0,2,1,11500.0,0.0,8300.0,11600.0,6200.0,No,0.0,693.0,521600.0,282700.0,Education EMI,55000.0,23,Eligible,16940.0
48.0,Male,Married,High School,72300.0,Private,26.0,Startup,Own,0.0,2,1,12800.0,0.0,7500.0,11300.0,14400.0,Yes,15400.0,556.0,148300.0,54400.0,Home Appliances EMI,150000.0,22,Not_Eligible,3052.0
38.0,Female,Married,Graduate,58500.0,Private,4.1,Large Indian,Own,0.0,2,1,0.0,7100.0,3400.0,9400.0,6600.0,No,0.0,678.0,70900.0,32800.0,Vehicle EMI,174000.0,47,Eligible,12800.0
32.0,Female,Single,High School,86800.0,Government,4.2,Mid-size,Rented,18100.0,1,0,0.0,0.0,5200.0,14900.0,14900.0,No,0.0,720.0,283200.0,97300.0,Education EMI,295000.0,22,High_Risk,18535.0
38.0,Female,Married,Graduate,30400.0,Private,16.0,MNC,Own,0.0,4,3,0.0,0.0,4200.0,8200.0,2700.0,No,0.0,668.0,157300.0,64100.0,Home Appliances EMI,42000.0,13,Eligible,7650.0
27.0,Male,Married,Graduate,109400.0,Private,4.0,Startup,Family,0.0,2,1,3100.0,0.0,14300.0,17600.0,19700.0,No,0.0,739.0,741000.0,264900.0,E-commerce Shopping EMI,15000.0,7,Eligible,30085.0
48.0,Female,Married,Graduate,20800.0,Private,17.0,Small,Rented,4800.0,3,2,0.0,23900.0,2800.0,4400.0,1300.0,No,0.0,705.0,154000.0,86700.0,Education EMI,253000.0,22,Not_Eligible,500.0
38.0,Male,Married,Graduate,22500.0,Private,2.2,Mid-size,Rented,7700.0,2,1,12200.0,0.0,3100.0,6000.0,3300.0,No,0.0,675.0,,49200.0,Personal Loan EMI,350000.0,17,Not_Eligible,500.0
32.0,Male,Married,Post Graduate,42600.0,Government,1.7,Large Indian,Own,13420.0,5,4,8000.0,0.0,4000.0,8200.0,8500.0,Yes,11000.0,693.0,44000.0,25600.0,Vehicle EMI,121000.0,28,Not_Eligible,812.0
58.0,Female,Married,High School,22500.0,Private,7.8,Mid-size,Family,0.0,3,2,3800.0,0.0,3000.0,4400.0,4400.0,No,0.0,762.0,31500.0,7200.0,Vehicle EMI,817000.0,58,Not_Eligible,3312.0
32.0,Male,Married,Professional,82500.0,Private,10.0,Startup,Family,0.0,4,3,10300.0,0.0,6300.0,15600.0,9600.0,No,0.0,720.0,613000.0,266800.0,Home Appliances EMI,177000.0,27,Eligible,22385.0
38.0,Male,Married,Graduate,46500.0,Private,3.0,Startup,Rented,10000.0,4,3,3300.0,0.0,4400.0,12100.0,6500.0,No,0.0,653.0,107100.0,59700.0,Education EMI,337000.0,6,Not_Eligible,5100.0
38.0,Male,Married,Post Graduate,70000.0,Private,0.5,MNC,Rented,11300.0,4,3,0.0,0.0,4600.0,19000.0,12500.0,Yes,15100.0,562.0,523200.0,127700.0,E-commerce Shopping EMI,155000.0,19,Not_Eligible,1848.0
48.0,Female,Single,Graduate,28700.0,Government,7.9,Large Indian,Rented,7100.0,1,0,0.0,0.0,3100.0,4700.0,1600.0,Yes,5300.0,685.0,224300.0,91000.0,Vehicle EMI,540000.0,23,Not_Eligible,2922.15
38.0,Female,Married,Graduate,31700.0,Private,0.5,Startup,Own,0.0,3,2,5300.0,7500.0,2100.0,5400.0,6000.0,Yes,7400.0,640.0,173600.0,60000.0,Home Appliances EMI,150000.0,11,Not_Eligible,500.0
48.0,Male,Married,Post Graduate,70500.0,Government,4.3,Large Indian,Own,0.0,3,2,12000.0,11200.0,4600.0,20300.0,12200.0,Yes,18600.0,849.0,336900.0,115600.0,Vehicle EMI,1130000.0,53,Not_Eligible,500.0
32.0,Female,Married,Graduate,44200.0,Government,3.2,Large Indian,Own,0.0,5,4,0.0,0.0,5600.0,12400.0,7100.0,Yes,8400.0,758.0,97400.0,43900.0,Personal Loan EMI,434000.0,47,Not_Eligible,4943.4
32.0,Female,Married,Graduate,28900.0,Private,2.6,Startup,Family,0.0,3,2,12500.0,0.0,2700.0,4500.0,3100.0,No,0.0,734.0,136400.0,64100.0,Home Appliances EMI,260000.0,29,Not_Eligible,3050.0
48.0,Female,Married,Post Graduate,75800.0,Private,5.9,MNC,Rented,21600.0,3,2,11100.0,0.0,4600.0,19400.0,4300.0,Yes,16000.0,590.0,413100.0,87800.0,Vehicle EMI,943000.0,31,Not_Eligible,500.0
48.0,Male,Married,Professional,49000.0,Self-employed,0.8,MNC,Own,0.0,2,1,6300.0,20800.0,5000.0,8300.0,6000.0,No,0.0,693.0,206400.0,104700.0,Vehicle EMI,1050000.0,35,Not_Eligible,1170.0
32.0,Male,Married,Graduate,38400.0,Private,1.0,Large Indian,Rented,13200.0,3,2,8700.0,0.0,4200.0,6500.0,7500.0,No,0.0,652.0,235800.0,78900.0,Education EMI,284000.0,13,Not_Eligible,500.0
27.0,Male,Single,High School,37800.0,Government,0.9,Large Indian,Rented,8400.0,1,0,0.0,0.0,4500.0,6600.0,4300.0,No,0.0,758.0,103100.0,52200.0,Personal Loan EMI,350000.0,50,Not_Eligible,8400.0
48.0,Female,Married,Post Graduate,65600.0,Private,3.6,Large Indian,Rented,15100.0,3,2,0.0,24800.0,5000.0,17000.0,11100.0,No,0.0,660.0,411900.0,132500.0,Personal Loan EMI,514000.0,14,Not_Eligible,500.0
48.0,Female,Married,Graduate,66000.0,Government,6.5,MNC,Rented,12300.0,2,1,0.0,23700.0,7500.0,14300.0,4900.0,Yes,12600.0,725.0,366100.0,169400.0,E-commerce Shopping EMI,186000.0,12,Not_Eligible,500.0
58.0,Male,Married,Graduate,48600.0,Private,5.7,Mid-size,Rented,13600.0,2,1,8000.0,14100.0,3800.0,9700.0,8300.0,No,0.0,812.0,158200.0,75800.0,Personal Loan EMI,73000.0,15,Not_Eligible,500.0
48.0,Male,Married,Post Graduate,86500.0,Private,2.9,MNC,Family,0.0,2,1,6400.0,0.0,6000.0,24300.0,5800.0,No,0.0,696.0,451100.0,175500.0,Home Appliances EMI,26000.0,17,Eligible,22000.0
58.0,Male,Married,Graduate,26100.0,Private,26.9,Large Indian,Family,0.0,4,3,7600.0,0.0,3200.0,7800.0,2100.0,Yes,5300.0,649.0,64300.0,15000.0,Home Appliances EMI,145000.0,25,Not_Eligible,500.0
38.0,Male,Married,High School,63500.0,Private,3.7,Startup,Own,0.0,4,3,5000.0,0.0,9100.0,12000.0,12100.0,No,0.0,705.0,123100.0,52700.0,E-commerce Shopping EMI,180000.0,6,Not_Eligible,10120.0
58.0,Male,Married,Graduate,40700.0,Government,29.6,MNC,Family,0.0,3,2,0.0,0.0,4200.0,12100.0,4200.0,Yes,8700.0,766.0,93000.0,54300.0,Personal Loan EMI,687000.0,42,Not_Eligible,5313.0
27.0,Male,Single,Professional,63900.0,Private,1.0,Large Indian,Rented,11400.0,2,1,8500.0,23200.0,8000.0,10500.0,4100.0,Yes,16900.0,665.0,445000.0,227300.0,Personal Loan EMI,83000.0,57,Not_Eligible,500.0
38.0,Male,Married,Professional,76200.0,Self-employed,0.5,Mid-size,Rented,23800.0,3,2,11900.0,0.0,3800.0,12000.0,9500.0,No,0.0,712.0,67000.0,33300.0,Home Appliances EMI,201000.0,15,Not_Eligible,5472.0
32.0,Male,Married,High School,80900.0,Private,3.0,Mid-size,Rented,16300.0,2,1,0.0,0.0,7300.0,19000.0,13500.0,No,0.0,669.0,620500.0,214400.0,Personal Loan EMI,975000.0,23,Not_Eligible,13640.0
38.0,Female,Married,Graduate,80500.0,Private,2.1,Large Indian,Own,0.0,2,1,0.0,23100.0,6700.0,13800.0,4700.0,No,0.0,677.0,124600.0,27400.0,Home Appliances EMI,88000.0,14,Eligible,12880.0
48.0,Male,Married,Professional,110400.0,Government,3.3,Mid-size,Rented,19300.0,2,1,14900.0,0.0,12900.0,31600.0,12900.0,Yes,12200.0,780.0,181900.0,67100.0,Home Appliances EMI,132000.0,14,Not_Eligible,2439.36
32.0,Male,Single,Graduate,45600.0,Private,2.9,Mid-size,Rented,11200.0,3,2,8400.0,0.0,5300.0,7700.0,6700.0,No,0.0,724.0,267100.0,141400.0,Personal Loan EMI,458000.0,56,Not_Eligible,3150.0
32.0,Male,Married,Post Graduate,90900.0,Private,0.9,Mid-size,Own,0.0,4,3,3400.0,0.0,10600.0,27200.0,15700.0,Yes,16200.0,676.0,399200.0,98100.0,Home Appliances EMI,278000.0,35,Not_Eligible,4984.0
38.0,Male,Married,Graduate,37600.0,Private,0.6,Large Indian,Rented,7000.0,4,3,9900.0,0.0,4400.0,9800.0,6400.0,Yes,8400.0,663.0,124200.0,57900.0,Education EMI,478000.0,16,Not_Eligible,500.0
27.0,Male,Single,High School,27100.0,Self-employed,0.5,Large Indian,Rented,8100.0,2,1,5900.0,12600.0,3000.0,5200.0,3000.0,No,0.0,614.0,188100.0,62900.0,Personal Loan EMI,855000.0,43,Not_Eligible,500.0
27.0,Female,Single,Graduate,75400.0,Private,2.4,MNC,Rented,13000.0,3,2,0.0,0.0,8300.0,22300.0,10800.0,No,0.0,740.0,492700.0,142700.0,Education EMI,216000.0,16,Not_Eligible,11550.0
38.0,Male,Married,Graduate,58800.0,Private,3.3,Startup,Rented,9100.0,3,2,10300.0,0.0,4500.0,9600.0,5100.0,No,0.0,676.0,130700.0,73500.0,E-commerce Shopping EMI,198000.0,4,Not_Eligible,10100.0
48.0,Female,Married,Professional,76900.0,Private,17.3,MNC,Rented,22900.0,3,2,0.0,23700.0,4200.0,15500.0,11400.0,Yes,20300.0,695.0,398300.0,185300.0,Personal Loan EMI,345000.0,33,Not_Eligible,500.0
58.0,Female,Single,High School,56700.0,Private,14.5,Startup,Own,0.0,1,0,0.0,0.0,3900.0,16700.0,4700.0,No,0.0,850.0,199100.0,99500.0,Personal Loan EMI,330000.0,54,Eligible,18840.0
27.0,Male,Single,,78700.0,Government,0.5,MNC,Rented,22500.0,2,1,0.0,12500.0,4100.0,19900.0,10200.0,No,0.0,738.0,149400.0,33500.0,Education EMI,205000.0,7,Not_Eligible,3800.0
38.0,Female,Married,Graduate,39000.0,Private,6.4,MNC,Family,0.0,4,3,0.0,0.0,5700.0,9600.0,5800.0,Yes,6300.0,744.0,144500.0,50000.0,E-commerce Shopping EMI,101000.0,10,Not_Eligible,4060.0
58.0,Male,Married,Professional,30000.0,Private,16.4,Large Indian,Rented,9200.0,3,2,6200.0,0.0,4300.0,5800.0,1700.0,No,0.0,635.0,177800.0,99800.0,Vehicle EMI,1116000.0,79,Not_Eligible,1120.0
38.0,Male,Married,Graduate,73400.0,Government,0.5,MNC,Own,0.0,2,1,13400.0,0.0,3900.0,13800.0,12800.0,Yes,12400.0,682.0,69400.0,21000.0,Education EMI,302000.0,12,Not_Eligible,4788.0
27.0,Female,Married,Post Graduate,87300.0,Government,4.2,Startup,Own,0.0,4,3,4700.0,5700.0,6400.0,26000.0,12100.0,Yes,17100.0,777.0,281800.0,76500.0,Personal Loan EMI,679000.0,60,Not_Eligible,7068.6
32.0,Male,Married,Post Graduate,32700.0,Government,5.0,Mid-size,Rented,6800.0,3,2,13500.0,0.0,2800.0,8000.0,3400.0,No,0.0,684.0,121000.0,31900.0,Home Appliances EMI,129000.0,31,Not_Eligible,500.0
38.0,Female,Married,Graduate,53400.0,Government,3.9,MNC,Family,0.0,4,3,13300.0,0.0,7600.0,15000.0,6700.0,No,0.0,739.0,104800.0,38200.0,Home Appliances EMI,51000.0,13,High_Risk,4752.0
38.0,Male,Married,Graduate,64000.0,Self-employed,1.4,Mid-size,Own,0.0,5,4,9900.0,0.0,9500.0,13900.0,6700.0,Yes,10000.0,567.0,159700.0,67900.0,Home Appliances EMI,63000.0,21,High_Risk,3528.0
32.0,Male,Married,Graduate,48400.0,Self-employed,1.1,Large Indian,Own,12456.0,4,3,4700.0,14100.0,2500.0,14300.0,8000.0,Yes,10600.0,572.0,153400.0,34000.0,Home Appliances EMI,20000.0,6,Not_Eligible,500.0
32.0,Male,Single,High School,55500.0,Private,1.6,MNC,Own,0.0,1,0,0.0,0.0,5900.0,9000.0,9800.0,No,0.0,619.0,308500.0,160900.0,Education EMI,161000.0,16,High_Risk,12320.0
48.0,Female,Married,Graduate,44000.0,Private,10.7,MNC,Own,0.0,5,4,9500.0,0.0,3000.0,10000.0,8700.0,Yes,7500.0,831.0,298800.0,104900.0,Personal Loan EMI,972000.0,52,Not_Eligible,2448.6
32.0,Female,Single,Graduate,56400.0,Private,0.5,Large Indian,Rented,12100.0,2,1,14400.0,8900.0,8400.0,16900.0,5600.0,Yes,7700.0,688.0,158600.0,73500.0,Home Appliances EMI,270000.0,7,Not_Eligible,500.0
32.0,Male,Married,Graduate,36000.0,Private,2.0,Mid-size,Family,0.0,4,3,13000.0,0.0,4200.0,10600.0,4900.0,No,0.0,661.0,137700.0,59700.0,Vehicle EMI,908000.0,59,Not_Eligible,1650.0
38.0,Female,Married,High School,51300.0,Private,7.2,Mid-size,Rented,7700.0,2,1,0.0,15700.0,4900.0,13400.0,6700.0,Yes,14700.0,732.0,29800.0,10500.0,Education EMI,51000.0,17,Not_Eligible,500.0
47.0,Male,Married,High School,31922.0,Private,0.8,Mid-size,Rented,6100.0,4,3,0.0,0.0,1600.0,5500.0,4300.0,No,0.0,801.0,119200.0,55600.0,Personal Loan EMI,826000.0,34,Not_Eligible,6048.0
32.0,Female,Single,Graduate,393315.0,Self-employed,2.8,Mid-size,Rented,4100.0,2,1,0.0,0.0,1400.0,7500.0,2500.0,Yes,3600.0,625.0,91800.0,39200.0,Vehicle EMI,114000.0,76,Not_Eligible,1612.8
32.0,Female,Married,Post Graduate,48500.0,Private,6.5,Large Indian,Own,0.0,3,2,0.0,15200.0,4500.0,10600.0,3500.0,Yes,8900.0,669.0,42400.0,19000.0,Personal Loan EMI,794000.0,47,Not_Eligible,1624.0
27.0,Male,Married,Graduate,29800.0,Private,4.4,Mid-size,Own,0.0,3,2,6800.0,0.0,4000.0,7900.0,3300.0,Yes,8400.0,745.0,70000.0,14400.0,Home Appliances EMI,39000.0,6,Not_Eligible,500.0
38.0,Female,Married,Graduate,96800.0,Private,12.3,MNC,Own,0.0,3,2,0.0,0.0,13500.0,23700.0,18600.0,No,0.0,737.0,160900.0,53500.0,Home Appliances EMI,22000.0,12,Eligible,16400.0
27.0,Male,Married,Graduate,41600.0,Government,3.2,Startup,Own,0.0,2,1,0.0,0.0,6000.0,10600.0,2800.0,No,0.0,817.0,297100.0,130500.0,Personal Loan EMI,388000.0,17,Not_Eligible,16117.2
48.0,Female,Married,High School,14400.0,Government,0.9,Large Indian,Family,0.0,5,4,7600.0,0.0,1600.0,3900.0,2500.0,No,0.0,811.0,17300.0,3800.0,Education EMI,499000.0,10,Not_Eligible,500.0
38.0,Male,Married,High School,30500.0,Private,2.1,Large Indian,Rented,10200.0,3,2,7700.0,13000.0,3100.0,5600.0,2500.0,No,0.0,712.0,76800.0,16100.0,Home Appliances EMI,298000.0,18,Not_Eligible,500.0
32.0,Female,Single,Post Graduate,48200.0,Private,3.7,Large Indian,Own,0.0,2,1,13600.0,14500.0,5500.0,11900.0,3400.0,Yes,6000.0,635.0,84300.0,31400.0,Personal Loan EMI,236000.0,41,Not_Eligible,500.0
48.0,Male,Married,Professional,44600.0,Private,17.4,Large Indian,Own,0.0,3,2,0.0,15100.0,2700.0,10800.0,5300.0,Yes,9300.0,657.0,120800.0,37700.0,E-commerce Shopping EMI,50000.0,3,Not_Eligible,500.0
48.0,Female,Married,Graduate,80400.0,Private,26.0,MNC,Rented,21600.0,3,2,10700.0,0.0,5400.0,17100.0,11700.0,Yes,9300.0,657.0,384000.0,171700.0,Education EMI,494000.0,19,Not_Eligible,1610.0
48.0,Female,Married,Graduate,32400.0,Private,15.4,Large Indian,Rented,5600.0,3,2,10700.0,0.0,3300.0,6400.0,4500.0,Yes,8100.0,562.0,140900.0,34000.0,E-commerce Shopping EMI,104000.0,12,Not_Eligible,500.0
38.0,Female,Married,Post Graduate,32100.0,Private,0.9,Mid-size,Rented,5300.0,3,2,0.0,0.0,3000.0,6300.0,2800.0,Yes,4900.0,570.0,154600.0,58400.0,E-commerce Shopping EMI,156000.0,24,Not_Eligible,2195.2
38.0,Male,Married,Graduate,61400.0,Private,0.7,Large Indian,Family,0.0,3,2,12700.0,7100.0,8000.0,10400.0,9900.0,No,0.0,633.0,409400.0,182600.0,Personal Loan EMI,267000.0,52,Not_Eligible,4681.6
32.0,Male,Married,Graduate,40700.0,Government,5.3,Mid-size,Family,0.0,2,1,0.0,0.0,3200.0,11400.0,5800.0,No,0.0,664.0,70300.0,20500.0,Education EMI,332000.0,10,Not_Eligible,8932.0
48.0,Female,Single,Professional,152734.0,Government,3.6,Mid-size,Own,0.0,3,2,7300.0,0.0,13300.0,40800.0,27900.0,No,0.0,850.0,671200.0,272800.0,Personal Loan EMI,299000.0,57,Eligible,42174.0
38.0,Female,Married,High School,48600.0,Private,3.5,Large Indian,Rented,10300.0,3,2,12400.0,0.0,5500.0,9200.0,5600.0,No,0.0,652.0,255000.0,141200.0,Education EMI,196000.0,26,Not_Eligible,2800.0
48.0,Male,Single,Graduate,99500.0,Private,21.2,Large Indian,Family,0.0,1,0,0.0,0.0,12100.0,27700.0,9400.0,No,0.0,763.0,476100.0,246200.0,Education EMI,364000.0,13,Not_Eligible,30180.0
49.0,Female,Married,Graduate,20668.0,Government,1.0,Large Indian,Family,0.0,4,3,0.0,0.0,1700.0,3200.0,2000.0,Yes,2800.0,757.0,29800.0,14700.0,Vehicle EMI,148000.0,15,Not_Eligible,3460.8
48.0,Male,Married,Professional,115200.0,Private,2.0,Large Indian,Rented,34000.0,2,1,0.0,0.0,6600.0,26000.0,15300.0,No,0.0,745.0,391900.0,141700.0,Home Appliances EMI,108000.0,27,Eligible,16650.0
27.0,Female,Single,Professional,154600.0,Private,1.9,Large Indian,Rented,47700.0,1,0,0.0,0.0,9500.0,25900.0,28000.0,Yes,29400.0,651.0,516900.0,180400.0,Vehicle EMI,859000.0,53,Not_Eligible,4935.0
32.0,Male,Married,Post Graduate,65300.0,Private,1.4,Small,Own,0.0,3,2,0.0,0.0,3300.0,11500.0,4400.0,Yes,16400.0,582.0,154300.0,46900.0,E-commerce Shopping EMI,25000.0,10,Eligible,8316.0
32.0,Male,Single,Graduate,55400.0,Government,7.5,Mid-size,Family,0.0,1,0,0.0,0.0,5300.0,15200.0,5200.0,No,0.0,850.0,87400.0,36400.0,Education EMI,250000.0,27,Eligible,15681.6
38.0,Female,Married,Post Graduate,26600.0,Private,2.4,Mid-size,Own,0.0,4,3,10700.0,0.0,3100.0,7500.0,5100.0,No,0.0,702.0,67400.0,17700.0,Education EMI,228000.0,47,Not_Eligible,500.0
27.0,Female,Single,Graduate,77600.0,Private,0.5,MNC,Own,0.0,3,2,0.0,0.0,7200.0,13000.0,14700.0,Yes,16900.0,780.0,113900.0,32800.0,Education EMI,106000.0,8,Not_Eligible,6935.04
27.0,Male,Single,Graduate,98500.0,Private,1.5,Large Indian,Own,0.0,1,0,0.0,0.0,7300.0,20000.0,14400.0,Yes,17300.0,,386500.0,131200.0,Vehicle EMI,824000.0,30,Not_Eligible,13825.0
39.0,Female,Married,Graduate,75851.0,Private,3.8,Mid-size,Rented,17200.0,3,2,0.0,0.0,10100.0,20000.0,4700.0,No,0.0,744.0,220100.0,90300.0,Vehicle EMI,1122000.0,61,Not_Eligible,12600.0
32.0,Female,Single,Graduate,49700.0,Private,7.7,Mid-size,Family,0.0,2,1,0.0,0.0,4600.0,14100.0,4500.0,No,0.0,702.0,324100.0,139800.0,Home Appliances EMI,132000.0,18,Eligible,14575.0
31.0,Male,Single,High School,67500.0,Private,1.2,Mid-size,Own,0.0,2,1,11700.0,11200.0,9200.0,17000.0,10400.0,Yes,10000.0,746.0,262900.0,64600.0,E-commerce Shopping EMI,125000.0,5,Not_Eligible,500.0
32.0,Female,Single,Post Graduate,38700.0,Government,4.7,MNC,Family,0.0,1,0,0.0,0.0,3500.0,9900.0,5700.0,Yes,10500.0,710.0,146800.0,49100.0,Education EMI,165000.0,15,Not_Eligible,3503.5
27.0,Male,Single,Graduate,58300.0,Private,2.1,Large Indian,Family,0.0,3,2,14000.0,0.0,7600.0,14300.0,8400.0,No,0.0,714.0,441900.0,,Education EMI,208000.0,35,High_Risk,7700.0
32.0,Male,Married,High School,45700.0,Private,10.0,Small,Rented,7300.0,2,1,3000.0,0.0,6000.0,9600.0,7800.0,Yes,6200.0,646.0,348000.0,162900.0,Personal Loan EMI,740000.0,25,Not_Eligible,1786.4
48.0,Female,Married,Professional,77100.0,Private,0.7,Small,Rented,14400.0,3,2,0.0,0.0,7600.0,13600.0,10000.0,No,0.0,846.0,374600.0,102200.0,Personal Loan EMI,891000.0,21,Not_Eligible,15120.0
38.0,Male,Married,High School,28200.0,Private,11.5,Startup,Rented,7100.0,3,2,5400.0,0.0,2200.0,5500.0,4000.0,Yes,5600.0,580.0,204500.0,41900.0,E-commerce Shopping EMI,147000.0,8,Not_Eligible,500.0
38.0,Female,Married,Professional,69300.0,Government,11.4,Startup,Own,0.0,3,2,9500.0,18600.0,7600.0,13500.0,12700.0,No,0.0,778.0,229000.0,61500.0,Vehicle EMI,1061000.0,62,Not_Eligible,4884.0
38.0,Female,Married,Professional,103300.0,Private,8.2,MNC,Own,0.0,3,2,0.0,0.0,6800.0,28100.0,9900.0,No,0.0,803.0,264400.0,55600.0,Vehicle EMI,1493000.0,17,Not_Eligible,35100.0
27.0,Male,Single,Post Graduate,100800.0,Self-employed,3.6,Mid-size,Own,0.0,2,1,12500.0,0.0,7600.0,19400.0,12700.0,No,0.0,806.0,167400.0,64600.0,Education EMI,132000.0,48,Eligible,20995.2
48.0,Male,Married,High School,32000.0,Private,13.2,Mid-size,Own,0.0,4,3,0.0,0.0,2800.0,5800.0,3000.0,No,0.0,657.0,146100.0,40500.0,E-commerce Shopping EMI,44000.0,24,Eligible,10200.0
48.0,Male,Married,Post Graduate,59600.0,Private,5.4,Large Indian,Own,0.0,3,2,0.0,0.0,8100.0,10200.0,9600.0,Yes,8100.0,715.0,185700.0,76300.0,Home Appliances EMI,123000.0,6,Not_Eligible,8260.0
38.0,Female,Married,Professional,121200.0,Private,0.6,Startup,Family,0.0,5,4,11400.0,0.0,9300.0,18500.0,14400.0,Yes,13300.0,646.0,321200.0,147700.0,Vehicle EMI,1241000.0,29,Not_Eligible,12163.2
58.0,Male,Married,Professional,82900.0,Private,0.5,Large Indian,Own,0.0,2,1,9200.0,8700.0,10000.0,20000.0,15900.0,Yes,11800.0,646.0,449200.0,264500.0,E-commerce Shopping EMI,115000.0,16,Not_Eligible,1635.2
38.0,Female,Married,Graduate,44600.0,Private,4.7,Large Indian,Own,0.0,3,2,7100.0,0.0,2500.0,9200.0,3700.0,No,0.0,709.0,333500.0,184300.0,Education EMI,167000.0,22,Eligible,12155.0
58.0,Female,Single,Post Graduate,49000.0,Private,32.1,Mid-size,Rented,13700.0,2,1,0.0,0.0,3200.0,9100.0,7600.0,No,0.0,724.0,52400.0,16200.0,Home Appliances EMI,234000.0,20,Not_Eligible,6160.0
38.0,Female,Single,Graduate,44400.0,Private,1.7,Mid-size,Own,0.0,2,1,0.0,0.0,6000.0,13100.0,3300.0,Yes,12900.0,601.0,310700.0,91600.0,Personal Loan EMI,281000.0,19,Not_Eligible,2802.8
48.0,Male,Married,High School,47800.0,Self-employed,0.7,Startup,Rented,15300.0,4,3,10700.0,0.0,6600.0,11100.0,6800.0,Yes,8200.0,654.0,331700.0,129900.0,Vehicle EMI,135000.0,54,Not_Eligible,500.0
27.0,Male,Single,Post Graduate,113200.0,Private,1.3,Startup,Own,0.0,3,2,0.0,0.0,12700.0,26300.0,16000.0,No,0.0,742.0,849500.0,251000.0,Personal Loan EMI,923000.0,60,Eligible,32010.0
38.0,Male,Married,High School,34200.0,Private,9.1,Startup,Own,0.0,4,3,12100.0,0.0,4500.0,6900.0,2600.0,No,0.0,736.0,182700.0,41000.0,Education EMI,68000.0,29,Eligible,4050.0
27.0,Male,Single,High School,37400.0,Private,3.6,Mid-size,Rented,12200.0,2,1,0.0,0.0,3500.0,8500.0,7100.0,Yes,6500.0,653.0,165900.0,55600.0,Vehicle EMI,185000.0,41,Not_Eligible,500.0
32.0,Male,Married,Professional,130900.0,Private,2.0,Large Indian,Family,0.0,4,3,3500.0,0.0,6800.0,32900.0,23600.0,Yes,29800.0,736.0,605200.0,204900.0,Education EMI,271000.0,41,Eligible,12005.0
32.0,Male,Married,Graduate,18100.0,Private,0.9,Large Indian,Own,0.0,3,2,3700.0,0.0,1500.0,4600.0,3000.0,No,0.0,619.0,35400.0,17600.0,E-commerce Shopping EMI,80000.0,16,Not_Eligible,1356.8
58.0,Female,Married,Post Graduate,39400.0,Private,24.5,Large Indian,Rented,8700.0,5,4,0.0,0.0,4000.0,7800.0,6800.0,Yes,6800.0,634.0,165700.0,43200.0,Vehicle EMI,1171000.0,66,Not_Eligible,1484.0
27.0,Female,Married,Graduate,66600.0,Private,3.8,Mid-size,Rented,11800.0,3,2,0.0,5100.0,6000.0,10300.0,11900.0,No,0.0,721.0,105600.0,50900.0,E-commerce Shopping EMI,17000.0,4,Eligible,8600.0
48.0,Female,Married,High School,53700.0,Private,7.2,Large Indian,Own,0.0,3,2,7700.0,0.0,5300.0,11300.0,3600.0,No,0.0,712.0,55900.0,16400.0,Home Appliances EMI,288000.0,16,Not_Eligible,10320.0
48.0,Male,Married,Professional,27000.0,Private,7.2,Large Indian,Rented,8500.0,3,2,12300.0,0.0,2600.0,5600.0,2800.0,Yes,3000.0,672.0,40200.0,10500.0,Vehicle EMI,615000.0,50,Not_Eligible,500.0
38.0,Female,Married,Post Graduate,55200.0,Self-employed,1.7,Mid-size,Own,0.0,2,1,10000.0,11200.0,4300.0,9100.0,10700.0,No,0.0,709.0,131900.0,47300.0,Personal Loan EMI,328000.0,35,Not_Eligible,4455.0
48.0,Male,Married,Professional,80800.0,Private,4.8,MNC,Rented,20800.0,3,2,0.0,0.0,8400.0,23500.0,8100.0,Yes,14700.0,697.0,627700.0,160900.0,E-commerce Shopping EMI,61000.0,9,Not_Eligible,2040.5
58.0,Male,Married,Graduate,33700.0,Private,7.2,Mid-size,Rented,8400.0,2,1,0.0,19200.0,3600.0,8600.0,2200.0,No,0.0,752.0,115800.0,63900.0,Personal Loan EMI,590000.0,21,Not_Eligible,500.0
32.0,Female,Married,Professional,36000.0,Private,0.7,Large Indian,Rented,5800.0,2,1,3600.0,0.0,3100.0,6300.0,4500.0,No,0.0,825.0,110400.0,26600.0,Vehicle EMI,1430000.0,53,Not_Eligible,6096.0
32.0,Female,Married,Graduate,37100.0,Government,2.3,Large Indian,Own,0.0,4,3,10100.0,0.0,3600.0,7800.0,3500.0,No,0.0,761.0,220500.0,95700.0,Home Appliances EMI,25000.0,26,Eligible,7260.0
38.0,Male,Married,High School,46100.0,Self-employed,0.5,Large Indian,Rented,15700.0,2,1,11600.0,5300.0,4200.0,10800.0,5200.0,No,0.0,617.0,,84800.0,Home Appliances EMI,193000.0,14,Not_Eligible,500.0
32.0,Female,Married,Professional,57400.0,Private,2.1,MNC,Rented,13800.0,2,1,0.0,11500.0,5900.0,13300.0,7500.0,Yes,16500.0,579.0,296300.0,176700.0,Education EMI,462000.0,39,Not_Eligible,500.0
48.0,Male,Married,High School,47500.0,Private,7.5,MNC,Family,0.0,2,1,0.0,0.0,5600.0,10700.0,3300.0,Yes,10700.0,750.0,178200.0,78300.0,E-commerce Shopping EMI,50000.0,20,Eligible,7224.0
32.0,Female,Single,Post Graduate,132200.0,Private,0.5,MNC,Rented,44800.0,1,0,0.0,0.0,13900.0,23500.0,7200.0,Yes,17900.0,737.0,603100.0,286900.0,Personal Loan EMI,365000.0,14,Not_Eligible,6972.0
38.0,Male,Married,Post Graduate,23400.0,Self-employed,6.2,Large Indian,Own,0.0,4,3,3800.0,0.0,1400.0,4900.0,2000.0,No,0.0,705.0,131700.0,36800.0,Home Appliances EMI,283000.0,31,Not_Eligible,5085.0
48.0,Male,Single,Professional,98000.0,Private,17.4,Mid-size,Rented,31600.0,2,1,5900.0,0.0,8300.0,29100.0,17300.0,No,0.0,759.0,314300.0,67600.0,Home Appliances EMI,130000.0,19,Not_Eligible,3480.0
48.0,Female,Married,Professional,22500.0,Private,10.7,Mid-size,Family,0.0,4,3,0.0,25000.0,1800.0,3400.0,2800.0,No,0.0,629.0,169600.0,45200.0,E-commerce Shopping EMI,50000.0,16,Not_Eligible,500.0
32.0,Female,Single,High School,38800.0,Private,1.5,Large Indian,Rented,10100.0,3,2,0.0,0.0,4100.0,7100.0,3900.0,Yes,5600.0,703.0,279100.0,80100.0,Personal Loan EMI,828000.0,46,Not_Eligible,3080.0
38.0,Female,Married,High School,42100.0,Private,6.8,Mid-size,Own,0.0,3,2,12000.0,0.0,4900.0,7100.0,6200.0,No,0.0,718.0,174600.0,39100.0,E-commerce Shopping EMI,97000.0,4,Not_Eligible,5950.0
48.0,Male,Married,Graduate,39000.0,Private,23.3,MNC,Own,0.0,3,2,0.0,0.0,4500.0,10900.0,7800.0,Yes,9000.0,778.0,98100.0,24400.0,Education EMI,482000.0,32,Not_Eligible,2856.0
48.0,Male,Married,Post Graduate,31900.0,Government,5.3,Startup,Own,0.0,2,1,4700.0,0.0,3100.0,6000.0,3900.0,No,0.0,839.0,178500.0,49300.0,E-commerce Shopping EMI,25000.0,7,Eligible,9372.0
38.0,Female,Married,High School,41200.0,Private,5.4,Large Indian,Own,0.0,3,2,7500.0,8400.0,5000.0,10100.0,4200.0,Yes,4200.0,613.0,29900.0,6200.0,Education EMI,66000.0,13,Not_Eligible,500.0
32.0,Female,Single,Post Graduate,56670.0,Private,10.0,Small,Family,0.0,1,0,0.0,0.0,4700.0,13300.0,4700.0,No,0.0,730.0,424400.0,254400.0,Education EMI,441000.0,13,Not_Eligible,19580.0
38.0,Female,Married,Graduate,32300.0,Government,6.1,MNC,Rented,6600.0,2,1,12900.0,0.0,2200.0,9500.0,5000.0,No,0.0,705.0,195200.0,90700.0,Personal Loan EMI,904000.0,56,Not_Eligible,500.0
32.0,Female,Single,Professional,84000.0,Government,3.5,Startup,Own,0.0,2,1,3800.0,0.0,6800.0,22600.0,11400.0,Yes,20100.0,849.0,624900.0,246000.0,Education EMI,97000.0,48,Eligible,9808.26
38.0,Female,Single,Professional,58900.0,Private,0.8,Startup,Own,0.0,3,2,3100.0,0.0,3000.0,13700.0,7000.0,No,0.0,724.0,231300.0,71000.0,Vehicle EMI,98000.0,46,Eligible,12840.0
38.0,Male,Married,High School,22600.0,Private,16.0,Mid-size,Own,10204.0,3,2,3300.0,0.0,1700.0,3500.0,3800.0,No,0.0,758.0,97800.0,56200.0,E-commerce Shopping EMI,175000.0,23,Not_Eligible,6180.0
38.0,Female,Married,Graduate,43900.0,Private,1.4,MNC,Rented,9700.0,3,2,11400.0,0.0,4200.0,10100.0,5700.0,No,0.0,732.0,224500.0,56200.0,E-commerce Shopping EMI,127000.0,13,Not_Eligible,1400.0
32.0,Male,Married,High School,27800.0,Private,2.6,MNC,Family,0.0,3,2,0.0,0.0,1900.0,4300.0,4500.0,Yes,4600.0,704.0,135000.0,78200.0,Home Appliances EMI,290000.0,9,Not_Eligible,4375.0
32.0,Female,Married,Graduate,44000.0,Private,8.7,Mid-size,Own,0.0,2,1,0.0,0.0,3800.0,7500.0,4200.0,Yes,7700.0,674.0,246300.0,134000.0,Personal Loan EMI,876000.0,46,Not_Eligible,7280.0
32.0,Male,Married,Professional,47400.0,Private,2.3,Mid-size,Own,0.0,4,3,0.0,16100.0,4600.0,10400.0,7900.0,No,0.0,662.0,337500.0,134500.0,Home Appliances EMI,209000.0,11,Not_Eligible,4620.0
32.0,Male,Single,Post Graduate,81900.0,Government,6.0,Large Indian,Own,0.0,1,0,0.0,0.0,10700.0,17300.0,10300.0,Yes,11000.0,722.0,529000.0,141400.0,Education EMI,340000.0,43,Eligible,13806.1
38.0,Female,Married,Post Graduate,31500.0,Private,5.4,Large Indian,Rented,10100.0,3,2,0.0,0.0,3900.0,7100.0,2800.0,No,0.0,577.0,55300.0,13100.0,Education EMI,197000.0,48,Not_Eligible,2432.0
38.0,Female,Single,Graduate,111300.0,Private,3.1,Large Indian,Own,0.0,3,2,14600.0,0.0,10200.0,18800.0,14200.0,No,0.0,781.0,585100.0,176500.0,E-commerce Shopping EMI,77000.0,16,Eligible,32100.0
58.0,Male,Married,Professional,122900.0,Private,4.6,MNC,Rented,19600.0,4,3,5900.0,0.0,12500.0,35900.0,9100.0,No,0.0,681.0,730700.0,182100.0,Home Appliances EMI,162000.0,35,Eligible,19950.0
38.0,Male,Married,Graduate,109700.0,Private,5.3,MNC,Rented,34200.0,2,1,5900.0,11200.0,6700.0,20100.0,13400.0,Yes,13500.0,777.0,211300.0,49900.0,Personal Loan EMI,521000.0,44,Not_Eligible,1579.2
32.0,Male,Single,Graduate,27900.0,Private,5.1,Large Indian,Rented,6600.0,2,1,5400.0,0.0,1700.0,7900.0,2600.0,No,0.0,842.0,129100.0,39400.0,Personal Loan EMI,682000.0,32,Not_Eligible,2220.0
38.0,Male,Single,Post Graduate,72100.0,Private,2.0,Large Indian,Rented,20000.0,1,0,0.0,0.0,6000.0,11800.0,5100.0,No,0.0,716.0,549800.0,138600.0,Education EMI,159000.0,6,Not_Eligible,16060.0
58.0,Male,Married,Professional,88800.0,Self-employed,8.6,Mid-size,Family,0.0,3,2,0.0,17400.0,5400.0,21700.0,6100.0,No,0.0,817.0,101400.0,27100.0,Personal Loan EMI,285000.0,34,Eligible,16502.4
27.0,Male,Single,High School,23000.0,Private,3.8,Mid-size,Rented,7300.0,1,0,0.0,0.0,2000.0,5600.0,2600.0,Yes,3400.0,566.0,55300.0,32000.0,Vehicle EMI,889000.0,63,Not_Eligible,588.0
32.0,Male,Married,Graduate,64500.0,Government,2.7,Large Indian,Family,0.0,4,3,8100.0,0.0,4100.0,18400.0,6200.0,Yes,18800.0,767.0,422200.0,166300.0,E-commerce Shopping EMI,44000.0,3,Not_Eligible,4111.8
58.0,Male,Married,Post Graduate,76200.0,Private,4.8,Startup,Rented,21400.0,4,3,0.0,0.0,7700.0,15700.0,4700.0,Yes,20800.0,600.0,561100.0,212100.0,E-commerce Shopping EMI,188000.0,8,Not_Eligible,1817.2
48.0,Male,Married,Professional,66800.0,Private,19.3,Large Indian,Family,0.0,3,2,0.0,9400.0,8000.0,11900.0,6000.0,No,0.0,751.0,245000.0,72000.0,Personal Loan EMI,662000.0,24,Not_Eligible,18900.0
32.0,Female,Married,High School,18500.0,Private,0.9,MNC,Rented,3800.0,5,4,0.0,0.0,2700.0,4600.0,3100.0,No,0.0,668.0,58300.0,19900.0,E-commerce Shopping EMI,184000.0,11,Not_Eligible,1720.0
26.0,Male,Single,High School,58984.0,Private,3.0,Large Indian,Family,0.0,2,1,13500.0,22700.0,7900.0,8700.0,8100.0,No,0.0,616.0,422700.0,98900.0,Personal Loan EMI,976000.0,31,Not_Eligible,500.0
32.0,Male,Married,High School,68800.0,Private,0.5,Mid-size,Rented,16300.0,3,2,0.0,18900.0,7600.0,19700.0,10500.0,No,0.0,815.0,242000.0,83700.0,Education EMI,400000.0,28,Not_Eligible,500.0
27.0,Male,Married,Graduate,73200.0,Private,1.1,Large Indian,Rented,15900.0,2,1,4800.0,0.0,9400.0,20900.0,5300.0,No,0.0,704.0,177600.0,75300.0,Vehicle EMI,1413000.0,18,Not_Eligible,8450.0
38.0,Male,Single,Professional,113400.0,Self-employed,16.0,MNC,Rented,21800.0,3,2,0.0,0.0,9500.0,33300.0,14300.0,Yes,18400.0,671.0,373600.0,184000.0,Personal Loan EMI,469000.0,46,Not_Eligible,5071.5
27.0,Female,Single,Graduate,35060.0,Private,1.3,Large Indian,Own,0.0,1,0,0.0,0.0,3800.0,8900.0,5500.0,No,0.0,682.0,231100.0,75200.0,Education EMI,462000.0,42,Not_Eligible,9955.0
48.0,Male,Married,Graduate,34100.0,Private,6.6,Large Indian,Family,0.0,3,2,6500.0,0.0,2300.0,9500.0,1700.0,No,0.0,726.0,185800.0,65300.0,Vehicle EMI,684000.0,67,Not_Eligible,7050.0
27.0,Male,Single,Graduate,99500.0,Private,0.5,MNC,Family,0.0,1,0,0.0,0.0,11600.0,22200.0,7400.0,Yes,21200.0,659.0,67900.0,31400.0,Home Appliances EMI,70000.0,36,Eligible,8310.4
38.0,Male,Married,High School,64500.0,Government,1.7,Large Indian,Family,0.0,3,2,6800.0,0.0,7500.0,11500.0,5100.0,No,0.0,644.0,65600.0,15000.0,Vehicle EMI,1369000.0,47,Not_Eligible,10752.0
32.0,Male,Married,High School,48500.0,Private,1.7,Large Indian,Rented,12600.0,5,4,0.0,18100.0,4600.0,12300.0,6000.0,Yes,8300.0,678.0,284600.0,164400.0,Personal Loan EMI,863000.0,46,Not_Eligible,500.0
38.0,Male,Married,Post Graduate,37500.0,Private,5.2,Small,Family,0.0,4,3,0.0,0.0,3400.0,6900.0,2500.0,No,0.0,747.0,261800.0,139300.0,Education EMI,381000.0,28,Not_Eligible,13585.0
27.0,Male,Single,Graduate,60900.0,Self-employed,3.3,Mid-size,Rented,12900.0,2,1,2200.0,0.0,6800.0,12100.0,5300.0,No,0.0,666.0,303900.0,106000.0,Home Appliances EMI,27000.0,24,Eligible,9720.0
38.0,Female,Married,Professional,75900.0,Government,0.6,Small,Rented,16900.0,3,2,0.0,16100.0,5300.0,17900.0,11200.0,Yes,8600.0,694.0,86500.0,46800.0,E-commerce Shopping EMI,186000.0,6,Not_Eligible,500.0
32.0,Male,Married,Post Graduate,66500.0,Private,0.5,Mid-size,Own,0.0,2,1,0.0,0.0,4600.0,13000.0,12100.0,Yes,12000.0,649.0,397400.0,201900.0,E-commerce Shopping EMI,32000.0,10,Eligible,5555.2
58.0,Male,Married,Post Graduate,67400.0,Government,2.5,Large Indian,Family,0.0,2,1,14600.0,22400.0,9500.0,12200.0,9100.0,No,0.0,657.0,509300.0,224500.0,Education EMI,457000.0,20,Not_Eligible,500.0
58.0,Female,Married,High School,14400.0,Private,0.5,Mid-size,Rented,5000.0,2,1,0.0,0.0,1500.0,2700.0,1600.0,No,0.0,638.0,18800.0,6100.0,Vehicle EMI,344000.0,18,Not_Eligible,921.6
48.0,Male,Married,Post Graduate,95800.0,Self-employed,10.2,Startup,Rented,26100.0,2,1,3400.0,0.0,6700.0,15500.0,15700.0,No,0.0,727.0,531200.0,312100.0,E-commerce Shopping EMI,190000.0,5,Not_Eligible,12780.0
32.0,Male,Married,Graduate,84200.0,Private,0.5,MNC,Family,0.0,2,1,0.0,0.0,7200.0,22100.0,7200.0,No,0.0,786.0,614100.0,162900.0,E-commerce Shopping EMI,49000.0,10,Eligible,25185.6
58.0,Female,Single,High School,43000.0,Private,22.9,Large Indian,Own,0.0,1,0,0.0,0.0,5800.0,10800.0,6900.0,No,0.0,711.0,163200.0,77800.0,Home Appliances EMI,171000.0,33,Eligible,9750.0
48.0,Male,Married,High School,337439.0,Private,8.1,Large Indian,Rented,11700.0,2,1,13400.0,12200.0,3300.0,11300.0,3000.0,No,0.0,686.0,333000.0,94100.0,Home Appliances EMI,157000.0,10,Not_Eligible,500.0
58.0,Female,Married,Graduate,83800.0,Private,15.3,MNC,Own,0.0,3,2,8700.0,20000.0,7100.0,21100.0,12400.0,No,0.0,765.0,251300.0,55000.0,Home Appliances EMI,246000.0,36,High_Risk,8700.0
32.0,Male,Single,Graduate,29600.0,Private,1.6,Mid-size,Own,0.0,2,1,0.0,0.0,3600.0,8000.0,2700.0,No,0.0,724.0,199000.0,110200.0,E-commerce Shopping EMI,136000.0,15,Not_Eligible,8415.0
38.0,Male,Single,Post Graduate,96700.0,Private,0.5,Mid-size,Rented,31100.0,3,2,9100.0,0.0,5200.0,21000.0,10800.0,Yes,17300.0,569.0,437000.0,255600.0,Education EMI,119000.0,41,Not_Eligible,500.0
38.0,Male,Married,Professional,49900.0,Government,6.4,MNC,Own,0.0,4,3,9500.0,0.0,3900.0,14300.0,3100.0,No,0.0,762.0,370500.0,180400.0,E-commerce Shopping EMI,192000.0,18,High_Risk,13866.6
48.0,Female,Married,Graduate,67400.0,Private,1.7,MNC,Own,0.0,3,2,0.0,0.0,6900.0,13600.0,7100.0,No,0.0,652.0,224000.0,56900.0,E-commerce Shopping EMI,47000.0,9,Eligible,19900.0
32.0,Male,Married,Graduate,85500.0,Private,5.4,Large Indian,Rented,17500.0,2,1,0.0,0.0,6300.0,16700.0,16000.0,Yes,15600.0,495.0,219900.0,101100.0,E-commerce Shopping EMI,82000.0,14,Not_Eligible,2345.0
38.0,Female,Married,Graduate,6198.0,Self-employed,1.6,Mid-size,Rented,5400.0,3,2,4700.0,21600.0,2900.0,6200.0,4400.0,Yes,4100.0,666.0,160200.0,73000.0,Personal Loan EMI,704000.0,51,Not_Eligible,500.0
48.0,Female,Married,Graduate,8246.0,Self-employed,7.8,Mid-size,Rented,2800.0,4,3,12300.0,0.0,800.0,4000.0,2900.0,Yes,2600.0,725.0,30200.0,7600.0,E-commerce Shopping EMI,187000.0,22,Not_Eligible,500.0
32.0,Male,Married,Graduate,59400.0,Private,10.0,Large Indian,Own,0.0,4,3,14200.0,21500.0,7300.0,11000.0,3700.0,No,0.0,719.0,133000.0,68900.0,E-commerce Shopping EMI,99000.0,16,Not_Eligible,850.0
32.0,Female,Married,Post Graduate,55200.0,Private,0.5,Large Indian,Family,0.0,3,2,0.0,0.0,8200.0,14600.0,9200.0,No,0.0,656.0,62000.0,25900.0,Home Appliances EMI,204000.0,36,High_Risk,7424.0
38.0,Male,Married,High School,58700.0,Private,1.4,Mid-size,Rented,16800.0,4,3,12100.0,0.0,7400.0,17500.0,10300.0,No,0.0,819.0,56500.0,30600.0,E-commerce Shopping EMI,86000.0,19,Not_Eligible,500.0
38.0,Male,Married,Post Graduate,49000.0,Government,10.7,Small,Own,0.0,2,1,5200.0,0.0,6600.0,11800.0,8300.0,No,0.0,677.0,127400.0,52400.0,Home Appliances EMI,74000.0,19,Eligible,9405.0
32.0,Female,Single,Post Graduate,60500.0,Private,1.3,Startup,Family,0.0,1,0,0.0,0.0,4000.0,15300.0,4900.0,Yes,10700.0,694.0,40600.0,16100.0,Home Appliances EMI,176000.0,7,Not_Eligible,7168.0
38.0,Male,Married,Graduate,61000.0,Private,2.8,MNC,Family,0.0,4,3,14100.0,20000.0,4100.0,14700.0,10800.0,Yes,15700.0,642.0,249700.0,129500.0,Vehicle EMI,1346000.0,49,Not_Eligible,500.0
38.0,Male,Married,Graduate,37400.0,Government,0.5,Large Indian,Own,0.0,3,2,2500.0,15800.0,5300.0,7400.0,5500.0,No,0.0,686.0,264100.0,122800.0,Vehicle EMI,531000.0,12,Not_Eligible,500.0
27.0,Female,Single,Post Graduate,20800.0,Private,1.0,Mid-size,Own,0.0,1,0,0.0,0.0,1300.0,3900.0,3000.0,Yes,5900.0,688.0,106000.0,43200.0,Home Appliances EMI,213000.0,28,Not_Eligible,2345.0
32.0,Male,Single,Graduate,58100.0,Government,1.4,Large Indian,Rented,12200.0,1,0,0.0,0.0,8000.0,14800.0,4800.0,No,0.0,672.0,189600.0,87700.0,Vehicle EMI,1289000.0,80,Not_Eligible,9150.0
32.0,Female,Married,Post Graduate,73200.0,Private,3.8,Startup,Own,0.0,4,3,14900.0,0.0,9700.0,21300.0,11800.0,No,0.0,515.0,528500.0,142400.0,Personal Loan EMI,746000.0,40,Not_Eligible,4262.5
27.0,Male,Single,High School,68700.0,Private,0.7,Startup,Rented,14200.0,1,0,0.0,0.0,3700.0,12900.0,13500.0,No,0.0,684.0,347400.0,152200.0,Vehicle EMI,879000.0,19,Not_Eligible,9760.0
32.0,Female,Single,Professional,60300.0,Private,10.0,Mid-size,Rented,19700.0,3,2,0.0,0.0,6600.0,13400.0,7200.0,No,0.0,677.0,35200.0,15600.0,Education EMI,428000.0,6,Not_Eligible,5360.0
38.0,Male,Married,Graduate,59200.0,Private,1.1,Mid-size,Rented,13600.0,2,1,0.0,18600.0,3800.0,15500.0,4500.0,No,0.0,568.0,257100.0,146900.0,Education EMI,169000.0,26,Not_Eligible,1280.0
38.0,Male,Married,Post Graduate,113500.0,Government,1.5,Mid-size,Rented,24600.0,3,2,7100.0,0.0,14700.0,23400.0,13100.0,No,0.0,829.0,111200.0,45700.0,E-commerce Shopping EMI,32000.0,16,Eligible,14688.0
38.0,Female,Married,Professional,102600.0,Private,0.5,Mid-size,Rented,26900.0,4,3,14300.0,0.0,7100.0,23700.0,18500.0,Yes,30500.0,1200.0,682900.0,332300.0,Home Appliances EMI,138000.0,16,Not_Eligible,500.0
38.0,Male,Married,Professional,65700.0,Government,6.1,MNC,Rented,15500.0,2,1,12300.0,24900.0,3800.0,15000.0,11000.0,No,0.0,698.0,123900.0,41100.0,Home Appliances EMI,81000.0,22,Not_Eligible,500.0
32.0,Male,Single,Post Graduate,42800.0,Private,1.4,Startup,Rented,8900.0,1,0,0.0,0.0,5300.0,9100.0,7200.0,No,0.0,662.0,180700.0,66700.0,Education EMI,460000.0,37,Not_Eligible,6150.0
38.0,Male,Married,Professional,60400.0,Private,1.1,Large Indian,Own,0.0,3,2,0.0,0.0,7800.0,13300.0,3400.0,No,0.0,710.0,432500.0,160700.0,Education EMI,343000.0,27,Eligible,19745.0
58.0,Male,Married,Graduate,35400.0,Private,24.2,Large Indian,Own,0.0,2,1,0.0,0.0,2100.0,7600.0,6000.0,Yes,6400.0,629.0,125100.0,31400.0,Personal Loan EMI,878000.0,23,Not_Eligible,3724.0
48.0,Male,Married,Graduate,40300.0,Government,4.2,MNC,Family,0.0,4,3,3800.0,0.0,4100.0,6900.0,5400.0,Yes,12100.0,768.0,255800.0,97900.0,E-commerce Shopping EMI,84000.0,24,Not_Eligible,4065.6
32.0,Male,Single,Graduate,61100.0,Private,8.6,Mid-size,Family,0.0,1,0,0.0,0.0,4000.0,10900.0,5100.0,No,0.0,699.0,56700.0,33100.0,Education EMI,140000.0,11,High_Risk,16440.0
27.0,Male,Single,Post Graduate,88800.0,Government,2.2,MNC,Rented,20800.0,1,0,0.0,0.0,9100.0,25100.0,17600.0,Yes,14000.0,769.0,129200.0,63500.0,E-commerce Shopping EMI,75000.0,16,Not_Eligible,739.2
32.0,Female,Married,Graduate,46900.0,Private,10.0,Startup,Own,0.0,3,2,2000.0,0.0,2700.0,10400.0,3900.0,Yes,10900.0,643.0,33100.0,19100.0,Personal Loan EMI,649000.0,49,Not_Eligible,3808.0
38.0,Male,Married,Graduate,24300.0,Private,10.1,Mid-size,Own,0.0,4,3,0.0,0.0,1200.0,6500.0,1900.0,No,0.0,756.0,175200.0,63500.0,Vehicle EMI,154000.0,74,Eligible,9702.0
38.0,Female,Married,Professional,85700.0,Government,6.1,Small,Rented,20900.0,3,2,0.0,0.0,9300.0,25200.0,4600.0,Yes,23300.0,806.0,668100.0,254200.0,E-commerce Shopping EMI,156000.0,9,Not_Eligible,1219.68
27.0,Male,Single,Professional,95000.0,Private,0.8,Large Indian,Rented,20400.0,3,2,12900.0,0.0,4800.0,25300.0,10300.0,Yes,16800.0,666.0,707300.0,163100.0,Vehicle EMI,419000.0,40,Not_Eligible,1386.0
27.0,Female,Single,Professional,22500.0,Private,0.5,MNC,Rented,3900.0,2,1,0.0,0.0,3300.0,5400.0,4200.0,No,0.0,727.0,96100.0,19800.0,Personal Loan EMI,465000.0,45,Not_Eligible,2280.0
48.0,Female,Married,Graduate,21500.0,Government,3.7,MNC,Own,0.0,3,2,8000.0,7000.0,3100.0,3800.0,3400.0,No,0.0,847.0,82900.0,30600.0,Home Appliances EMI,101000.0,6,Not_Eligible,500.0
27.0,Male,Single,Graduate,108800.0,Private,2.9,Large Indian,Rented,25100.0,2,1,7400.0,0.0,13900.0,29400.0,19300.0,No,0.0,766.0,237400.0,100600.0,Personal Loan EMI,301000.0,23,Not_Eligible,8220.0
48.0,Male,Married,Post Graduate,50600.0,Private,2.0,Mid-size,Family,0.0,4,3,0.0,9400.0,7100.0,14900.0,5300.0,No,0.0,750.0,212000.0,51200.0,Personal Loan EMI,238000.0,41,High_Risk,8340.0
48.0,Female,Married,Post Graduate,85500.0,Government,10.4,MNC,Rented,23000.0,5,4,2800.0,19800.0,5500.0,16000.0,4500.0,No,0.0,792.0,610500.0,125900.0,E-commerce Shopping EMI,40000.0,22,Eligible,10091.4
32.0,Male,Married,High School,72600.0,Private,10.0,MNC,Rented,12400.0,2,1,7200.0,0.0,3800.0,17000.0,5200.0,Yes,14100.0,650.0,451400.0,151000.0,Personal Loan EMI,226000.0,44,Not_Eligible,4966.5
48.0,Male,Married,Graduate,92100.0,Government,2.3,Large Indian,Rented,14300.0,2,1,8000.0,0.0,11900.0,16000.0,4800.0,No,0.0,755.0,170900.0,41500.0,Education EMI,183000.0,10,Not_Eligible,17808.0
32.0,Female,Married,Graduate,21000.0,Government,10.0,Small,Own,0.0,4,3,0.0,0.0,2000.0,3900.0,3200.0,Yes,3300.0,673.0,51300.0,,Education EMI,417000.0,14,Not_Eligible,3311.0
38.0,Female,Married,Graduate,38600.0,Private,16.0,Mid-size,Rented,7300.0,3,2,6000.0,0.0,2000.0,6900.0,4400.0,No,0.0,605.0,62500.0,35200.0,Home Appliances EMI,27000.0,7,Not_Eligible,3840.0
48.0,Male,Married,Post Graduate,107600.0,Private,1.6,Large Indian,Own,0.0,4,3,0.0,20000.0,6900.0,20800.0,9900.0,No,0.0,609.0,122100.0,59700.0,Education EMI,144000.0,45,Eligible,16000.0
27.0,Male,Single,High School,31900.0,Private,3.6,Large Indian,Rented,10400.0,2,1,13400.0,0.0,3700.0,9100.0,4300.0,Yes,5700.0,701.0,163300.0,83000.0,E-commerce Shopping EMI,44000.0,6,Not_Eligible,500.0
32.0,Male,Married,Graduate,39300.0,Private,1.9,MNC,Own,0.0,4,3,11300.0,0.0,5600.0,11100.0,5200.0,No,0.0,731.0,282900.0,123400.0,E-commerce Shopping EMI,17000.0,23,Eligible,3355.0
32.0,Male,Married,Graduate,353222.0,Government,3.7,Mid-size,Own,0.0,2,1,7500.0,0.0,2500.0,5200.0,3300.0,No,0.0,748.0,160800.0,38100.0,E-commerce Shopping EMI,38000.0,23,Not_Eligible,1210.0
32.0,Female,Married,Post Graduate,107800.0,Private,0.5,MNC,Own,0.0,4,3,0.0,0.0,8200.0,24000.0,16300.0,Yes,32000.0,637.0,578100.0,139800.0,Home Appliances EMI,56000.0,16,Eligible,6115.2
38.0,Female,Married,Post Graduate,79400.0,Government,3.7,Large Indian,Rented,23500.0,4,3,6100.0,0.0,9700.0,22500.0,4900.0,Yes,10400.0,796.0,362000.0,200600.0,Education EMI,285000.0,8,Not_Eligible,1062.6
32.0,Male,Married,Post Graduate,112500.0,Private,0.5,MNC,Family,0.0,3,2,11300.0,0.0,13300.0,27200.0,9000.0,No,0.0,737.0,591500.0,152700.0,Vehicle EMI,1006000.0,22,Not_Eligible,20680.0
38.0,Female,Married,Graduate,52100.0,Private,5.5,Large Indian,Rented,15400.0,5,4,7000.0,10900.0,5400.0,11700.0,3200.0,No,0.0,801.0,261800.0,62500.0,Personal Loan EMI,400000.0,38,Not_Eligible,500.0
58.0,Female,Married,Graduate,81100.0,Private,7.0,MNC,Own,0.0,3,2,0.0,0.0,4500.0,19200.0,15100.0,No,0.0,644.0,495900.0,263600.0,Personal Loan EMI,341000.0,23,High_Risk,18612.0
48.0,Female,Married,High School,17800.0,Private,26.0,Large Indian,Own,0.0,4,3,0.0,0.0,1700.0,4400.0,3100.0,Yes,2200.0,812.0,137900.0,54700.0,Home Appliances EMI,211000.0,25,Not_Eligible,2956.8
38.0,Male,Married,Professional,59200.0,Private,5.1,Mid-size,Own,0.0,4,3,0.0,0.0,7600.0,9900.0,11600.0,No,0.0,739.0,206900.0,75300.0,Vehicle EMI,870000.0,42,Not_Eligible,15050.0
58.0,Male,Married,Graduate,77700.0,Private,1.3,Large Indian,Rented,25600.0,3,2,13900.0,0.0,6800.0,14600.0,7000.0,Yes,20300.0,562.0,180400.0,43900.0,Education EMI,271000.0,37,Not_Eligible,500.0
38.0,Female,Married,Professional,29500.0,Private,10.5,Small,Own,0.0,3,2,3600.0,12500.0,1900.0,6700.0,2900.0,No,0.0,760.0,208300.0,112600.0,Home Appliances EMI,52000.0,33,Not_Eligible,1254.0
32.0,Female,Married,Graduate,66800.0,Private,1.5,Large Indian,Rented,15100.0,3,2,0.0,0.0,7000.0,15300.0,10600.0,Yes,10700.0,613.0,374800.0,103700.0,Education EMI,61000.0,13,Not_Eligible,2268.0
38.0,Male,Married,Graduate,62500.0,Government,11.9,Startup,Rented,14700.0,5,4,9300.0,0.0,4600.0,16800.0,6000.0,No,0.0,850.0,306800.0,69500.0,Personal Loan EMI,859000.0,21,Not_Eligible,7326.0
27.0,Male,Single,Post Graduate,19500.0,Private,0.5,Startup,Own,0.0,1,0,0.0,0.0,1800.0,4300.0,3400.0,Yes,3200.0,727.0,109100.0,61600.0,E-commerce Shopping EMI,83000.0,9,Not_Eligible,1904.0
32.0,Male,Single,Graduate,89200.0,Private,3.5,Startup,Rented,20800.0,2,1,0.0,14300.0,6400.0,17400.0,10900.0,Yes,22100.0,663.0,370500.0,118000.0,Vehicle EMI,1083000.0,32,Not_Eligible,500.0
27.0,Female,Single,Graduate,50500.0,Government,0.6,Mid-size,Own,0.0,2,1,9200.0,6800.0,6500.0,7600.0,7600.0,No,0.0,782.0,332400.0,188100.0,E-commerce Shopping EMI,133000.0,11,Not_Eligible,8448.0
38.0,Male,Married,Professional,136200.0,Private,9.5,Mid-size,Rented,27600.0,2,1,10500.0,0.0,19300.0,37700.0,23600.0,Yes,33500.0,735.0,288900.0,120600.0,Personal Loan EMI,827000.0,14,Not_Eligible,500.0
32.0,Male,Married,High School,38200.0,Private,0.5,MNC,Rented,9400.0,5,4,0.0,0.0,5100.0,7500.0,6800.0,No,0.0,627.0,256600.0,134400.0,Personal Loan EMI,222000.0,39,Not_Eligible,3308.8
48.0,Male,Married,Graduate,27900.0,Private,16.6,Large Indian,Own,0.0,4,3,13400.0,0.0,3700.0,7400.0,4800.0,Yes,6500.0,655.0,100500.0,43200.0,Vehicle EMI,1175000.0,49,Not_Eligible,500.0
48.0,Male,Married,Post Graduate,48400.0,Private,2.0,MNC,Own,0.0,4,3,14500.0,0.0,2500.0,9500.0,2600.0,No,0.0,765.0,63400.0,19600.0,Home Appliances EMI,51000.0,11,Eligible,9264.0
27.0,Female,Single,Post Graduate,47000.0,Government,0.6,MNC,Family,0.0,3,2,0.0,0.0,4600.0,13800.0,3500.0,No,0.0,720.0,173900.0,36600.0,Home Appliances EMI,187000.0,11,Not_Eligible,12550.0
27.0,Male,Single,Post Graduate,60400.0,Private,3.8,Large Indian,Rented,10700.0,3,2,12100.0,0.0,6200.0,9400.0,8000.0,No,0.0,711.0,193000.0,96500.0,Education EMI,249000.0,28,Not_Eligible,7000.0
38.0,Male,Married,Post Graduate,135500.0,Private,1.5,Mid-size,Family,0.0,2,1,2400.0,0.0,9300.0,33900.0,11300.0,No,0.0,649.0,314400.0,176100.0,Personal Loan EMI,545000.0,58,Eligible,31440.0
48.0,Female,Married,Professional,61800.0,Self-employed,18.0,Mid-size,Rented,9400.0,5,4,14100.0,0.0,3500.0,17500.0,10500.0,No,0.0,756.0,320400.0,161000.0,Home Appliances EMI,145000.0,27,Not_Eligible,3672.0
38.0,Male,Married,Graduate,39000.0,Private,8.4,Mid-size,Own,0.0,2,1,8200.0,0.0,3100.0,8900.0,3200.0,No,0.0,712.0,199800.0,72200.0,Vehicle EMI,464000.0,16,Not_Eligible,7800.0
48.0,Female,Married,Post Graduate,42700.0,Government,5.6,Startup,Own,0.0,4,3,0.0,0.0,2600.0,10500.0,5900.0,Yes,11100.0,686.0,82800.0,34600.0,Vehicle EMI,264000.0,35,Not_Eligible,3880.8
38.0,Male,Single,Post Graduate,22900.0,Private,4.5,Large Indian,Own,0.0,3,2,10100.0,0.0,1800.0,5700.0,3400.0,Yes,3100.0,675.0,66600.0,39500.0,E-commerce Shopping EMI,83000.0,14,Not_Eligible,500.0
38.0,Male,Married,Graduate,79200.0,Private,5.0,MNC,Rented,20100.0,3,2,5500.0,15500.0,11400.0,17100.0,6700.0,Yes,12300.0,799.0,235100.0,117600.0,Education EMI,187000.0,38,Not_Eligible,500.0
32.0,Male,Married,Graduate,53800.0,Private,1.1,MNC,Own,0.0,4,3,13700.0,0.0,3100.0,8400.0,9500.0,Yes,12800.0,637.0,173500.0,46800.0,Education EMI,345000.0,7,Not_Eligible,1764.0
32.0,Male,Single,High School,39200.0,Self-employed,0.5,MNC,Family,0.0,1,0,0.0,0.0,2900.0,11200.0,2800.0,No,0.0,809.0,176300.0,43000.0,E-commerce Shopping EMI,140000.0,23,Eligible,12042.0
32.0,Male,Single,High School,43000.0,Private,0.6,MNC,Own,0.0,2,1,8000.0,0.0,2900.0,8400.0,8600.0,No,0.0,757.0,336400.0,193600.0,Home Appliances EMI,22000.0,22,Eligible,7972.8
32.0,Male,Married,Post Graduate,79400.0,Government,2.8,Large Indian,Rented,26400.0,2,1,13100.0,21100.0,7000.0,23700.0,15700.0,No,0.0,733.0,249800.0,51200.0,Vehicle EMI,1315000.0,56,Not_Eligible,500.0
27.0,Male,Married,Graduate,10962.0,Private,0.5,Mid-size,Rented,17500.0,4,3,5500.0,0.0,4000.0,15300.0,13300.0,Yes,13600.0,698.0,83400.0,38300.0,Personal Loan EMI,464000.0,15,Not_Eligible,500.0
48.0,Female,Married,Graduate,20000.0,Private,0.5,Mid-size,Family,0.0,3,2,6500.0,0.0,1800.0,4200.0,2100.0,Yes,3200.0,626.0,20700.0,9400.0,E-commerce Shopping EMI,96000.0,19,Not_Eligible,500.0
38.0,Female,Married,Post Graduate,87400.0,Government,5.0,Large Indian,Rented,28300.0,3,2,0.0,0.0,7900.0,20100.0,11800.0,Yes,11500.0,765.0,367300.0,148500.0,Education EMI,145000.0,31,Not_Eligible,3603.6
32.0,Male,Married,Graduate,81000.0,Private,1.3,Large Indian,Own,0.0,3,2,12900.0,0.0,11200.0,23000.0,5400.0,Yes,11600.0,764.0,86100.0,21600.0,Personal Loan EMI,675000.0,31,Not_Eligible,5678.4
48.0,Male,Married,Graduate,47700.0,Private,17.8,Mid-size,Rented,8600.0,3,2,0.0,0.0,4200.0,14300.0,8500.0,No,0.0,750.0,347700.0,95000.0,Home Appliances EMI,84000.0,33,Eligible,7986.0
32.0,Female,Single,Graduate,72100.0,Private,6.4,Startup,Rented,19300.0,2,1,7400.0,0.0,5100.0,18100.0,13700.0,No,0.0,668.0,330000.0,92800.0,Personal Loan EMI,410000.0,60,Not_Eligible,4250.0
27.0,Male,Married,High School,28900.0,Private,1.2,Startup,Family,0.0,4,3,7200.0,11400.0,2100.0,6800.0,2900.0,No,0.0,663.0,77800.0,27900.0,Education EMI,408000.0,31,Not_Eligible,500.0
32.0,Male,Single,Graduate,49600.0,Self-employed,2.1,MNC,Rented,15100.0,3,2,0.0,0.0,2500.0,13500.0,6300.0,Yes,13900.0,665.0,274400.0,100100.0,Education EMI,277000.0,38,Not_Eligible,500.0
32.0,Male,Married,Post Graduate,96900.0,Private,3.2,Startup,Own,0.0,3,2,11200.0,22600.0,11000.0,18500.0,9200.0,No,0.0,666.0,617800.0,137400.0,Personal Loan EMI,156000.0,56,Eligible,13420.0
48.0,Female,Married,Post Graduate,27400.0,Private,12.7,Large Indian,Rented,5600.0,4,3,9300.0,11200.0,2600.0,5900.0,2400.0,Yes,5700.0,714.0,31500.0,12000.0,E-commerce Shopping EMI,147000.0,8,Not_Eligible,500.0
32.0,Female,Married,Graduate,80500.0,Private,5.7,MNC,Family,0.0,2,1,2800.0,0.0,4700.0,21000.0,10400.0,No,0.0,753.0,206200.0,60900.0,Education EMI,302000.0,26,Eligible,24960.0
48.0,Male,Married,High School,50000.0,Government,14.8,Large Indian,Family,0.0,4,3,2400.0,5500.0,6400.0,12600.0,8100.0,Yes,7700.0,696.0,160000.0,87000.0,Vehicle EMI,1433000.0,23,Not_Eligible,2810.5
48.0,Male,Married,Professional,67800.0,Private,17.6,MNC,Own,0.0,3,2,9200.0,11700.0,6100.0,10400.0,5400.0,Yes,19800.0,720.0,38400.0,21100.0,E-commerce Shopping EMI,52000.0,8,Not_Eligible,1456.0
38.0,Female,Married,Professional,95700.0,Self-employed,3.0,Large Indian,Family,0.0,3,2,10800.0,0.0,13600.0,15400.0,9000.0,Yes,13700.0,768.0,84600.0,37500.0,Education EMI,100000.0,10,Not_Eligible,10039.68
38.0,Male,Married,Graduate,69200.0,Government,6.9,Startup,Own,0.0,4,3,0.0,0.0,7500.0,15100.0,9100.0,No,0.0,636.0,99200.0,39500.0,Home Appliances EMI,166000.0,27,Eligible,13200.0
38.0,Male,Married,Post Graduate,34300.0,Self-employed,1.2,Large Indian,Own,0.0,3,2,3200.0,0.0,2900.0,5700.0,6300.0,Yes,5500.0,619.0,65700.0,24100.0,Home Appliances EMI,282000.0,33,Not_Eligible,2157.12
48.0,Female,Married,Graduate,59000.0,Self-employed,2.2,MNC,Own,0.0,4,3,2100.0,17900.0,6500.0,13700.0,7700.0,Yes,9900.0,699.0,158800.0,55100.0,Vehicle EMI,1403000.0,72,Not_Eligible,500.0
38.0,Female,Married,Graduate,101500.0,Private,1.6,MNC,Rented,21100.0,3,2,3600.0,15400.0,11600.0,24900.0,16700.0,Yes,10500.0,666.0,200900.0,46600.0,Personal Loan EMI,649000.0,48,Not_Eligible,500.0
27.0,Male,Married,Graduate,61300.0,Private,1.3,Mid-size,Rented,15800.0,2,1,9700.0,0.0,7500.0,15000.0,5700.0,No,0.0,651.0,484900.0,168300.0,Home Appliances EMI,26000.0,30,Eligible,4180.0
38.0,Female,Married,Professional,74600.0,Private,4.5,MNC,Family,0.0,2,1,0.0,0.0,8500.0,20800.0,3900.0,No,0.0,671.0,156000.0,73000.0,Personal Loan EMI,643000.0,36,Not_Eligible,20700.0
32.0,Male,Married,Post Graduate,45200.0,Government,4.9,Mid-size,Own,0.0,2,1,7300.0,14800.0,3200.0,11800.0,2400.0,Yes,10000.0,715.0,68400.0,15500.0,E-commerce Shopping EMI,27000.0,18,Not_Eligible,500.0
38.0,Female,Single,Graduate,31000.0,Private,11.5,Startup,Own,0.0,1,0,0.0,0.0,3700.0,7400.0,3300.0,No,0.0,798.0,221700.0,71300.0,Personal Loan EMI,60000.0,49,Eligible,10956.0
32.0,Female,Married,High School,63000.0,Private,1.0,Mid-size,Own,0.0,3,2,12300.0,0.0,9200.0,13900.0,6600.0,No,0.0,628.0,331100.0,128800.0,E-commerce Shopping EMI,125000.0,10,Not_Eligible,8400.0
58.0,Male,Married,Post Graduate,62000.0,Government,1.2,Large Indian,Rented,15400.0,4,3,10200.0,7500.0,6300.0,13800.0,6900.0,No,0.0,742.0,263500.0,114300.0,E-commerce Shopping EMI,194000.0,11,Not_Eligible,950.0
58.0,Male,Married,Graduate,69200.0,Private,11.4,Small,Own,0.0,3,2,4400.0,14700.0,4100.0,15800.0,7100.0,No,0.0,800.0,480500.0,132500.0,Education EMI,420000.0,33,Not_Eligible,15246.0
27.0,Female,Married,Graduate,31400.0,Government,1.3,Small,Own,0.0,3,2,5600.0,0.0,2800.0,6400.0,3800.0,No,0.0,751.0,250200.0,137900.0,Personal Loan EMI,508000.0,31,Not_Eligible,8448.0
39.0,Male,Married,Graduate,38668.0,Private,16.0,Mid-size,Own,0.0,2,1,0.0,0.0,3400.0,9700.0,4000.0,No,0.0,812.0,131900.0,63400.0,Education EMI,448000.0,33,Not_Eligible,13140.0
32.0,Male,Married,Post Graduate,87000.0,Government,5.7,Mid-size,Rented,14500.0,4,3,0.0,0.0,4600.0,14600.0,7900.0,No,0.0,677.0,52200.0,31100.0,Vehicle EMI,642000.0,58,Eligible,19976.0
32.0,Male,Married,Graduate,50500.0,Private,1.3,Mid-size,Rented,16800.0,3,2,7600.0,0.0,3600.0,13800.0,8200.0,No,0.0,733.0,49000.0,19600.0,Vehicle EMI,263000.0,35,Not_Eligible,500.0
32.0,Female,Single,Post Graduate,86700.0,Government,1.2,MNC,Family,0.0,1,0,0.0,0.0,9300.0,22000.0,11900.0,No,0.0,828.0,53900.0,23500.0,Home Appliances EMI,185000.0,10,High_Risk,20880.0
48.0,Female,Married,Professional,46000.0,Private,4.9,Startup,Rented,16000.0,3,2,0.0,0.0,2500.0,8100.0,3800.0,No,0.0,693.0,329400.0,69500.0,Home Appliances EMI,184000.0,28,High_Risk,8580.0
32.0,Female,Single,Graduate,47200.0,Government,4.8,Mid-size,Family,0.0,1,0,0.0,0.0,6200.0,9900.0,7300.0,No,0.0,850.0,148500.0,50700.0,Education EMI,263000.0,15,Not_Eligible,15708.0
27.0,Female,Married,Graduate,49300.0,Private,0.5,MNC,Rented,10400.0,3,2,13500.0,17900.0,4500.0,14000.0,7700.0,Yes,11500.0,710.0,60200.0,25000.0,Home Appliances EMI,105000.0,31,Not_Eligible,500.0
38.0,Male,Married,Professional,61100.0,Private,9.5,Mid-size,Family,0.0,2,1,0.0,0.0,7200.0,12100.0,6800.0,Yes,17800.0,767.0,460400.0,255500.0,Home Appliances EMI,26000.0,31,Eligible,7946.4
32.0,Female,Married,Post Graduate,85100.0,Private,0.5,Mid-size,Family,0.0,3,2,4700.0,0.0,12700.0,18700.0,15600.0,No,0.0,687.0,324300.0,138900.0,Vehicle EMI,513000.0,60,High_Risk,13360.0
48.0,Male,Married,Professional,84200.0,Private,6.9,Startup,Rented,27300.0,4,3,3400.0,0.0,4300.0,18600.0,12000.0,No,0.0,766.0,526300.0,132900.0,E-commerce Shopping EMI,152000.0,6,Not_Eligible,12276.0
32.0,Female,Married,Graduate,43400.0,Private,1.0,Large Indian,Rented,,4,3,10900.0,11200.0,6400.0,12300.0,7500.0,No,0.0,849.0,280200.0,60700.0,E-commerce Shopping EMI,119000.0,24,Not_Eligible,500.0
32.0,Male,Married,Graduate,88200.0,Self-employed,2.8,MNC,Rented,26500.0,3,2,2500.0,19100.0,7300.0,15300.0,15000.0,Yes,25000.0,799.0,569300.0,228500.0,E-commerce Shopping EMI,99000.0,7,Not_Eligible,500.0
48.0,Male,Married,Post Graduate,68200.0,Private,5.1,Startup,Family,0.0,3,2,13700.0,0.0,9800.0,13700.0,9100.0,No,0.0,786.0,522600.0,217800.0,Vehicle EMI,966000.0,14,Not_Eligible,14454.0
38.0,Female,Married,Post Graduate,46200.0,Self-employed,16.0,Small,Own,0.0,5,4,2800.0,16900.0,2400.0,13300.0,7300.0,No,0.0,783.0,300300.0,146000.0,Education EMI,214000.0,39,Not_Eligible,2079.0
27.0,Female,Married,High School,30100.0,Government,0.5,Large Indian,Own,0.0,4,3,0.0,0.0,4200.0,8100.0,4600.0,Yes,6500.0,741.0,152200.0,44000.0,Home Appliances EMI,207000.0,18,Not_Eligible,2345.0
32.0,Male,Married,Professional,134600.0,Private,0.7,Large Indian,Own,0.0,5,4,0.0,11000.0,10200.0,36000.0,11600.0,No,0.0,710.0,693000.0,180100.0,Home Appliances EMI,267000.0,26,Eligible,26320.0
38.0,Female,Married,Post Graduate,49300.0,Private,7.3,Startup,Family,0.0,3,2,9700.0,0.0,6100.0,12200.0,6800.0,No,0.0,725.0,131300.0,59200.0,Education EMI,424000.0,29,Not_Eligible,7250.0
32.0,Male,Married,Professional,72200.0,Government,0.5,Startup,Rented,14300.0,3,2,13600.0,0.0,10700.0,12300.0,6600.0,Yes,15700.0,782.0,543300.0,230200.0,Personal Loan EMI,94000.0,55,Not_Eligible,500.0
27.0,Female,Single,Post Graduate,57700.0,Government,0.5,Startup,Own,5568.0,2,1,12500.0,0.0,5500.0,10800.0,4300.0,Yes,16500.0,633.0,40500.0,22300.0,E-commerce Shopping EMI,162000.0,9,Not_Eligible,1814.4
58.0,Female,Single,Professional,80900.0,Private,4.7,Small,Own,0.0,2,1,0.0,0.0,10500.0,14100.0,10900.0,Yes,10500.0,711.0,109100.0,56900.0,Education EMI,472000.0,19,Not_Eligible,9772.0
48.0,Female,Married,Graduate,32100.0,Private,6.5,MNC,Own,11198.0,4,3,0.0,0.0,2700.0,8200.0,3400.0,No,0.0,1200.0,50600.0,14100.0,E-commerce Shopping EMI,73000.0,15,Eligible,8544.0
32.0,Female,Married,Graduate,15000.0,Private,0.6,Startup,Rented,3200.0,3,2,12200.0,0.0,1200.0,3000.0,2600.0,No,0.0,566.0,32500.0,13100.0,E-commerce Shopping EMI,137000.0,3,Not_Eligible,500.0
48.0,Female,Married,Professional,132600.0,Private,7.6,MNC,Own,0.0,3,2,2300.0,0.0,18400.0,27100.0,11500.0,No,0.0,721.0,1046600.0,225000.0,Vehicle EMI,295000.0,73,Eligible,40315.0
27.0,Male,Single,Professional,45600.0,Private,1.2,Mid-size,Rented,9500.0,2,1,3500.0,0.0,3100.0,12700.0,7600.0,No,0.0,704.0,81300.0,47000.0,E-commerce Shopping EMI,149000.0,6,Not_Eligible,3680.0
32.0,Male,Single,Graduate,18000.0,Private,5.5,MNC,Family,0.0,1,0,0.0,0.0,2500.0,4500.0,2400.0,Yes,3700.0,782.0,89500.0,42200.0,Home Appliances EMI,187000.0,15,Not_Eligible,2058.0
48.0,Female,Married,Post Graduate,70300.0,Self-employed,26.0,Small,Own,0.0,4,3,0.0,24900.0,5400.0,12200.0,10100.0,Yes,13800.0,766.0,452200.0,255900.0,E-commerce Shopping EMI,70000.0,8,Not_Eligible,1621.62
32.0,Male,Married,Graduate,15000.0,Private,0.5,Mid-size,Family,0.0,3,2,4200.0,16800.0,1900.0,3200.0,2600.0,No,0.0,718.0,32600.0,19100.0,Home Appliances EMI,174000.0,29,Not_Eligible,500.0
32.0,Female,Married,Graduate,69000.0,Private,2.4,MNC,Own,0.0,3,2,14100.0,14600.0,4300.0,13100.0,7300.0,Yes,17200.0,594.0,431700.0,185300.0,E-commerce Shopping EMI,183000.0,18,Not_Eligible,500.0
32.0,Male,Married,Graduate,38700.0,Government,9.1,Large Indian,Rented,13400.0,3,2,0.0,0.0,3100.0,9700.0,2500.0,Yes,9000.0,630.0,278200.0,80300.0,E-commerce Shopping EMI,83000.0,24,Not_Eligible,500.0
27.0,Female,Single,Graduate,39500.0,Private,0.5,MNC,Own,0.0,2,1,5900.0,0.0,2900.0,6300.0,5600.0,No,0.0,638.0,106400.0,32300.0,E-commerce Shopping EMI,93000.0,10,Not_Eligible,6016.0
48.0,Male,Married,Post Graduate,64500.0,Government,4.4,Startup,Rented,18100.0,2,1,0.0,7700.0,7000.0,17200.0,9600.0,No,0.0,850.0,356400.0,192100.0,Home Appliances EMI,70000.0,32,Eligible,3234.0
32.0,Male,Married,High School,16300.0,Self-employed,3.7,Startup,Rented,5100.0,2,1,0.0,23700.0,800.0,4900.0,900.0,No,0.0,706.0,130300.0,57200.0,E-commerce Shopping EMI,17000.0,3,Not_Eligible,500.0
38.0,Female,Married,Professional,62600.0,Government,1.9,MNC,Own,0.0,3,2,3600.0,11500.0,8000.0,11900.0,11100.0,No,0.0,693.0,175300.0,77700.0,Home Appliances EMI,249000.0,35,Not_Eligible,8250.0
27.0,Female,Married,Graduate,24000.0,Private,1.4,Startup,Rented,,5,4,2500.0,0.0,1200.0,4200.0,3600.0,No,0.0,668.0,172300.0,67400.0,E-commerce Shopping EMI,131000.0,16,Not_Eligible,3960.0
32.0,Male,Single,Graduate,5129.0,Private,6.1,Large Indian,Rented,6300.0,1,0,0.0,0.0,2900.0,9900.0,4300.0,Yes,9600.0,719.0,221400.0,103700.0,E-commerce Shopping EMI,84000.0,11,Not_Eligible,500.0
38.0,Female,Married,Post Graduate,41700.0,Self-employed,7.6,Startup,Family,0.0,2,1,0.0,0.0,3100.0,7100.0,4000.0,Yes,7300.0,622.0,114900.0,58000.0,Personal Loan EMI,292000.0,50,Not_Eligible,5090.4
27.0,Male,Single,Professional,80700.0,Private,3.4,Large Indian,Own,0.0,3,2,8900.0,15500.0,8800.0,21700.0,4900.0,Yes,13100.0,718.0,421500.0,155700.0,Home Appliances EMI,89000.0,13,Not_Eligible,2730.0
27.0,Male,Married,Graduate,25300.0,Private,1.3,Large Indian,Family,0.0,4,3,0.0,0.0,2100.0,6100.0,4800.0,Yes,3200.0,582.0,112800.0,26800.0,Vehicle EMI,867000.0,62,Not_Eligible,2548.0
32.0,Female,Married,Post Graduate,90800.0,Government,1.8,Mid-size,Rented,24000.0,5,4,9200.0,0.0,8900.0,27200.0,15600.0,No,0.0,694.0,710200.0,143000.0,Education EMI,244000.0,31,Not_Eligible,3245.0
38.0,Male,Married,High School,34000.0,Private,7.1,MNC,Own,0.0,3,2,5600.0,6800.0,3100.0,6900.0,2600.0,Yes,5400.0,743.0,132100.0,77300.0,Education EMI,261000.0,23,Not_Eligible,1260.0
32.0,Male,Married,Professional,80400.0,Private,10.0,Large Indian,Own,0.0,2,1,11800.0,0.0,5800.0,17100.0,9500.0,No,0.0,767.0,289000.0,58100.0,Education EMI,230000.0,21,Eligible,21720.0
38.0,Male,Married,Graduate,50400.0,Self-employed,2.1,Mid-size,Rented,9600.0,2,1,8500.0,0.0,4900.0,11700.0,5100.0,No,0.0,707.0,198700.0,82400.0,E-commerce Shopping EMI,137000.0,11,Not_Eligible,4770.0
48.0,Male,Single,High School,46100.0,Private,1.3,Large Indian,Family,0.0,1,0,0.0,0.0,2900.0,12500.0,8800.0,No,0.0,666.0,361900.0,164500.0,Vehicle EMI,694000.0,71,Not_Eligible,12045.0
32.0,Male,Single,Graduate,48100.0,Government,4.6,MNC,Own,0.0,1,0,0.0,0.0,6400.0,8800.0,6000.0,No,0.0,647.0,254000.0,96300.0,Personal Loan EMI,486000.0,33,Not_Eligible,11836.0
38.0,Female,Married,High School,38500.0,Self-employed,16.0,MNC,Family,0.0,3,2,0.0,0.0,5100.0,10000.0,6600.0,Yes,8900.0,657.0,269700.0,103800.0,Home Appliances EMI,72000.0,6,Not_Eligible,2737.35
58.0,Female,Married,Post Graduate,29800.0,Government,7.8,Large Indian,Rented,8900.0,2,1,0.0,7600.0,2600.0,5200.0,4500.0,No,0.0,781.0,135600.0,49200.0,Vehicle EMI,1301000.0,36,Not_Eligible,660.0
48.0,Male,Single,Graduate,54100.0,Government,2.6,MNC,Family,0.0,2,1,11400.0,0.0,4800.0,13200.0,7900.0,Yes,13000.0,725.0,111200.0,41300.0,Personal Loan EMI,441000.0,30,Not_Eligible,1330.0
48.0,Female,Married,Professional,59800.0,Private,15.0,MNC,Rented,12800.0,2,1,0.0,0.0,6600.0,16100.0,9900.0,No,0.0,702.0,435900.0,152900.0,Vehicle EMI,135000.0,30,Eligible,7920.0
48.0,Female,Married,Graduate,45300.0,Private,5.9,MNC,Rented,15600.0,3,2,0.0,0.0,6300.0,11500.0,8900.0,Yes,10700.0,430.0,331800.0,140900.0,Education EMI,91000.0,26,Not_Eligible,500.0
27.0,Male,Single,High School,14400.0,Private,3.8,Mid-size,Rented,2700.0,3,2,7600.0,0.0,1200.0,3300.0,2700.0,Yes,1500.0,483.0,72200.0,33800.0,Home Appliances EMI,200000.0,15,Not_Eligible,500.0
58.0,Male,Married,Graduate,64300.0,Private,7.1,MNC,Rented,11200.0,4,3,9300.0,0.0,4100.0,15500.0,7700.0,No,0.0,762.0,95400.0,51200.0,Home Appliances EMI,96000.0,31,Eligible,7920.0
32.0,Male,Married,Graduate,46300.0,Self-employed,1.7,Mid-size,Rented,14700.0,4,3,0.0,0.0,3900.0,10200.0,2700.0,Yes,8200.0,758.0,126400.0,49100.0,Vehicle EMI,1358000.0,22,Not_Eligible,2494.8
32.0,Female,Married,Graduate,57500.0,Private,0.6,MNC,Rented,12200.0,4,3,14400.0,0.0,7600.0,10000.0,5200.0,No,0.0,582.0,258500.0,78500.0,Education EMI,439000.0,32,Not_Eligible,2592.0
48.0,Male,Single,Graduate,44000.0,Government,3.4,MNC,Own,0.0,2,1,8700.0,0.0,2900.0,10900.0,5000.0,No,0.0,1200.0,41800.0,9300.0,Vehicle EMI,1127000.0,55,Not_Eligible,8712.0
38.0,Male,Married,Professional,88400.0,Self-employed,3.0,Large Indian,Own,0.0,4,3,5000.0,0.0,5500.0,19200.0,7300.0,Yes,17900.0,704.0,234100.0,62800.0,Personal Loan EMI,721000.0,58,Not_Eligible,10552.5
38.0,Female,Married,Graduate,112200.0,Private,1.5,Large Indian,Own,0.0,3,2,13200.0,15400.0,13400.0,27100.0,11700.0,No,0.0,651.0,391700.0,82800.0,Education EMI,206000.0,42,Eligible,15700.0
48.0,Female,Married,Graduate,39500.0,Private,7.5,Startup,Rented,8400.0,4,3,0.0,0.0,5500.0,9500.0,2900.0,Yes,7900.0,732.0,258500.0,153100.0,Home Appliances EMI,137000.0,29,Not_Eligible,2040.5
32.0,Male,Married,Graduate,28100.0,Private,1.4,Startup,Own,0.0,3,2,0.0,0.0,2600.0,4400.0,2800.0,No,0.0,721.0,91300.0,25800.0,E-commerce Shopping EMI,122000.0,14,Not_Eligible,9150.0
27.0,Male,Married,Graduate,44200.0,Government,3.6,MNC,Own,0.0,3,2,14000.0,0.0,3300.0,8600.0,4500.0,No,0.0,628.0,100900.0,52100.0,E-commerce Shopping EMI,90000.0,11,Not_Eligible,6072.0
27.0,Female,Married,Graduate,50400.0,Private,0.5,Large Indian,Rented,15400.0,5,4,0.0,0.0,2800.0,11700.0,3100.0,Yes,5400.0,560.0,287200.0,125200.0,Vehicle EMI,876000.0,72,Not_Eligible,2688.0
48.0,Male,Married,Post Graduate,45200.0,Self-employed,7.6,Mid-size,Rented,7900.0,3,2,2900.0,22900.0,5500.0,10300.0,6900.0,Yes,4600.0,779.0,150300.0,66900.0,Home Appliances EMI,128000.0,31,Not_Eligible,500.0
32.0,Male,Married,Professional,47200.0,Private,3.5,MNC,Rented,12600.0,3,2,13700.0,10500.0,4600.0,9300.0,2400.0,Yes,12300.0,676.0,103800.0,22700.0,E-commerce Shopping EMI,24000.0,4,Not_Eligible,500.0
32.0,Male,Married,Post Graduate,63100.0,Private,1.1,Small,Own,0.0,2,1,0.0,0.0,5000.0,12400.0,6100.0,No,0.0,685.0,182100.0,96700.0,Vehicle EMI,864000.0,84,Eligible,19800.0
32.0,Male,Married,Graduate,40100.0,Private,1.1,Large Indian,Own,0.0,4,3,9100.0,0.0,4700.0,11200.0,2100.0,No,0.0,666.0,131200.0,54400.0,Education EMI,458000.0,47,Not_Eligible,6500.0
27.0,Male,Single,Graduate,62700.0,Private,3.9,Small,Family,0.0,1,0,0.0,0.0,5400.0,16000.0,6100.0,No,0.0,671.0,485900.0,178000.0,Home Appliances EMI,248000.0,32,Eligible,19360.0
32.0,Male,Single,Graduate,95300.0,Self-employed,9.5,MNC,Rented,17500.0,2,1,10200.0,0.0,5500.0,20600.0,11500.0,Yes,12700.0,600.0,509400.0,182400.0,Home Appliances EMI,152000.0,35,Not_Eligible,4359.6
32.0,Male,Married,Graduate,49100.0,Self-employed,0.6,Startup,Own,0.0,4,3,6000.0,0.0,5400.0,8500.0,6000.0,No,0.0,742.0,45500.0,22000.0,Vehicle EMI,616000.0,22,Not_Eligible,8352.0
27.0,Male,Married,Graduate,93200.0,Government,2.9,Large Indian,Own,0.0,4,3,4400.0,0.0,4700.0,19300.0,8800.0,No,0.0,758.0,455700.0,199700.0,Vehicle EMI,1464000.0,17,Not_Eligible,33600.0
32.0,Male,Single,High School,20400.0,Private,2.0,Mid-size,Own,0.0,3,2,7500.0,0.0,1300.0,6000.0,3300.0,No,0.0,692.0,17300.0,8300.0,Home Appliances EMI,279000.0,26,Not_Eligible,920.0
38.0,Female,Married,Post Graduate,68400.0,Private,4.4,Mid-size,Own,0.0,4,3,0.0,0.0,8200.0,13300.0,6800.0,No,0.0,622.0,353500.0,111800.0,Personal Loan EMI,828000.0,59,Not_Eligible,16040.0
38.0,Female,Married,Graduate,89200.0,Government,7.1,MNC,Own,0.0,3,2,0.0,0.0,10600.0,21900.0,17400.0,No,0.0,843.0,566300.0,240200.0,Education EMI,447000.0,22,High_Risk,28531.8
27.0,Male,Single,Graduate,44000.0,Private,1.0,Large Indian,Rented,8900.0,2,1,0.0,0.0,3600.0,8400.0,2800.0,Yes,12100.0,672.0,283100.0,67000.0,E-commerce Shopping EMI,163000.0,11,Not_Eligible,3157.0
27.0,Male,Single,Post Graduate,62000.0,Government,4.5,Mid-size,Rented,19200.0,2,1,11500.0,0.0,4100.0,12400.0,6700.0,No,0.0,726.0,38000.0,14500.0,E-commerce Shopping EMI,77000.0,3,Not_Eligible,3564.0
38.0,Male,Married,Professional,54100.0,Private,16.0,Mid-size,Rented,14000.0,3,2,0.0,0.0,6200.0,10300.0,9800.0,No,0.0,850.0,348600.0,129900.0,Vehicle EMI,416000.0,37,Not_Eligible,9108.0
38.0,Female,Married,High School,33400.0,Private,1.2,MNC,Own,0.0,4,3,12500.0,5900.0,2600.0,9600.0,4400.0,Yes,7900.0,675.0,189500.0,69700.0,Education EMI,156000.0,34,Not_Eligible,500.0
38.0,Male,Married,High School,74500.0,Private,5.7,MNC,Family,0.0,5,4,0.0,24200.0,9000.0,14400.0,13600.0,No,0.0,786.0,388800.0,81500.0,E-commerce Shopping EMI,20000.0,17,Eligible,7980.0
38.0,Female,Single,Graduate,18000.0,Self-employed,16.0,Startup,Rented,3600.0,1,0,0.0,0.0,1800.0,3400.0,1000.0,Yes,5000.0,653.0,78100.0,40200.0,Home Appliances EMI,157000.0,29,Not_Eligible,1008.0
38.0,Male,Married,Graduate,45400.0,Private,2.3,Large Indian,Rented,13600.0,2,1,7000.0,0.0,4800.0,13600.0,8500.0,Yes,7000.0,635.0,119400.0,43100.0,E-commerce Shopping EMI,91000.0,5,Not_Eligible,500.0
38.0,Male,Married,Graduate,19700.0,Private,1.6,Large Indian,Rented,5300.0,4,3,9200.0,0.0,1800.0,3900.0,1900.0,Yes,4400.0,666.0,82800.0,20600.0,Vehicle EMI,817000.0,67,Not_Eligible,500.0
48.0,Female,Married,,75200.0,Private,1.0,Mid-size,Family,0.0,2,1,0.0,0.0,9500.0,12700.0,7700.0,No,0.0,759.0,565900.0,205200.0,E-commerce Shopping EMI,58000.0,15,Eligible,29898.0
38.0,Male,Married,Graduate,67500.0,Private,16.0,MNC,Rented,13100.0,2,1,0.0,0.0,3500.0,11400.0,5300.0,No,0.0,753.0,214200.0,45200.0,Vehicle EMI,648000.0,31,Not_Eligible,20520.0
38.0,Male,Married,High School,16000.0,Government,4.3,Large Indian,Rented,5300.0,2,1,0.0,12100.0,1000.0,4500.0,3000.0,No,0.0,782.0,122300.0,46700.0,Personal Loan EMI,436000.0,13,Not_Eligible,500.0
38.0,Female,Married,Graduate,43700.0,Private,0.8,MNC,Family,0.0,4,3,6500.0,18500.0,6500.0,10500.0,8100.0,Yes,5400.0,572.0,282400.0,69800.0,Personal Loan EMI,637000.0,53,Not_Eligible,500.0
48.0,Male,Married,Graduate,15000.0,Private,6.7,MNC,Family,0.0,4,3,0.0,22400.0,1800.0,2900.0,900.0,No,0.0,815.0,88700.0,35900.0,Vehicle EMI,582000.0,35,Not_Eligible,500.0
32.0,Male,Single,Graduate,60900.0,Self-employed,0.5,MNC,Rented,17800.0,2,1,0.0,0.0,5900.0,17600.0,4100.0,No,0.0,683.0,457300.0,178700.0,Home Appliances EMI,223000.0,20,Not_Eligible,7672.5
48.0,Female,Married,Post Graduate,88300.0,Private,0.9,Large Indian,Rented,25500.0,2,1,0.0,15400.0,5400.0,24200.0,8500.0,No,0.0,691.0,198100.0,77300.0,Home Appliances EMI,101000.0,36,High_Risk,3720.0
48.0,Male,Single,Post Graduate,55100.0,Private,0.8,Mid-size,Rented,16600.0,2,1,0.0,0.0,7600.0,8600.0,7000.0,No,0.0,744.0,391400.0,116400.0,Vehicle EMI,844000.0,29,Not_Eligible,6732.0
32.0,Male,Single,Professional,97300.0,Private,3.0,MNC,Own,0.0,3,2,0.0,0.0,12100.0,18000.0,9100.0,Yes,28500.0,659.0,589500.0,321700.0,Home Appliances EMI,147000.0,26,Eligible,11396.0
48.0,Female,Married,Graduate,68500.0,Government,6.1,Startup,Rented,19700.0,3,2,9400.0,0.0,5300.0,20200.0,12800.0,Yes,15000.0,730.0,454200.0,166500.0,Home Appliances EMI,33000.0,30,Not_Eligible,500.0
48.0,Female,Married,Post Graduate,88300.0,Private,2.6,Small,Own,0.0,3,2,0.0,0.0,9700.0,15100.0,13800.0,Yes,23500.0,747.0,320300.0,156500.0,Personal Loan EMI,689000.0,52,Not_Eligible,9170.0
27.0,Female,Single,Graduate,24000.0,Government,1.8,MNC,Own,13496.0,1,0,0.0,0.0,2300.0,3600.0,2800.0,No,0.0,800.0,87800.0,23300.0,E-commerce Shopping EMI,113000.0,21,Eligible,9180.0
48.0,Male,Single,Professional,76600.0,Private,2.4,Mid-size,Own,0.0,2,1,14800.0,0.0,5900.0,13700.0,12700.0,No,0.0,836.0,268600.0,118600.0,Home Appliances EMI,108000.0,36,Eligible,17700.0
38.0,Male,Single,Graduate,52400.0,Government,5.0,Mid-size,Own,0.0,2,1,0.0,0.0,4000.0,11100.0,7400.0,Yes,10000.0,694.0,278100.0,123400.0,Home Appliances EMI,128000.0,13,Not_Eligible,7661.5
48.0,Female,Married,Post Graduate,11238.0,Private,11.5,Large Indian,Family,0.0,2,1,0.0,21300.0,5300.0,8900.0,5700.0,No,0.0,725.0,192700.0,51000.0,Personal Loan EMI,544000.0,38,Not_Eligible,1550.0
27.0,Female,Single,Graduate,68200.0,Private,4.5,MNC,Rented,14200.0,3,2,0.0,0.0,8000.0,15700.0,13100.0,No,0.0,714.0,209200.0,101900.0,E-commerce Shopping EMI,163000.0,6,Not_Eligible,8600.0
32.0,Male,Married,Professional,82400.0,Private,2.0,Large Indian,Family,0.0,4,3,11600.0,0.0,8000.0,17400.0,16100.0,Yes,22300.0,624.0,368000.0,125100.0,Personal Loan EMI,134000.0,54,Not_Eligible,1960.0
32.0,Male,Single,Graduate,28400.0,Private,0.5,Large Indian,Family,0.0,1,0,0.0,0.0,3100.0,7400.0,2400.0,No,0.0,696.0,175100.0,89400.0,Vehicle EMI,429000.0,79,Not_Eligible,6820.0
38.0,Male,Married,High School,54000.0,Self-employed,3.3,Large Indian,Own,0.0,3,2,9500.0,0.0,7700.0,14100.0,3100.0,Yes,12100.0,675.0,119300.0,38600.0,Personal Loan EMI,296000.0,39,Not_Eligible,2362.5
32.0,Male,Married,Graduate,59300.0,Private,6.7,Mid-size,Own,0.0,4,3,0.0,0.0,3000.0,13100.0,10500.0,No,0.0,720.0,318100.0,156200.0,E-commerce Shopping EMI,107000.0,4,Not_Eligible,16350.0
27.0,Male,Married,Professional,79300.0,Private,1.2,Mid-size,Own,0.0,4,3,3500.0,23900.0,5000.0,15700.0,6300.0,Yes,16300.0,723.0,265300.0,130200.0,E-commerce Shopping EMI,85000.0,10,Not_Eligible,3010.0
27.0,Male,Single,Graduate,33800.0,Private,0.9,Mid-size,Rented,10300.0,1,0,0.0,0.0,3700.0,6600.0,3800.0,No,0.0,744.0,186700.0,82100.0,Vehicle EMI,882000.0,26,Not_Eligible,3760.0
38.0,Female,Single,Post Graduate,80100.0,Self-employed,1.9,Mid-size,Own,0.0,1,0,0.0,0.0,10600.0,16600.0,13100.0,No,0.0,728.0,59200.0,20000.0,Personal Loan EMI,232000.0,51,Eligible,14328.0
38.0,Male,Married,Graduate,37300.0,Government,3.0,Large Indian,Family,0.0,2,1,10800.0,0.0,5200.0,10800.0,2100.0,No,0.0,750.0,173100.0,71800.0,Home Appliances EMI,77000.0,31,Eligible,5544.0
58.0,Female,Married,Post Graduate,35900.0,Private,9.2,Large Indian,Family,0.0,4,3,0.0,0.0,5100.0,9400.0,3600.0,Yes,5300.0,678.0,53300.0,20500.0,Education EMI,499000.0,28,Not_Eligible,3500.0
38.0,Male,Married,Graduate,24300.0,Private,4.0,Large Indian,Rented,5800.0,2,1,0.0,0.0,3600.0,4400.0,4000.0,No,0.0,681.0,109000.0,56700.0,Personal Loan EMI,711000.0,17,Not_Eligible,3250.0
48.0,Male,Married,Graduate,98700.0,Self-employed,26.0,Small,Family,0.0,3,2,10700.0,10500.0,8800.0,22300.0,8100.0,Yes,20200.0,750.0,146000.0,86900.0,Vehicle EMI,1091000.0,62,Not_Eligible,5473.44
58.0,Male,Married,Professional,78800.0,Private,3.0,Small,Rented,25100.0,4,3,0.0,0.0,4100.0,15700.0,5000.0,No,0.0,717.0,150500.0,77100.0,Home Appliances EMI,293000.0,20,Not_Eligible,11560.0
38.0,Male,Single,Graduate,32100.0,Private,4.6,Large Indian,Rented,10700.0,1,0,0.0,0.0,3100.0,5600.0,4700.0,No,0.0,699.0,234000.0,103600.0,Home Appliances EMI,206000.0,33,Not_Eligible,4400.0
48.0,Male,Married,Post Graduate,116500.0,Private,11.0,Startup,Family,0.0,2,1,14000.0,0.0,5900.0,18100.0,18400.0,No,0.0,641.0,296000.0,140300.0,Home Appliances EMI,140000.0,29,Eligible,24040.0
38.0,Male,Married,Graduate,90200.0,Private,2.3,Large Indian,Rented,18400.0,3,2,0.0,0.0,10700.0,22100.0,14700.0,No,0.0,716.0,627300.0,307700.0,Vehicle EMI,1214000.0,27,Not_Eligible,13365.0
38.0,Male,Married,Professional,103400.0,Private,2.4,Startup,Own,0.0,3,2,7900.0,0.0,12300.0,26800.0,6300.0,No,0.0,669.0,168500.0,91400.0,Vehicle EMI,1055000.0,83,High_Risk,20040.0
48.0,Male,Married,Post Graduate,83900.0,Private,6.2,Large Indian,Rented,16100.0,3,2,5500.0,0.0,8000.0,20900.0,16300.0,No,0.0,685.0,572900.0,294700.0,Personal Loan EMI,658000.0,21,Not_Eligible,9405.0
38.0,Male,Married,Graduate,72800.0,Private,6.7,Large Indian,Rented,12800.0,5,4,7100.0,0.0,6900.0,21700.0,13100.0,No,0.0,590.0,324900.0,95000.0,Personal Loan EMI,97000.0,16,Not_Eligible,4480.0
38.0,Male,Married,Graduate,28400.0,Private,0.5,Mid-size,Family,0.0,2,1,0.0,0.0,2900.0,5200.0,5600.0,No,0.0,616.0,181400.0,79900.0,Education EMI,432000.0,35,Not_Eligible,5174.4
32.0,Female,Married,Post Graduate,52800.0,Private,0.5,Large Indian,Family,0.0,4,3,12100.0,23000.0,5800.0,13100.0,6800.0,Yes,9100.0,617.0,387400.0,127400.0,Vehicle EMI,358000.0,81,Not_Eligible,500.0
38.0,Female,Married,Graduate,71400.0,Private,5.6,Large Indian,Family,0.0,3,2,6200.0,0.0,9600.0,20500.0,6500.0,Yes,13800.0,670.0,496700.0,,E-commerce Shopping EMI,116000.0,11,Not_Eligible,5698.0
32.0,Male,Single,Graduate,57600.0,Government,7.3,Mid-size,Own,0.0,2,1,9300.0,0.0,4000.0,12400.0,4700.0,Yes,6000.0,700.0,272300.0,128300.0,Vehicle EMI,1003000.0,47,Not_Eligible,8162.0
38.0,Female,Married,Graduate,31100.0,Self-employed,5.2,Mid-size,Rented,8600.0,3,2,4500.0,9800.0,3600.0,7200.0,1600.0,Yes,3200.0,639.0,64000.0,18300.0,Vehicle EMI,888000.0,45,Not_Eligible,500.0
38.0,Female,Married,Graduate,26800.0,Government,2.4,Large Indian,Own,0.0,3,2,0.0,0.0,4000.0,8000.0,3700.0,No,0.0,697.0,147400.0,32400.0,Home Appliances EMI,286000.0,11,Not_Eligible,5550.0
38.0,Male,Married,Post Graduate,68300.0,Private,0.5,MNC,Own,0.0,2,1,3000.0,10700.0,8900.0,17500.0,8800.0,Yes,17300.0,652.0,335700.0,173100.0,E-commerce Shopping EMI,50000.0,5,Not_Eligible,588.0
38.0,Female,Single,Graduate,38500.0,Private,16.0,Large Indian,Rented,6000.0,2,1,6400.0,12900.0,1900.0,11000.0,2000.0,No,0.0,646.0,132000.0,34900.0,Home Appliances EMI,112000.0,12,Not_Eligible,500.0
38.0,Female,Married,Post Graduate,68400.0,Private,8.0,Mid-size,Family,0.0,2,1,12300.0,18800.0,6200.0,19200.0,12300.0,Yes,10800.0,695.0,343300.0,72600.0,Personal Loan EMI,719000.0,25,Not_Eligible,500.0
27.0,Male,Married,Graduate,33000.0,Self-employed,0.5,MNC,Rented,6200.0,3,2,0.0,12500.0,1900.0,8000.0,5200.0,Yes,8900.0,724.0,70000.0,23200.0,Home Appliances EMI,50000.0,19,Not_Eligible,500.0
32.0,Male,Married,Post Graduate,103000.0,Private,2.7,MNC,Own,0.0,4,3,0.0,0.0,8400.0,27800.0,5600.0,No,0.0,746.0,609100.0,141200.0,Education EMI,453000.0,30,Eligible,30600.0
48.0,Male,Married,High School,27900.0,Private,2.5,Startup,Rented,5800.0,3,2,9300.0,15300.0,1800.0,7800.0,5000.0,Yes,3800.0,625.0,131900.0,47600.0,Personal Loan EMI,882000.0,51,Not_Eligible,500.0
48.0,Female,Married,Graduate,44700.0,Private,8.2,Large Indian,Own,0.0,5,4,0.0,11000.0,5500.0,11800.0,7500.0,Yes,11400.0,619.0,177400.0,45400.0,Home Appliances EMI,169000.0,12,Not_Eligible,500.0
32.0,Female,Single,Professional,79200.0,Self-employed,3.1,Mid-size,Own,0.0,1,0,0.0,0.0,5600.0,14100.0,11200.0,No,0.0,671.0,45300.0,11100.0,E-commerce Shopping EMI,139000.0,14,Eligible,17388.0
27.0,Male,Single,Graduate,5375.0,Private,0.5,MNC,Family,0.0,2,1,0.0,22000.0,5100.0,10100.0,4500.0,No,0.0,665.0,250100.0,81700.0,Home Appliances EMI,56000.0,25,Not_Eligible,500.0
58.0,Female,Married,Post Graduate,76800.0,Private,1.7,Small,Family,0.0,2,1,0.0,0.0,6700.0,17600.0,5700.0,Yes,17200.0,716.0,592500.0,119500.0,Personal Loan EMI,483000.0,51,Not_Eligible,11396.0
27.0,Female,Single,Graduate,56700.0,Private,3.6,Mid-size,Family,0.0,2,1,0.0,0.0,4000.0,15300.0,4000.0,No,0.0,723.0,57900.0,22200.0,Education EMI,67000.0,7,Eligible,13360.0
32.0,Female,Married,Graduate,40700.0,Government,1.4,Small,Rented,10300.0,2,1,0.0,0.0,2500.0,8500.0,3600.0,Yes,11900.0,688.0,148400.0,53100.0,Vehicle EMI,332000.0,12,Not_Eligible,1365.0
38.0,Male,Married,Graduate,47600.0,Private,1.3,Mid-size,Family,0.0,3,2,12600.0,0.0,4200.0,7300.0,4600.0,Yes,11300.0,670.0,155900.0,83900.0,Education EMI,471000.0,15,Not_Eligible,2660.0
27.0,Male,Married,Graduate,22700.0,Government,0.5,Startup,Own,0.0,3,2,3400.0,0.0,1900.0,5600.0,3900.0,Yes,4100.0,776.0,39000.0,18200.0,Personal Loan EMI,100000.0,48,Not_Eligible,1276.8
38.0,Female,Married,Graduate,20500.0,Private,0.6,Large Indian,Family,0.0,3,2,3000.0,0.0,1500.0,4200.0,2300.0,No,0.0,589.0,129500.0,69500.0,Education EMI,237000.0,23,Not_Eligible,3344.0
32.0,Male,Single,High School,7387.0,Private,8.2,Mid-size,Rented,10600.0,2,1,3100.0,9000.0,3900.0,8000.0,1600.0,Yes,4700.0,686.0,116500.0,56400.0,Personal Loan EMI,609000.0,20,Not_Eligible,500.0
38.0,Male,Single,Post Graduate,64200.0,Private,16.0,Large Indian,Own,0.0,3,2,12600.0,0.0,3900.0,17400.0,6200.0,Yes,11900.0,713.0,104700.0,22600.0,E-commerce Shopping EMI,110000.0,14,Not_Eligible,3416.0
38.0,Male,Married,Graduate,37700.0,Private,6.5,MNC,Rented,9200.0,3,2,14800.0,22200.0,3100.0,7300.0,7200.0,No,0.0,687.0,293200.0,171300.0,Personal Loan EMI,58000.0,18,Not_Eligible,500.0
48.0,Male,Married,Post Graduate,8909.0,Private,7.4,Large Indian,Rented,16500.0,4,3,12300.0,0.0,4400.0,9200.0,11200.0,No,0.0,714.0,76200.0,38700.0,Education EMI,211000.0,33,Not_Eligible,2720.0
38.0,Male,Single,Post Graduate,47800.0,Private,9.3,Mid-size,Rented,11400.0,2,1,9200.0,13100.0,7000.0,13900.0,8400.0,No,0.0,802.0,357500.0,165700.0,Home Appliances EMI,170000.0,33,Not_Eligible,500.0
38.0,Male,Single,Graduate,57800.0,Private,4.4,Large Indian,Own,0.0,2,1,0.0,0.0,8000.0,16400.0,5000.0,No,0.0,699.0,369800.0,83100.0,Education EMI,488000.0,41,High_Risk,15620.0
58.0,Female,Married,Professional,108600.0,Government,7.1,Small,Rented,29000.0,3,2,0.0,0.0,14800.0,26800.0,5600.0,Yes,25700.0,703.0,595500.0,204200.0,Personal Loan EMI,597000.0,33,Not_Eligible,2579.5
48.0,Female,Married,High School,26800.0,Self-employed,26.0,MNC,Family,0.0,2,1,2100.0,0.0,3400.0,7800.0,2900.0,No,0.0,798.0,183000.0,90200.0,E-commerce Shopping EMI,63000.0,18,Eligible,6296.4
38.0,Female,Married,Graduate,33400.0,Private,0.5,Large Indian,Rented,6700.0,5,4,0.0,14700.0,2400.0,8900.0,6300.0,No,0.0,658.0,200600.0,63300.0,Vehicle EMI,1160000.0,78,Not_Eligible,500.0
32.0,Male,Married,Post Graduate,105300.0,Private,10.0,MNC,Family,0.0,3,2,0.0,16900.0,8300.0,16900.0,20600.0,No,0.0,838.0,280700.0,157800.0,Education EMI,66000.0,31,Eligible,25560.0
27.0,Female,Single,Graduate,47800.0,Private,0.5,Mid-size,Own,0.0,1,0,0.0,0.0,6500.0,10400.0,3400.0,Yes,5100.0,633.0,375300.0,187600.0,E-commerce Shopping EMI,19000.0,20,Eligible,5519.36
38.0,Male,Married,Graduate,60700.0,Self-employed,6.1,Large Indian,Family,0.0,3,2,7200.0,0.0,7500.0,17100.0,3300.0,No,0.0,705.0,327500.0,192500.0,Home Appliances EMI,242000.0,16,Not_Eligible,11520.0
32.0,Female,Single,Professional,49200.0,Private,3.3,Large Indian,Family,0.0,1,0,0.0,0.0,4700.0,8900.0,3100.0,Yes,6200.0,735.0,46700.0,16500.0,Education EMI,356000.0,40,Not_Eligible,7364.0
38.0,Male,Married,Post Graduate,53000.0,Private,5.8,Startup,Rented,18000.0,5,4,0.0,0.0,5000.0,12100.0,5100.0,Yes,6200.0,591.0,105500.0,55600.0,Vehicle EMI,802000.0,84,Not_Eligible,1478.4
38.0,Male,Married,Graduate,42300.0,Private,3.1,Small,Own,0.0,3,2,0.0,0.0,5000.0,9600.0,8400.0,No,0.0,732.0,161000.0,63400.0,E-commerce Shopping EMI,49000.0,5,Not_Eligible,9650.0
48.0,Male,Married,Professional,43700.0,Private,6.3,Mid-size,Own,0.0,2,1,14100.0,22400.0,3900.0,6900.0,4400.0,No,0.0,698.0,59200.0,23100.0,Home Appliances EMI,287000.0,21,Not_Eligible,500.0
38.0,Male,Single,Professional,127400.0,Self-employed,1.3,Mid-size,Own,0.0,1,0,0.0,0.0,14200.0,36000.0,18000.0,No,0.0,741.0,896200.0,333700.0,Personal Loan EMI,566000.0,58,Eligible,29304.0
32.0,Male,Married,Graduate,45700.0,Government,3.6,Startup,Rented,12800.0,4,3,14700.0,0.0,3400.0,7700.0,3000.0,No,0.0,767.0,96200.0,47800.0,Education EMI,252000.0,7,Not_Eligible,2706.0
32.0,Male,Married,Post Graduate,51500.0,Private,0.7,Small,Own,0.0,3,2,0.0,0.0,7500.0,10200.0,5100.0,No,0.0,774.0,228600.0,103800.0,Education EMI,188000.0,44,Eligible,13776.0
48.0,Male,Married,Graduate,37500.0,Private,3.7,Mid-size,Own,0.0,3,2,12400.0,0.0,3600.0,9400.0,5600.0,No,0.0,690.0,55800.0,14600.0,E-commerce Shopping EMI,59000.0,6,Not_Eligible,2600.0
27.0,Female,Single,Graduate,15000.0,Private,0.8,Large Indian,Family,0.0,2,1,7900.0,0.0,900.0,4400.0,2300.0,Yes,4400.0,560.0,103500.0,23300.0,E-commerce Shopping EMI,64000.0,24,Not_Eligible,500.0
58.0,Female,Married,Graduate,41400.0,Private,8.3,MNC,Family,0.0,3,2,9000.0,0.0,3400.0,6700.0,2800.0,No,0.0,803.0,173200.0,67500.0,Home Appliances EMI,229000.0,34,Eligible,11700.0
58.0,Female,Married,Graduate,65500.0,Private,13.8,Mid-size,Own,0.0,3,2,0.0,13600.0,5700.0,17900.0,3400.0,Yes,18600.0,833.0,299900.0,151300.0,E-commerce Shopping EMI,38000.0,3,Not_Eligible,2646.0
27.0,Female,Single,Post Graduate,114900.0,Private,0.5,Large Indian,Rented,36900.0,1,0,0.0,0.0,7200.0,23400.0,21900.0,Yes,19600.0,722.0,613100.0,247100.0,Personal Loan EMI,117000.0,24,Not_Eligible,1652.0
38.0,Male,Married,Graduate,40900.0,Self-employed,2.7,Startup,Rented,8500.0,3,2,14000.0,0.0,5600.0,6300.0,2700.0,No,0.0,612.0,245200.0,60400.0,Personal Loan EMI,916000.0,51,Not_Eligible,1368.0
27.0,Female,Married,Graduate,35000.0,Private,0.5,Startup,Own,0.0,3,2,0.0,0.0,2900.0,5500.0,5900.0,No,0.0,795.0,158800.0,38000.0,E-commerce Shopping EMI,78000.0,12,Eligible,9936.0
48.0,Male,Married,Post Graduate,54300.0,Private,25.7,MNC,Rented,10800.0,3,2,13600.0,0.0,5600.0,12400.0,7800.0,Yes,13000.0,684.0,260900.0,76300.0,Vehicle EMI,452000.0,52,Not_Eligible,500.0
27.0,Male,Single,High School,28900.0,Private,1.3,Large Indian,Own,0.0,2,1,9700.0,0.0,3700.0,5500.0,3500.0,No,0.0,612.0,39800.0,20400.0,Home Appliances EMI,156000.0,14,Not_Eligible,2080.0
48.0,Female,Married,High School,12600.0,Private,3.0,Mid-size,Family,5132.0,5,4,9700.0,0.0,1600.0,2300.0,700.0,No,0.0,776.0,23800.0,9500.0,E-commerce Shopping EMI,27000.0,9,Not_Eligible,500.0
48.0,Male,Married,Professional,118800.0,Private,0.5,Large Indian,Family,0.0,5,4,12900.0,0.0,11900.0,23800.0,19800.0,No,0.0,677.0,789500.0,192500.0,Home Appliances EMI,297000.0,18,High_Risk,22176.0
47.0,Female,Married,Graduate,17929.0,Private,0.5,Large Indian,Rented,3700.0,3,2,0.0,21400.0,1000.0,3100.0,2400.0,No,0.0,725.0,63000.0,34800.0,Personal Loan EMI,322000.0,49,Not_Eligible,500.0
32.0,Female,Married,Graduate,93400.0,Private,1.4,Startup,Family,0.0,5,4,0.0,11400.0,6500.0,17000.0,16800.0,No,0.0,676.0,705200.0,337500.0,E-commerce Shopping EMI,115000.0,8,Eligible,22935.0
58.0,Male,Married,Graduate,59900.0,Self-employed,3.6,Large Indian,Rented,9600.0,3,2,0.0,0.0,5600.0,17300.0,9700.0,No,0.0,559.0,325600.0,157000.0,Personal Loan EMI,982000.0,59,Not_Eligible,6372.0
38.0,Female,Single,Graduate,84700.0,Private,13.6,Small,Rented,27400.0,1,0,0.0,0.0,7500.0,24600.0,9200.0,No,0.0,688.0,591500.0,224300.0,Personal Loan EMI,87000.0,40,Eligible,8800.0
58.0,Male,Married,Post Graduate,50800.0,Private,5.2,Mid-size,Rented,11600.0,3,2,0.0,0.0,5500.0,13100.0,8100.0,Yes,7200.0,704.0,317300.0,184500.0,Home Appliances EMI,28000.0,10,Not_Eligible,2040.5
48.0,Female,Married,Graduate,85600.0,Private,0.5,Mid-size,Own,0.0,3,2,3400.0,0.0,11400.0,13000.0,4300.0,No,0.0,758.0,434700.0,132400.0,Education EMI,425000.0,20,High_Risk,25680.0
32.0,Male,Married,Graduate,33700.0,Private,10.0,Large Indian,Family,0.0,4,3,0.0,0.0,4700.0,6700.0,4500.0,No,0.0,646.0,61300.0,34400.0,E-commerce Shopping EMI,46000.0,4,Not_Eligible,5696.0
32.0,Male,Married,Graduate,43600.0,Government,5.3,MNC,Family,5362.0,2,1,10300.0,11600.0,4400.0,6700.0,7900.0,No,0.0,771.0,327900.0,130900.0,Personal Loan EMI,484000.0,25,Not_Eligible,1960.2
48.0,Female,Married,Graduate,24300.0,Private,4.5,MNC,Rented,7900.0,4,3,0.0,21600.0,3600.0,5000.0,4700.0,Yes,3800.0,623.0,80100.0,27300.0,Personal Loan EMI,435000.0,51,Not_Eligible,500.0
32.0,Male,Single,Post Graduate,33100.0,Private,0.6,MNC,Own,0.0,2,1,3700.0,0.0,4700.0,9500.0,6400.0,No,0.0,700.0,260900.0,140600.0,E-commerce Shopping EMI,119000.0,16,Not_Eligible,3872.0
32.0,Male,Married,Graduate,103700.0,Private,4.0,Mid-size,Family,0.0,3,2,7400.0,0.0,7600.0,24100.0,14200.0,No,0.0,716.0,776400.0,433000.0,E-commerce Shopping EMI,18000.0,10,Eligible,27720.0
38.0,Male,Married,Graduate,53000.0,Government,2.0,Large Indian,Family,0.0,3,2,8600.0,9200.0,3500.0,10300.0,4200.0,Yes,6400.0,718.0,71600.0,36200.0,Home Appliances EMI,285000.0,11,Not_Eligible,3024.0
38.0,Male,Married,Post Graduate,64900.0,Private,1.1,Small,Own,0.0,3,2,4200.0,0.0,8500.0,13300.0,10000.0,No,0.0,660.0,472400.0,198300.0,Education EMI,234000.0,48,Eligible,15895.0
32.0,Male,Married,Graduate,35000.0,Private,6.6,Large Indian,Own,0.0,5,4,8900.0,12200.0,3000.0,8000.0,6400.0,Yes,6400.0,661.0,268400.0,75200.0,Personal Loan EMI,501000.0,29,Not_Eligible,500.0
48.0,Male,Married,Graduate,323930.0,Private,25.0,Startup,Rented,13100.0,3,2,14200.0,0.0,4500.0,10700.0,6500.0,No,0.0,717.0,114700.0,35000.0,Home Appliances EMI,24000.0,20,Not_Eligible,500.0
38.0,Male,Married,High School,54300.0,Private,5.0,Large Indian,Family,0.0,3,2,7200.0,0.0,3000.0,15000.0,10300.0,No,0.0,681.0,407800.0,109600.0,E-commerce Shopping EMI,149000.0,5,Not_Eligible,10340.0
48.0,Male,Married,Post Graduate,34200.0,Private,6.8,Mid-size,Family,0.0,4,3,3100.0,0.0,4900.0,8300.0,2600.0,No,0.0,657.0,141800.0,64300.0,Home Appliances EMI,142000.0,33,Eligible,7650.0
27.0,Male,Single,Graduate,21400.0,Private,3.2,Mid-size,Own,5373.0,1,0,0.0,0.0,2100.0,4200.0,2700.0,Yes,5000.0,684.0,89300.0,47900.0,Personal Loan EMI,361000.0,16,Not_Eligible,2590.0
38.0,Female,Married,Graduate,39800.0,Government,9.4,Mid-size,Family,0.0,3,2,13600.0,0.0,3000.0,8100.0,6600.0,No,0.0,693.0,138300.0,51700.0,Vehicle EMI,1332000.0,42,Not_Eligible,4675.0
48.0,Female,Married,Graduate,47700.0,Private,1.2,Large Indian,Rented,16100.0,4,3,6100.0,0.0,4300.0,13400.0,7100.0,No,0.0,644.0,317800.0,77400.0,Personal Loan EMI,308000.0,31,Not_Eligible,500.0
38.0,Male,Married,Professional,64200.0,Private,13.1,MNC,Rented,17100.0,3,2,12800.0,0.0,9600.0,12700.0,7200.0,No,0.0,675.0,88100.0,50500.0,Education EMI,81000.0,20,Not_Eligible,1920.0
38.0,Male,Married,Graduate,69200.0,Private,0.5,Startup,Rented,13600.0,4,3,0.0,0.0,9900.0,19500.0,7100.0,No,0.0,710.0,226600.0,78300.0,Vehicle EMI,647000.0,13,Not_Eligible,7640.0
58.0,Male,Married,Professional,35100.0,Private,22.3,Large Indian,Rented,7600.0,2,1,0.0,0.0,5000.0,9900.0,6000.0,No,0.0,674.0,206800.0,61100.0,Education EMI,250000.0,17,Not_Eligible,3300.0
27.0,Female,Single,High School,85800.0,Private,1.9,Large Indian,Family,0.0,1,0,0.0,0.0,6800.0,19500.0,16200.0,No,0.0,692.0,620700.0,341000.0,E-commerce Shopping EMI,89000.0,13,Eligible,23815.0
27.0,Male,Married,Graduate,66000.0,Government,0.5,Large Indian,Own,0.0,4,3,5100.0,18100.0,4800.0,15100.0,9300.0,No,0.0,773.0,406300.0,174000.0,E-commerce Shopping EMI,165000.0,10,Not_Eligible,8976.0
27.0,Male,Single,Graduate,88500.0,Private,0.5,Mid-size,Family,0.0,1,0,0.0,0.0,9100.0,25500.0,16600.0,Yes,21900.0,772.0,475700.0,150200.0,E-commerce Shopping EMI,28000.0,11,Eligible,5174.4
32.0,Male,Married,Graduate,31200.0,Government,0.5,MNC,Own,0.0,3,2,7300.0,0.0,3900.0,8100.0,5100.0,No,0.0,666.0,224000.0,109900.0,E-commerce Shopping EMI,166000.0,23,Not_Eligible,3740.0
32.0,Male,Married,Post Graduate,66000.0,Self-employed,5.1,Large Indian,Own,0.0,3,2,0.0,8100.0,9300.0,19400.0,6700.0,Yes,7300.0,603.0,190600.0,95000.0,Vehicle EMI,1069000.0,82,Not_Eligible,3830.4
38.0,Male,Married,High School,18400.0,Self-employed,7.1,Startup,Rented,5000.0,4,3,7200.0,7800.0,2100.0,4400.0,1600.0,Yes,4600.0,659.0,92600.0,37200.0,E-commerce Shopping EMI,29000.0,10,Not_Eligible,500.0
38.0,Female,Married,Post Graduate,71500.0,Private,3.8,Small,Family,0.0,5,4,10900.0,0.0,7600.0,18300.0,12100.0,No,0.0,646.0,357300.0,169600.0,E-commerce Shopping EMI,168000.0,22,High_Risk,9040.0
32.0,Female,Married,High School,74100.0,Private,5.5,MNC,Rented,18200.0,3,2,3400.0,0.0,7400.0,14700.0,8600.0,No,0.0,736.0,303300.0,123900.0,Vehicle EMI,110000.0,70,Eligible,10900.0
38.0,Female,Married,Graduate,47700.0,Private,5.2,Mid-size,Rented,11100.0,3,2,0.0,0.0,4100.0,11100.0,3400.0,No,0.0,698.0,116500.0,50300.0,Vehicle EMI,1033000.0,15,Not_Eligible,9000.0
48.0,Male,Single,Professional,75000.0,Private,12.1,Startup,Rented,19000.0,1,0,0.0,0.0,5300.0,14300.0,10400.0,No,0.0,727.0,474400.0,248400.0,Home Appliances EMI,275000.0,22,High_Risk,14300.0
38.0,Female,Married,Professional,47600.0,Private,1.9,Large Indian,Own,0.0,4,3,8800.0,0.0,4700.0,7700.0,3300.0,No,0.0,679.0,353200.0,165200.0,Personal Loan EMI,808000.0,35,Not_Eligible,12705.0
58.0,Male,Married,High School,31600.0,Private,5.2,MNC,Own,0.0,4,3,8000.0,0.0,1600.0,7400.0,4100.0,Yes,4500.0,773.0,53400.0,28400.0,Vehicle EMI,491000.0,50,Not_Eligible,2016.0
27.0,Female,Single,Post Graduate,90800.0,Self-employed,1.9,MNC,Family,0.0,1,0,0.0,0.0,10100.0,20600.0,8100.0,No,0.0,643.0,363000.0,158100.0,E-commerce Shopping EMI,13000.0,15,Eligible,18720.0
32.0,Male,Married,Post Graduate,76700.0,Government,4.0,Mid-size,Own,0.0,3,2,0.0,0.0,4800.0,20200.0,12900.0,Yes,18000.0,660.0,49600.0,18600.0,Education EMI,441000.0,42,Not_Eligible,6406.4
38.0,Female,Married,Post Graduate,60200.0,Private,14.4,MNC,Rented,19300.0,3,2,0.0,0.0,5400.0,11200.0,11000.0,No,0.0,666.0,303000.0,145200.0,Personal Loan EMI,172000.0,58,Eligible,6650.0
32.0,Male,Single,Professional,84600.0,Private,0.5,Mid-size,Family,0.0,2,1,12600.0,0.0,9400.0,14700.0,9100.0,Yes,20900.0,764.0,312700.0,148800.0,Home Appliances EMI,186000.0,19,Not_Eligible,6014.4
32.0,Female,Married,Graduate,38900.0,Government,3.2,MNC,Rented,8400.0,3,2,8000.0,0.0,4200.0,8800.0,5200.0,Yes,5100.0,701.0,57600.0,26800.0,Home Appliances EMI,228000.0,14,Not_Eligible,500.0
38.0,Male,Single,Graduate,18000.0,Private,0.5,Large Indian,Rented,4000.0,2,1,8000.0,0.0,2100.0,2900.0,1700.0,No,0.0,850.0,36100.0,19900.0,Personal Loan EMI,783000.0,14,Not_Eligible,500.0
38.0,Female,Married,Graduate,66200.0,Private,10.3,MNC,Own,0.0,3,2,4800.0,6400.0,9300.0,12600.0,10100.0,Yes,17100.0,664.0,356900.0,112400.0,Home Appliances EMI,263000.0,33,Not_Eligible,2065.0
38.0,Male,Married,Post Graduate,31700.0,Private,3.1,Large Indian,Rented,5800.0,4,3,8000.0,0.0,3900.0,8200.0,2200.0,Yes,8400.0,662.0,126500.0,32000.0,E-commerce Shopping EMI,16000.0,4,Not_Eligible,500.0
32.0,Female,Married,High School,42600.0,Private,0.6,Large Indian,Own,0.0,4,3,14200.0,0.0,5800.0,12100.0,3000.0,Yes,6600.0,590.0,245400.0,64900.0,Home Appliances EMI,245000.0,27,Not_Eligible,500.0
58.0,Male,Married,Post Graduate,46900.0,Private,22.1,Mid-size,Family,0.0,4,3,0.0,0.0,4100.0,11800.0,7300.0,No,0.0,764.0,201000.0,87700.0,Education EMI,51000.0,23,Eligible,14220.0
38.0,Male,Married,Graduate,18000.0,Private,6.2,Mid-size,Family,0.0,3,2,3500.0,0.0,2700.0,4900.0,1500.0,No,0.0,735.0,114500.0,66300.0,Vehicle EMI,203000.0,68,Not_Eligible,2970.0
32.0,Male,Married,Graduate,50100.0,Private,4.1,MNC,Family,0.0,2,1,0.0,0.0,6500.0,9900.0,4300.0,No,0.0,592.0,,152900.0,Personal Loan EMI,439000.0,12,Not_Eligible,11760.0
32.0,Female,Single,Graduate,93600.0,Private,0.5,Large Indian,Own,0.0,1,0,0.0,0.0,5200.0,15600.0,9600.0,No,0.0,837.0,,63900.0,Personal Loan EMI,783000.0,40,High_Risk,30336.0
32.0,Male,Married,Graduate,109600.0,Self-employed,0.5,Startup,Family,0.0,4,3,7300.0,0.0,16200.0,16500.0,18000.0,No,0.0,773.0,490100.0,166000.0,Home Appliances EMI,31000.0,31,Eligible,27864.0
27.0,Male,Married,Graduate,28800.0,Private,0.8,Mid-size,Rented,6600.0,4,3,13100.0,22900.0,1600.0,7300.0,5200.0,No,0.0,772.0,140300.0,58000.0,Education EMI,368000.0,41,Not_Eligible,500.0
32.0,Female,Married,Post Graduate,39000.0,Private,0.8,MNC,Rented,11400.0,3,2,2200.0,8300.0,5200.0,11300.0,5200.0,No,0.0,754.0,167600.0,78900.0,Education EMI,416000.0,43,Not_Eligible,500.0
32.0,Male,Single,Graduate,36300.0,Government,4.6,Mid-size,Rented,9300.0,1,0,0.0,0.0,3000.0,5700.0,4400.0,Yes,9800.0,697.0,51300.0,21600.0,E-commerce Shopping EMI,100000.0,17,Not_Eligible,1262.8
27.0,Female,Single,High School,47200.0,Private,0.5,Mid-size,Own,0.0,2,1,4900.0,23900.0,4400.0,8300.0,5600.0,No,0.0,716.0,165800.0,68900.0,Home Appliances EMI,137000.0,17,Not_Eligible,500.0
48.0,Male,Married,Post Graduate,57800.0,Self-employed,1.4,Startup,Own,0.0,2,1,0.0,0.0,5900.0,16100.0,9400.0,No,0.0,678.0,134800.0,57600.0,Personal Loan EMI,446000.0,46,Not_Eligible,11880.0
38.0,Male,Married,Post Graduate,65700.0,Private,0.5,Mid-size,Rented,16700.0,3,2,0.0,0.0,5600.0,17100.0,10900.0,No,0.0,683.0,504100.0,138200.0,Education EMI,304000.0,34,Not_Eligible,6776.0
58.0,Male,Single,High School,26400.0,Self-employed,28.4,MNC,Rented,6500.0,2,1,0.0,0.0,3500.0,7800.0,5000.0,No,0.0,736.0,44900.0,18000.0,Personal Loan EMI,648000.0,56,Not_Eligible,1296.0
38.0,Male,Married,Graduate,15000.0,Private,3.2,Mid-size,Own,0.0,4,3,6000.0,0.0,1500.0,3300.0,800.0,No,0.0,650.0,91800.0,38400.0,E-commerce Shopping EMI,132000.0,7,Not_Eligible,1870.0
38.0,Male,Married,Post Graduate,75900.0,Private,3.3,Startup,Family,0.0,3,2,7200.0,0.0,5200.0,14600.0,4900.0,No,0.0,688.0,126300.0,41000.0,Education EMI,381000.0,27,High_Risk,17600.0
32.0,Female,Married,Graduate,68200.0,Private,1.7,Mid-size,Own,0.0,4,3,8600.0,19200.0,8000.0,10700.0,9100.0,No,0.0,670.0,214000.0,101100.0,Vehicle EMI,574000.0,61,Not_Eligible,6300.0
38.0,Female,Married,Post Graduate,83600.0,Private,1.4,Startup,Rented,28600.0,4,3,0.0,0.0,7000.0,21800.0,11700.0,Yes,10000.0,709.0,626500.0,159800.0,Home Appliances EMI,33000.0,17,Not_Eligible,1732.5
38.0,Male,Married,Graduate,47500.0,Private,10.6,MNC,Rented,10500.0,3,2,9100.0,0.0,6400.0,12400.0,5100.0,No,0.0,740.0,43500.0,24900.0,Education EMI,281000.0,24,Not_Eligible,1600.0
27.0,Male,Married,Post Graduate,53200.0,Private,0.5,Startup,Rented,15300.0,5,4,4600.0,0.0,7000.0,13000.0,5900.0,Yes,7500.0,657.0,247300.0,74600.0,Home Appliances EMI,113000.0,21,Not_Eligible,500.0
27.0,Male,Single,Graduate,18700.0,Private,2.9,MNC,Family,0.0,2,1,0.0,0.0,2300.0,5200.0,1200.0,No,0.0,717.0,65400.0,24400.0,Vehicle EMI,716000.0,17,Not_Eligible,5000.0
48.0,Female,Married,High School,31200.0,Private,0.5,MNC,Rented,9200.0,4,3,3900.0,19100.0,4200.0,7600.0,5500.0,Yes,4100.0,659.0,196900.0,73500.0,Vehicle EMI,845000.0,24,Not_Eligible,500.0
32.0,Female,Single,Graduate,15000.0,Government,1.2,Startup,Family,0.0,2,1,14700.0,7900.0,1100.0,3200.0,1700.0,No,0.0,753.0,8600.0,3300.0,E-commerce Shopping EMI,59000.0,4,Not_Eligible,500.0
27.0,Male,Single,Graduate,25700.0,Private,0.6,Mid-size,Own,0.0,2,1,0.0,0.0,1600.0,6400.0,3800.0,Yes,4300.0,571.0,177500.0,96100.0,Vehicle EMI,1414000.0,77,Not_Eligible,2365.44
38.0,Female,Married,Professional,60000.0,Self-employed,2.6,Large Indian,Rented,14400.0,3,2,14400.0,9900.0,6900.0,11100.0,4900.0,No,0.0,755.0,357600.0,122100.0,Education EMI,394000.0,20,Not_Eligible,500.0
27.0,Male,Married,Post Graduate,57700.0,Private,2.1,Mid-size,Own,,4,3,8700.0,0.0,4400.0,9200.0,8000.0,No,0.0,813.0,,36900.0,Personal Loan EMI,781000.0,28,Not_Eligible,16440.0
32.0,Male,Single,High School,37700.0,Private,1.0,MNC,Rented,10600.0,2,1,9700.0,15600.0,3800.0,11300.0,5900.0,Yes,8400.0,611.0,290000.0,61400.0,Vehicle EMI,829000.0,36,Not_Eligible,500.0
38.0,Male,Married,Professional,46900.0,Government,5.8,Mid-size,Family,0.0,4,3,0.0,0.0,5000.0,11900.0,8500.0,No,0.0,749.0,196500.0,48100.0,Home Appliances EMI,225000.0,17,Not_Eligible,11825.0
32.0,Male,Married,High School,12000.0,Private,1.5,Large Indian,Rented,3300.0,3,2,0.0,16300.0,1600.0,2700.0,1200.0,No,0.0,705.0,40400.0,9300.0,Personal Loan EMI,275000.0,50,Not_Eligible,500.0
38.0,Male,Married,Post Graduate,59600.0,Government,1.2,Mid-size,Rented,14800.0,3,2,12000.0,22700.0,5300.0,15000.0,9600.0,No,0.0,704.0,475200.0,156000.0,Vehicle EMI,1271000.0,52,Not_Eligible,500.0
32.0,Male,Single,Professional,69700.0,Private,6.0,Large Indian,Own,0.0,1,0,0.0,0.0,10200.0,20300.0,5600.0,No,0.0,698.0,152200.0,53600.0,Vehicle EMI,1462000.0,25,Not_Eligible,16800.0
58.0,Male,Married,Graduate,33800.0,Private,15.5,MNC,Family,0.0,3,2,0.0,0.0,4300.0,8200.0,2500.0,No,0.0,689.0,213800.0,67400.0,E-commerce Shopping EMI,99000.0,14,Eligible,10340.0
27.0,Male,Single,Graduate,29800.0,Private,2.1,MNC,Own,0.0,1,0,0.0,0.0,4400.0,5300.0,5300.0,No,0.0,735.0,173700.0,46700.0,Home Appliances EMI,117000.0,10,Not_Eligible,7400.0
32.0,Male,Single,Graduate,36200.0,Private,1.5,MNC,Rented,10900.0,2,1,2900.0,6900.0,2400.0,7800.0,3000.0,Yes,6100.0,605.0,249000.0,135900.0,Education EMI,473000.0,48,Not_Eligible,500.0
48.0,Female,Married,Graduate,24100.0,Private,11.6,MNC,Own,0.0,3,2,9100.0,0.0,2600.0,5100.0,2500.0,No,0.0,695.0,130600.0,58900.0,Personal Loan EMI,476000.0,45,Not_Eligible,2400.0
38.0,Male,Married,Post Graduate,147000.0,Private,1.1,MNC,Rented,37700.0,2,1,0.0,14600.0,12200.0,42500.0,27800.0,Yes,41900.0,665.0,616500.0,252700.0,Home Appliances EMI,193000.0,6,Not_Eligible,500.0
32.0,Male,Married,High School,29000.0,Government,5.7,Large Indian,Family,0.0,4,3,8100.0,0.0,3500.0,8100.0,3200.0,No,0.0,713.0,88500.0,26800.0,Home Appliances EMI,67000.0,23,High_Risk,3355.0
32.0,Male,Married,Graduate,40900.0,Private,1.6,Startup,Own,0.0,4,3,12600.0,22400.0,4100.0,8600.0,5100.0,No,0.0,732.0,24400.0,13400.0,E-commerce Shopping EMI,95000.0,20,Not_Eligible,500.0
38.0,Female,Married,Post Graduate,62500.0,Private,7.2,Large Indian,Family,0.0,3,2,4000.0,13300.0,8500.0,14200.0,8300.0,Yes,14200.0,668.0,279800.0,108700.0,Education EMI,73000.0,43,Not_Eligible,500.0
32.0,Female,Married,High School,41000.0,Government,1.4,Startup,Rented,9600.0,5,4,13200.0,0.0,5000.0,9700.0,4300.0,No,0.0,751.0,317000.0,103800.0,Home Appliances EMI,217000.0,7,Not_Eligible,500.0
38.0,Male,Married,High School,68800.0,Private,5.8,Startup,Rented,18900.0,2,1,6000.0,0.0,7200.0,17500.0,4300.0,No,0.0,711.0,266300.0,76800.0,Personal Loan EMI,285000.0,54,Not_Eligible,7450.0
32.0,Female,Married,Post Graduate,63700.0,Private,1.8,Large Indian,Rented,14800.0,2,1,0.0,0.0,4900.0,17600.0,11000.0,Yes,11500.0,,281700.0,147600.0,Vehicle EMI,458000.0,34,Not_Eligible,1092.0
27.0,Male,Single,,48600.0,Private,1.5,Large Indian,Rented,12000.0,1,0,0.0,0.0,5600.0,10100.0,8100.0,No,0.0,610.0,130600.0,63900.0,Personal Loan EMI,552000.0,56,Not_Eligible,5120.0
48.0,Female,Married,Graduate,32400.0,Private,5.1,Small,Own,0.0,3,2,0.0,15200.0,4300.0,7500.0,5800.0,Yes,8300.0,620.0,180100.0,80700.0,Education EMI,352000.0,24,Not_Eligible,500.0
27.0,Female,Married,Post Graduate,56400.0,Private,0.8,Small,Rented,14500.0,3,2,5700.0,0.0,3200.0,12100.0,10600.0,No,0.0,603.0,444000.0,97500.0,Education EMI,385000.0,41,Not_Eligible,3625.6
38.0,Male,Single,Professional,99800.0,Private,14.0,Small,Family,0.0,1,0,0.0,0.0,10200.0,15700.0,5700.0,No,0.0,793.0,69100.0,39500.0,Personal Loan EMI,642000.0,31,Eligible,32736.0
27.0,Male,Single,High School,58900.0,Private,1.9,Startup,Own,0.0,2,1,0.0,17700.0,6600.0,11100.0,10100.0,No,0.0,689.0,97900.0,49200.0,Education EMI,199000.0,45,Not_Eligible,5360.0
27.0,Male,Single,Graduate,34900.0,Private,4.6,Mid-size,Own,0.0,2,1,3100.0,0.0,2700.0,8200.0,3800.0,No,0.0,766.0,111500.0,56900.0,Personal Loan EMI,173000.0,59,Eligible,10260.0
32.0,Male,Married,Post Graduate,98700.0,Private,7.2,Large Indian,Family,0.0,5,4,12600.0,0.0,8700.0,18700.0,12000.0,Yes,20000.0,673.0,320700.0,105100.0,Education EMI,348000.0,9,Not_Eligible,9345.0
32.0,Male,Married,High School,41400.0,Private,1.7,Mid-size,Rented,14400.0,4,3,0.0,0.0,5700.0,12300.0,2900.0,No,0.0,607.0,101900.0,55600.0,Education EMI,68000.0,21,Not_Eligible,2440.0
32.0,Male,Married,Professional,94300.0,Private,6.7,Large Indian,Family,0.0,4,3,3900.0,24300.0,7000.0,15700.0,12500.0,Yes,9900.0,682.0,710700.0,374000.0,Home Appliances EMI,38000.0,7,Eligible,8085.0
38.0,Female,Married,Professional,83000.0,Self-employed,2.2,Mid-size,Rented,23000.0,2,1,0.0,0.0,4500.0,20300.0,15200.0,No,0.0,749.0,549200.0,227100.0,E-commerce Shopping EMI,122000.0,11,Not_Eligible,9900.0
58.0,Female,Married,Post Graduate,47100.0,Private,7.2,Large Indian,Rented,11600.0,5,4,0.0,9800.0,2600.0,8400.0,8000.0,No,0.0,772.0,257400.0,149300.0,Education EMI,323000.0,22,Not_Eligible,4020.0
48.0,Female,Married,Graduate,56300.0,Self-employed,0.5,Large Indian,Rented,16200.0,2,1,0.0,0.0,4700.0,15200.0,8900.0,Yes,11500.0,701.0,312800.0,178400.0,Education EMI,143000.0,20,Not_Eligible,500.0
32.0,Female,Married,Graduate,52100.0,Private,1.1,Large Indian,Rented,15800.0,5,4,12900.0,0.0,5100.0,12400.0,4700.0,No,0.0,623.0,220800.0,47100.0,E-commerce Shopping EMI,68000.0,14,Not_Eligible,500.0
38.0,Male,Married,Graduate,39600.0,Private,0.5,Large Indian,Own,0.0,3,2,4300.0,0.0,3900.0,6500.0,4600.0,No,0.0,578.0,198800.0,86600.0,Vehicle EMI,868000.0,67,Not_Eligible,6496.0
32.0,Male,Single,Professional,30200.0,Government,1.2,Large Indian,Rented,7300.0,1,0,0.0,0.0,3500.0,7600.0,3900.0,No,0.0,692.0,190600.0,39400.0,Vehicle EMI,1161000.0,15,Not_Eligible,4345.0
27.0,Female,Single,Graduate,44200.0,Private,0.5,Large Indian,Family,0.0,2,1,11500.0,20900.0,5700.0,12600.0,7200.0,No,0.0,649.0,80600.0,31400.0,Home Appliances EMI,109000.0,29,Not_Eligible,500.0
27.0,Male,Married,Professional,39400.0,Private,1.1,MNC,Rented,11300.0,3,2,0.0,0.0,5100.0,7700.0,5800.0,Yes,5600.0,568.0,88100.0,28200.0,Education EMI,172000.0,29,Not_Eligible,1092.0
38.0,Male,Married,Graduate,53700.0,Government,2.9,Large Indian,Own,0.0,2,1,0.0,0.0,6400.0,9500.0,4100.0,No,0.0,684.0,316500.0,79700.0,Personal Loan EMI,515000.0,12,Not_Eligible,16850.0
32.0,Male,Single,Graduate,32700.0,Government,2.6,Startup,Own,0.0,2,1,11000.0,0.0,2300.0,8100.0,2100.0,Yes,6200.0,783.0,55500.0,26500.0,Education EMI,77000.0,46,Not_Eligible,1008.0
32.0,Female,Single,Post Graduate,61600.0,Private,2.4,MNC,Own,0.0,1,0,0.0,0.0,6800.0,13700.0,7000.0,No,0.0,681.0,116400.0,60400.0,Vehicle EMI,407000.0,71,Eligible,13640.0
48.0,Male,Married,High School,45400.0,Private,26.0,Startup,Rented,11300.0,2,1,11500.0,0.0,5900.0,8000.0,6500.0,No,0.0,810.0,162700.0,81300.0,E-commerce Shopping EMI,54000.0,17,Not_Eligible,1320.0
58.0,Female,Married,Post Graduate,66200.0,Private,3.8,Startup,Own,0.0,3,2,12400.0,0.0,5900.0,16300.0,4300.0,Yes,12400.0,684.0,252900.0,66900.0,Vehicle EMI,1476000.0,28,Not_Eligible,5215.0
26.0,Male,Single,Graduate,44934.0,Private,0.5,MNC,Family,0.0,3,2,9000.0,0.0,4700.0,7600.0,3800.0,No,0.0,768.0,48400.0,15000.0,Personal Loan EMI,763000.0,60,Not_Eligible,7296.0
38.0,Female,Married,Graduate,81600.0,Private,2.9,Large Indian,Family,0.0,3,2,0.0,0.0,9400.0,18800.0,7100.0,Yes,20500.0,708.0,271800.0,106600.0,Personal Loan EMI,315000.0,60,High_Risk,9030.0
38.0,Female,Married,Graduate,76000.0,Private,3.8,MNC,Family,0.0,2,1,8700.0,0.0,11200.0,14800.0,5100.0,No,0.0,704.0,268500.0,115600.0,Vehicle EMI,1164000.0,76,Not_Eligible,18100.0
38.0,Male,Married,Post Graduate,45600.0,Self-employed,0.5,MNC,Own,0.0,4,3,5500.0,14700.0,4600.0,9000.0,2900.0,No,0.0,672.0,,85400.0,Personal Loan EMI,934000.0,34,Not_Eligible,4405.5
32.0,Female,Married,High School,33100.0,Private,7.2,Startup,Own,0.0,3,2,0.0,0.0,2000.0,6900.0,3900.0,No,0.0,703.0,36800.0,18400.0,E-commerce Shopping EMI,153000.0,21,Not_Eligible,8120.0
38.0,Male,Married,Graduate,49600.0,Government,0.5,Startup,Own,24166.0,2,1,13800.0,0.0,5000.0,12500.0,7100.0,No,0.0,697.0,25300.0,13300.0,Education EMI,83000.0,47,Eligible,4480.0
38.0,Male,Married,Graduate,35400.0,Private,16.0,MNC,Own,0.0,4,3,0.0,0.0,3800.0,5600.0,6400.0,No,0.0,705.0,113200.0,31900.0,E-commerce Shopping EMI,39000.0,14,Eligible,9800.0
38.0,Male,Married,High School,35800.0,Government,13.5,Mid-size,Rented,10100.0,2,1,11400.0,24800.0,2900.0,10600.0,3100.0,No,0.0,786.0,263700.0,133000.0,E-commerce Shopping EMI,188000.0,19,Not_Eligible,500.0
48.0,Male,Single,High School,74700.0,Private,7.0,Mid-size,Rented,23700.0,1,0,0.0,0.0,5100.0,13500.0,9900.0,No,0.0,657.0,265200.0,131800.0,Education EMI,339000.0,17,Not_Eligible,11250.0
38.0,Male,Married,High School,36300.0,Self-employed,2.5,Large Indian,Family,0.0,3,2,0.0,0.0,5100.0,9800.0,2400.0,No,0.0,676.0,218200.0,81900.0,E-commerce Shopping EMI,133000.0,9,Not_Eligible,9405.0
38.0,Male,Single,Graduate,95900.0,Government,1.2,Mid-size,Own,0.0,1,0,0.0,0.0,5800.0,18500.0,15100.0,Yes,12000.0,724.0,275000.0,156500.0,Home Appliances EMI,292000.0,29,Eligible,15575.0
38.0,Female,Married,Professional,56300.0,Private,0.5,Small,Own,0.0,3,2,8300.0,0.0,6200.0,14700.0,9400.0,Yes,6200.0,606.0,201300.0,55000.0,Vehicle EMI,201000.0,82,Not_Eligible,2576.0
32.0,Male,Single,Post Graduate,54000.0,Private,1.8,Startup,Rented,16900.0,1,0,0.0,0.0,3100.0,9500.0,9100.0,No,0.0,719.0,222900.0,53400.0,E-commerce Shopping EMI,175000.0,11,Not_Eligible,7700.0
58.0,Male,Married,Graduate,36800.0,Private,6.8,MNC,Rented,7700.0,4,3,11200.0,0.0,4200.0,6300.0,2300.0,No,0.0,741.0,83000.0,22300.0,Home Appliances EMI,64000.0,29,Not_Eligible,2550.0
48.0,Female,Single,Graduate,65900.0,Government,4.4,Mid-size,Family,0.0,1,0,0.0,0.0,4100.0,14000.0,12300.0,No,0.0,803.0,344100.0,155100.0,Home Appliances EMI,97000.0,28,Eligible,23430.0
32.0,Male,Married,Professional,66000.0,Private,2.8,Mid-size,Rented,22000.0,3,2,5400.0,0.0,4300.0,15300.0,6600.0,Yes,18700.0,618.0,211600.0,51300.0,Vehicle EMI,862000.0,26,Not_Eligible,500.0
48.0,Female,Single,Graduate,41400.0,Self-employed,11.6,Mid-size,Rented,14200.0,2,1,0.0,9900.0,4500.0,10400.0,3300.0,No,0.0,,229500.0,81300.0,Home Appliances EMI,44000.0,26,Not_Eligible,500.0
32.0,Male,Single,Graduate,30700.0,Private,4.2,MNC,Rented,6900.0,2,1,4100.0,6500.0,3500.0,9100.0,3000.0,No,0.0,629.0,233300.0,117600.0,Home Appliances EMI,107000.0,16,Not_Eligible,500.0
27.0,Female,Single,Post Graduate,140400.0,Private,0.5,Mid-size,Rented,44900.0,3,2,7300.0,0.0,18900.0,30600.0,19500.0,No,0.0,642.0,516300.0,293000.0,Vehicle EMI,104000.0,46,Eligible,6144.0
48.0,Male,Married,Post Graduate,83900.0,Private,0.9,Large Indian,Own,0.0,3,2,0.0,0.0,4600.0,21000.0,9200.0,Yes,20400.0,712.0,231000.0,130700.0,E-commerce Shopping EMI,191000.0,15,Not_Eligible,8036.0
58.0,Female,Married,Graduate,39200.0,Government,4.0,Mid-size,Own,0.0,3,2,11300.0,0.0,5000.0,8500.0,3700.0,Yes,5700.0,754.0,53200.0,10900.0,Vehicle EMI,1008000.0,84,Not_Eligible,1848.0
32.0,Female,Married,High School,35400.0,Self-employed,0.6,MNC,Rented,9400.0,2,1,0.0,0.0,2600.0,7800.0,2500.0,No,0.0,667.0,257900.0,119500.0,E-commerce Shopping EMI,36000.0,7,High_Risk,6484.5
48.0,Female,Married,Graduate,67700.0,Private,1.2,MNC,Rented,14900.0,2,1,11700.0,0.0,8700.0,18900.0,10700.0,No,0.0,697.0,175100.0,53400.0,Home Appliances EMI,35000.0,26,Not_Eligible,1400.0
38.0,Female,Single,Post Graduate,113300.0,Private,4.9,Startup,Rented,28900.0,1,0,0.0,0.0,7300.0,27100.0,16600.0,Yes,22400.0,715.0,286200.0,62400.0,Education EMI,211000.0,39,Not_Eligible,3850.0
38.0,Female,Married,Professional,37200.0,Private,7.1,Large Indian,Own,0.0,4,3,13100.0,15700.0,5200.0,8900.0,5900.0,No,0.0,753.0,260200.0,92800.0,E-commerce Shopping EMI,55000.0,3,Not_Eligible,500.0
48.0,Male,Married,Graduate,20300.0,Private,5.4,Large Indian,Own,0.0,2,1,0.0,8800.0,1900.0,5700.0,1600.0,No,0.0,748.0,160300.0,69800.0,Vehicle EMI,861000.0,80,Not_Eligible,1265.0
38.0,Male,Married,Graduate,20600.0,Private,14.9,MNC,Own,0.0,2,1,0.0,0.0,1700.0,5100.0,2800.0,No,0.0,803.0,140200.0,35800.0,Home Appliances EMI,125000.0,28,Eligible,7260.0
32.0,Male,Married,Graduate,42700.0,Private,0.5,MNC,Rented,10700.0,3,2,11800.0,0.0,5500.0,11000.0,4600.0,No,0.0,655.0,26100.0,8800.0,Home Appliances EMI,52000.0,8,Not_Eligible,500.0
58.0,Female,Married,Graduate,56500.0,Private,7.2,Large Indian,Rented,18300.0,3,2,5200.0,10400.0,4000.0,16900.0,3100.0,Yes,9800.0,669.0,280200.0,159300.0,Education EMI,252000.0,46,Not_Eligible,500.0
58.0,Female,Married,Post Graduate,150500.0,Private,4.3,Large Indian,Rented,23100.0,2,1,10000.0,0.0,9700.0,41300.0,11700.0,Yes,40700.0,810.0,326900.0,74900.0,E-commerce Shopping EMI,11000.0,6,Eligible,5880.0
32.0,Female,Single,Graduate,41800.0,Private,2.6,Mid-size,Rented,6400.0,2,1,0.0,0.0,5800.0,10500.0,6200.0,No,0.0,662.0,92000.0,18900.0,Vehicle EMI,1323000.0,39,Not_Eligible,6450.0
27.0,Female,Single,Professional,27600.0,Government,1.5,Startup,Own,0.0,2,1,14900.0,0.0,2300.0,6400.0,1900.0,Yes,5600.0,677.0,200000.0,72500.0,Vehicle EMI,566000.0,22,Not_Eligible,500.0
32.0,Female,Married,Professional,73800.0,Private,1.3,Large Indian,Rented,22500.0,3,2,14300.0,24100.0,4400.0,13500.0,7900.0,No,0.0,701.0,239000.0,130400.0,E-commerce Shopping EMI,84000.0,9,Not_Eligible,500.0
58.0,Male,Married,Graduate,79600.0,Private,9.9,Large Indian,Family,0.0,4,3,0.0,17700.0,4500.0,14600.0,15800.0,No,0.0,697.0,535200.0,164100.0,Vehicle EMI,275000.0,76,Eligible,14850.0
32.0,Female,Married,Graduate,30100.0,Private,4.3,Mid-size,Rented,6600.0,3,2,2100.0,0.0,4200.0,8100.0,5700.0,No,0.0,643.0,74000.0,38500.0,Home Appliances EMI,142000.0,34,Not_Eligible,1360.0
32.0,Female,Married,Graduate,38700.0,Self-employed,1.5,Startup,Rented,6400.0,4,3,9400.0,0.0,3600.0,10900.0,5000.0,No,0.0,772.0,106400.0,63300.0,Vehicle EMI,97000.0,53,Not_Eligible,1836.0
48.0,Male,Married,Graduate,70100.0,Government,7.2,Mid-size,Family,0.0,2,1,13000.0,7300.0,8700.0,19300.0,8800.0,Yes,8600.0,753.0,461800.0,235700.0,Home Appliances EMI,237000.0,19,Not_Eligible,2236.08
48.0,Female,Married,High School,31700.0,Private,15.5,Mid-size,Rented,10900.0,4,3,10500.0,15100.0,3100.0,8500.0,3600.0,No,0.0,798.0,175800.0,47000.0,Vehicle EMI,291000.0,80,Not_Eligible,500.0
32.0,Male,Married,Graduate,18000.0,Private,2.4,Large Indian,Family,0.0,3,2,0.0,0.0,1700.0,4900.0,3200.0,No,0.0,635.0,143000.0,76300.0,E-commerce Shopping EMI,32000.0,10,High_Risk,3608.0
38.0,Female,Married,Post Graduate,36900.0,Private,3.6,Mid-size,Own,0.0,3,2,0.0,0.0,4300.0,10400.0,5600.0,Yes,7800.0,694.0,45800.0,20600.0,Personal Loan EMI,840000.0,42,Not_Eligible,2464.0
58.0,Female,Married,Professional,109800.0,Private,2.3,Mid-size,Rented,25600.0,4,3,10800.0,0.0,5500.0,29600.0,10100.0,No,0.0,665.0,710100.0,300200.0,Vehicle EMI,1048000.0,18,Not_Eligible,15510.0
27.0,Female,Single,High School,57400.0,Private,0.8,Small,Family,0.0,2,1,0.0,13300.0,6800.0,9200.0,6400.0,No,0.0,712.0,207700.0,116400.0,Personal Loan EMI,744000.0,54,Not_Eligible,8680.0
38.0,Male,Married,Graduate,34700.0,Private,5.3,Mid-size,Rented,11900.0,4,3,6200.0,0.0,2700.0,7900.0,3800.0,Yes,4000.0,675.0,71200.0,20800.0,Education EMI,202000.0,8,Not_Eligible,500.0
27.0,Female,Married,Graduate,20200.0,Private,0.5,Mid-size,Own,0.0,4,3,11800.0,0.0,2600.0,4100.0,1400.0,Yes,3300.0,448.0,69000.0,37100.0,Education EMI,113000.0,11,Not_Eligible,500.0
48.0,Male,Married,Graduate,71900.0,Private,9.7,Large Indian,Rented,22400.0,2,1,7400.0,0.0,3700.0,16400.0,5800.0,No,0.0,723.0,274300.0,139200.0,Personal Loan EMI,708000.0,21,Not_Eligible,8100.0
48.0,Female,Married,Graduate,26300.0,Private,20.9,Large Indian,Family,0.0,4,3,0.0,0.0,1900.0,5500.0,2400.0,Yes,6300.0,560.0,71900.0,43000.0,Home Appliances EMI,133000.0,7,Not_Eligible,2856.0
58.0,Male,Married,Graduate,27200.0,Self-employed,1.5,MNC,Rented,7100.0,3,2,13600.0,0.0,2700.0,4200.0,4500.0,No,0.0,654.0,97300.0,52800.0,E-commerce Shopping EMI,191000.0,22,Not_Eligible,500.0
32.0,Female,Married,High School,26200.0,Government,1.2,Small,Own,0.0,3,2,4000.0,0.0,3200.0,5000.0,2800.0,Yes,3900.0,669.0,128600.0,57400.0,Vehicle EMI,1020000.0,74,Not_Eligible,2555.0
27.0,Male,Single,Professional,104600.0,Government,3.3,Large Indian,Rented,35100.0,2,1,0.0,0.0,14200.0,29100.0,15200.0,Yes,29600.0,698.0,743700.0,335200.0,Vehicle EMI,642000.0,13,Not_Eligible,500.0
38.0,Male,Married,Graduate,71600.0,Private,3.3,MNC,Own,0.0,3,2,3400.0,0.0,10200.0,15900.0,4400.0,Yes,18300.0,563.0,556100.0,245400.0,Personal Loan EMI,711000.0,59,Not_Eligible,5975.2
38.0,Male,Married,Graduate,15000.0,Private,2.4,Large Indian,Own,0.0,4,3,10000.0,11200.0,1500.0,4300.0,1900.0,No,0.0,645.0,14700.0,6800.0,Education EMI,233000.0,35,Not_Eligible,500.0
38.0,Male,Married,Post Graduate,82400.0,Private,0.5,Mid-size,Family,0.0,4,3,0.0,0.0,10700.0,20700.0,9600.0,No,0.0,773.0,129400.0,52100.0,Education EMI,392000.0,31,High_Risk,15897.6
48.0,Female,Married,Graduate,51000.0,Private,2.5,Mid-size,Rented,14100.0,2,1,10000.0,0.0,3200.0,7800.0,2800.0,No,0.0,731.0,290900.0,147600.0,Personal Loan EMI,564000.0,30,Not_Eligible,6550.0
27.0,Male,Married,Graduate,20000.0,Private,0.9,MNC,Own,0.0,3,2,0.0,0.0,1800.0,4600.0,3700.0,No,0.0,603.0,138800.0,75700.0,Education EMI,322000.0,12,Not_Eligible,3484.8
58.0,Male,Married,Professional,100200.0,Private,8.2,MNC,Own,0.0,3,2,14000.0,0.0,10400.0,24900.0,14900.0,No,0.0,820.0,296100.0,,Vehicle EMI,695000.0,27,Not_Eligible,21600.0
38.0,Male,Married,Post Graduate,149700.0,Private,0.5,Large Indian,Family,0.0,3,2,0.0,0.0,19400.0,43900.0,28200.0,Yes,29600.0,720.0,561700.0,177900.0,Education EMI,311000.0,24,Not_Eligible,8008.0
48.0,Female,Married,Graduate,78600.0,Government,0.5,Mid-size,Rented,17300.0,4,3,2900.0,12600.0,4000.0,19900.0,5900.0,No,0.0,767.0,82700.0,29700.0,Education EMI,261000.0,16,Not_Eligible,7680.0
38.0,Male,Married,Graduate,38400.0,Government,4.2,Large Indian,Family,0.0,3,2,10400.0,18600.0,2200.0,6500.0,7500.0,Yes,5200.0,658.0,179200.0,99600.0,Education EMI,218000.0,32,Not_Eligible,500.0
38.0,Female,Married,Post Graduate,63800.0,Private,6.1,Mid-size,Own,0.0,4,3,14500.0,0.0,8500.0,18200.0,11300.0,Yes,18800.0,624.0,435200.0,103900.0,Education EMI,85000.0,43,Not_Eligible,500.0
48.0,Male,Married,High School,33900.0,Private,24.0,Mid-size,Own,0.0,4,3,0.0,0.0,2900.0,7900.0,5000.0,Yes,7700.0,658.0,195700.0,39300.0,Education EMI,63000.0,39,Eligible,3640.0
58.0,Male,Married,Post Graduate,55100.0,Government,13.5,Mid-size,Own,0.0,3,2,8300.0,0.0,7000.0,15200.0,3900.0,No,0.0,815.0,40300.0,18700.0,Education EMI,302000.0,42,High_Risk,10929.6
27.0,Male,Single,Post Graduate,34800.0,Government,2.0,Startup,Rented,8500.0,3,2,13600.0,0.0,3400.0,7700.0,6600.0,No,0.0,709.0,62200.0,29500.0,Education EMI,500000.0,46,Not_Eligible,500.0
27.0,Female,Single,Graduate,54000.0,Self-employed,1.0,Startup,Own,0.0,3,2,3100.0,21400.0,4200.0,11400.0,7300.0,No,0.0,630.0,191400.0,59600.0,Personal Loan EMI,604000.0,45,Not_Eligible,2376.0
58.0,Female,Married,Professional,138700.0,Private,8.2,Mid-size,Family,0.0,4,3,7300.0,0.0,18800.0,29100.0,23300.0,Yes,19700.0,,189200.0,81100.0,Vehicle EMI,1064000.0,66,Not_Eligible,13608.0
32.0,Male,Married,Graduate,76100.0,Private,0.8,MNC,Rented,22900.0,4,3,0.0,11500.0,8900.0,18000.0,12000.0,Yes,14200.0,712.0,320100.0,177700.0,Home Appliances EMI,66000.0,13,Not_Eligible,500.0
48.0,Female,Married,Post Graduate,43000.0,Self-employed,3.2,Mid-size,Own,0.0,4,3,0.0,15700.0,5300.0,6600.0,8200.0,No,0.0,654.0,130700.0,45200.0,Personal Loan EMI,921000.0,16,Not_Eligible,3240.0
48.0,Male,Married,Graduate,30500.0,Government,1.5,Large Indian,Family,0.0,3,2,8000.0,0.0,2500.0,8200.0,2900.0,No,0.0,759.0,183800.0,109900.0,Home Appliances EMI,147000.0,30,High_Risk,5874.0
48.0,Male,Married,Post Graduate,65700.0,Self-employed,15.1,Mid-size,Rented,21700.0,3,2,0.0,0.0,5900.0,16600.0,6100.0,No,0.0,738.0,194200.0,58200.0,Home Appliances EMI,276000.0,27,Not_Eligible,6930.0
58.0,Male,Married,High School,56800.0,Private,28.8,Large Indian,Own,0.0,3,2,8000.0,0.0,7900.0,12300.0,11400.0,No,0.0,781.0,443600.0,134900.0,Home Appliances EMI,237000.0,33,Eligible,11352.0
38.0,Male,Married,Post Graduate,72600.0,Private,4.5,Startup,Rented,13500.0,3,2,5300.0,0.0,5500.0,17700.0,4200.0,No,0.0,628.0,543700.0,246600.0,Personal Loan EMI,829000.0,42,Not_Eligible,11616.0
38.0,Male,Married,Post Graduate,53200.0,Private,4.4,Mid-size,Own,0.0,4,3,12800.0,0.0,7300.0,8300.0,5000.0,Yes,12800.0,698.0,73800.0,27500.0,E-commerce Shopping EMI,181000.0,3,Not_Eligible,1960.0
48.0,Male,Married,Graduate,31900.0,Government,3.2,MNC,Rented,10300.0,2,1,10300.0,0.0,4000.0,6500.0,2000.0,Yes,8800.0,682.0,165300.0,78400.0,E-commerce Shopping EMI,83000.0,18,Not_Eligible,500.0
48.0,Male,Married,Graduate,91500.0,Government,5.5,Mid-size,Rented,15400.0,3,2,0.0,0.0,9600.0,19600.0,13700.0,Yes,24600.0,821.0,601700.0,158300.0,Vehicle EMI,1368000.0,76,Not_Eligible,4370.52
32.0,Female,Single,Graduate,89800.0,Private,1.8,MNC,Rented,21700.0,2,1,3500.0,0.0,10500.0,20200.0,11700.0,No,0.0,693.0,365900.0,94100.0,Home Appliances EMI,260000.0,21,Not_Eligible,11100.0
27.0,Female,Single,Graduate,28300.0,Self-employed,0.5,Startup,Own,0.0,2,1,0.0,0.0,4100.0,6100.0,2300.0,Yes,5000.0,598.0,190500.0,103300.0,E-commerce Shopping EMI,10000.0,7,Eligible,2993.76
27.0,Male,Married,High School,40400.0,Self-employed,1.2,Startup,Family,0.0,3,2,14700.0,0.0,2100.0,7000.0,2100.0,Yes,5900.0,567.0,28300.0,10600.0,Vehicle EMI,153000.0,50,Not_Eligible,1733.76
38.0,Female,Married,High School,36500.0,Private,7.6,Mid-size,Rented,12600.0,3,2,11400.0,0.0,4600.0,6300.0,2900.0,No,0.0,738.0,173100.0,101000.0,Home Appliances EMI,234000.0,31,Not_Eligible,500.0
27.0,Male,Single,Post Graduate,39500.0,Private,2.5,Small,Own,0.0,1,0,0.0,0.0,4500.0,6500.0,3900.0,No,0.0,694.0,156000.0,87400.0,Education EMI,51000.0,6,Eligible,12300.0
27.0,Male,Single,Graduate,49800.0,Private,2.8,Large Indian,Own,0.0,2,1,11400.0,15500.0,3900.0,12800.0,3100.0,No,0.0,624.0,50900.0,27600.0,Personal Loan EMI,436000.0,22,Not_Eligible,992.0
38.0,Female,Married,Graduate,31900.0,Private,1.3,Large Indian,Own,0.0,2,1,0.0,0.0,3300.0,7500.0,2300.0,No,0.0,672.0,170300.0,39400.0,Home Appliances EMI,72000.0,19,Eligible,9400.0
27.0,Female,Single,Professional,47300.0,Private,3.7,MNC,Own,0.0,1,0,0.0,0.0,4600.0,8500.0,6300.0,No,0.0,721.0,339300.0,167400.0,Home Appliances EMI,242000.0,17,Not_Eligible,15345.0
58.0,Female,Married,High School,33400.0,Private,2.1,MNC,Rented,7200.0,3,2,7200.0,0.0,1800.0,5600.0,4000.0,Yes,9500.0,649.0,203500.0,104500.0,E-commerce Shopping EMI,170000.0,11,Not_Eligible,500.0
38.0,Male,Married,Graduate,27500.0,Private,16.0,Mid-size,Own,0.0,5,4,0.0,23900.0,2500.0,5200.0,3700.0,Yes,6600.0,605.0,83300.0,26300.0,Vehicle EMI,1205000.0,51,Not_Eligible,500.0
38.0,Female,Married,Graduate,97700.0,Government,2.1,MNC,Own,0.0,4,3,11500.0,20600.0,12800.0,24700.0,17100.0,No,0.0,751.0,479000.0,251300.0,Vehicle EMI,159000.0,42,Eligible,6600.0
27.0,Male,Married,Post Graduate,114800.0,Private,0.6,Large Indian,Own,0.0,5,4,0.0,0.0,16600.0,30900.0,17000.0,Yes,22000.0,690.0,472500.0,103500.0,Education EMI,181000.0,14,Not_Eligible,7924.0
38.0,Male,Married,Professional,65000.0,Private,1.1,Small,Own,0.0,4,3,9600.0,14300.0,3500.0,11200.0,10700.0,Yes,8200.0,645.0,155400.0,62300.0,Personal Loan EMI,973000.0,49,Not_Eligible,2100.0
32.0,Male,Married,Professional,85900.0,Private,10.0,Large Indian,Family,0.0,3,2,4500.0,20500.0,6700.0,17200.0,16900.0,Yes,21800.0,621.0,618900.0,255300.0,Vehicle EMI,1431000.0,69,Not_Eligible,500.0
32.0,Female,Single,High School,49000.0,Private,0.9,Large Indian,Rented,11400.0,3,2,12400.0,0.0,6200.0,13800.0,7200.0,Yes,11400.0,575.0,109600.0,49300.0,E-commerce Shopping EMI,161000.0,8,Not_Eligible,500.0
32.0,Male,Married,Professional,91500.0,Government,6.5,Large Indian,Rented,17900.0,2,1,0.0,0.0,10500.0,15800.0,6000.0,No,0.0,808.0,456400.0,113900.0,Home Appliances EMI,90000.0,26,Eligible,27258.0
38.0,Male,Married,Professional,94300.0,Private,0.5,Small,Own,0.0,5,4,6300.0,0.0,6300.0,18500.0,5200.0,Yes,17700.0,720.0,198400.0,42600.0,Personal Loan EMI,104000.0,24,Eligible,11284.0
38.0,Male,Married,Professional,31100.0,Private,1.3,Small,Rented,10000.0,3,2,0.0,0.0,3100.0,7600.0,4700.0,No,0.0,636.0,247000.0,53900.0,Personal Loan EMI,413000.0,29,Not_Eligible,2508.0
27.0,Male,Single,High School,80300.0,Private,0.5,MNC,Family,0.0,1,0,0.0,0.0,11000.0,20000.0,15700.0,Yes,18900.0,561.0,404600.0,142600.0,E-commerce Shopping EMI,114000.0,18,Not_Eligible,3292.8
48.0,Male,Married,Graduate,58900.0,Private,26.0,Large Indian,Rented,11400.0,4,3,0.0,0.0,5700.0,17000.0,9000.0,Yes,12300.0,696.0,311300.0,127300.0,Home Appliances EMI,45000.0,33,Not_Eligible,1225.0
32.0,Male,Single,Professional,110700.0,Government,7.5,MNC,Own,0.0,2,1,0.0,0.0,8400.0,27000.0,18300.0,No,0.0,850.0,629300.0,223100.0,E-commerce Shopping EMI,41000.0,22,Eligible,37620.0
58.0,Male,Married,Graduate,61000.0,Private,4.6,MNC,Own,0.0,3,2,11000.0,0.0,4500.0,17300.0,6300.0,No,0.0,800.0,90600.0,47000.0,Home Appliances EMI,297000.0,18,Not_Eligible,10512.0
58.0,Female,Married,Post Graduate,107700.0,Private,2.5,Mid-size,Family,0.0,2,1,0.0,9500.0,15400.0,23900.0,15600.0,Yes,20200.0,663.0,319500.0,124700.0,Home Appliances EMI,38000.0,36,Eligible,8085.0
38.0,Male,Married,Post Graduate,127100.0,Private,5.8,Mid-size,Rented,20800.0,2,1,0.0,0.0,11700.0,34200.0,18900.0,No,0.0,726.0,84800.0,23300.0,Vehicle EMI,977000.0,19,Not_Eligible,16600.0
48.0,Male,Married,Graduate,45100.0,Government,1.6,MNC,Own,0.0,3,2,0.0,0.0,3500.0,12400.0,8900.0,Yes,8200.0,669.0,159500.0,57900.0,Home Appliances EMI,60000.0,12,Not_Eligible,4235.0
32.0,Female,Married,Professional,80500.0,Private,3.5,Large Indian,Rented,13400.0,2,1,6800.0,0.0,10800.0,18500.0,14100.0,No,0.0,701.0,318900.0,191000.0,Education EMI,398000.0,10,Not_Eligible,8450.0
48.0,Female,Married,High School,55600.0,Private,26.0,Mid-size,Own,0.0,4,3,7800.0,0.0,4600.0,14100.0,7600.0,Yes,13300.0,572.0,212700.0,97700.0,Vehicle EMI,504000.0,14,Not_Eligible,2296.0
27.0,Female,Single,Professional,94700.0,Private,0.8,Large Indian,Own,0.0,2,1,0.0,0.0,12200.0,14500.0,6000.0,No,0.0,788.0,137300.0,74900.0,Vehicle EMI,1482000.0,76,Not_Eligible,23808.0
48.0,Male,Married,Graduate,52800.0,Self-employed,16.7,MNC,Rented,13700.0,2,1,0.0,9000.0,4600.0,12500.0,5000.0,Yes,12300.0,721.0,61100.0,19600.0,E-commerce Shopping EMI,24000.0,4,Not_Eligible,500.0
38.0,Male,Married,Graduate,83900.0,Private,10.2,Small,Rented,19800.0,2,1,2000.0,0.0,12600.0,21200.0,9500.0,No,0.0,750.0,350600.0,95900.0,Education EMI,451000.0,41,Not_Eligible,11280.0
38.0,Male,Married,Graduate,32400.0,Self-employed,5.4,MNC,Rented,6400.0,4,3,5000.0,0.0,3000.0,7900.0,3200.0,No,0.0,668.0,125500.0,66900.0,Home Appliances EMI,61000.0,22,High_Risk,3105.0
32.0,Female,Married,Professional,33900.0,Private,1.0,MNC,Family,0.0,3,2,10100.0,0.0,2000.0,10000.0,2400.0,No,0.0,788.0,269100.0,66500.0,Education EMI,108000.0,6,Not_Eligible,6204.0
38.0,Male,Married,Post Graduate,109800.0,Private,5.1,Large Indian,Family,0.0,2,1,4000.0,0.0,10900.0,30000.0,21300.0,No,0.0,737.0,352200.0,101900.0,Home Appliances EMI,35000.0,29,Eligible,21800.0
27.0,Male,Single,Graduate,28200.0,Private,2.5,Startup,Family,0.0,2,1,9600.0,0.0,3200.0,8000.0,2800.0,No,0.0,703.0,181200.0,79700.0,Education EMI,484000.0,10,Not_Eligible,2530.0
58.0,Female,Married,Graduate,46500.0,Government,1.5,MNC,Family,0.0,5,4,5800.0,6400.0,3000.0,13700.0,3200.0,Yes,8500.0,791.0,162900.0,59400.0,Home Appliances EMI,93000.0,9,Not_Eligible,2478.0
58.0,Female,Married,Graduate,62800.0,Private,0.5,Large Indian,Rented,16200.0,3,2,0.0,6200.0,5000.0,14400.0,11900.0,No,0.0,666.0,424500.0,168500.0,E-commerce Shopping EMI,176000.0,3,Not_Eligible,4004.0
32.0,Male,Married,Graduate,15000.0,Private,10.0,Large Indian,Family,0.0,3,2,14200.0,0.0,2200.0,3300.0,2800.0,Yes,2900.0,654.0,58300.0,13700.0,Personal Loan EMI,279000.0,57,Not_Eligible,500.0
38.0,Female,Married,Post Graduate,89100.0,Self-employed,0.7,MNC,Rented,27500.0,3,2,0.0,0.0,11500.0,18200.0,9700.0,Yes,9800.0,702.0,49500.0,24800.0,Vehicle EMI,196000.0,81,Not_Eligible,3124.8
38.0,Female,Married,Professional,93500.0,Government,8.8,Large Indian,Rented,14600.0,4,3,2500.0,0.0,13400.0,25000.0,16900.0,No,0.0,809.0,497500.0,273500.0,Education EMI,188000.0,11,Not_Eligible,13926.0
27.0,Male,Single,Graduate,70600.0,Private,1.9,Mid-size,Rented,20900.0,1,0,0.0,0.0,3800.0,10700.0,7600.0,Yes,17000.0,605.0,558900.0,296600.0,Personal Loan EMI,942000.0,27,Not_Eligible,3264.8
32.0,Male,Married,High School,90400.0,Government,0.5,Mid-size,Family,0.0,3,2,0.0,0.0,11300.0,16900.0,9900.0,No,0.0,670.0,143400.0,73800.0,E-commerce Shopping EMI,194000.0,3,Not_Eligible,20920.0
38.0,Female,Married,Professional,53100.0,Self-employed,3.5,Small,Family,0.0,3,2,10100.0,0.0,6200.0,10100.0,10100.0,No,0.0,756.0,154800.0,86700.0,Personal Loan EMI,64000.0,41,Eligible,8964.0
32.0,Male,Married,Graduate,35200.0,Private,6.6,Large Indian,Rented,8200.0,4,3,5500.0,16800.0,3000.0,9900.0,5100.0,Yes,3900.0,595.0,230700.0,110900.0,Personal Loan EMI,92000.0,15,Not_Eligible,500.0
27.0,Male,Single,Graduate,100300.0,Private,1.4,Large Indian,Own,0.0,2,1,0.0,18400.0,9400.0,18600.0,7100.0,No,0.0,836.0,735100.0,170500.0,Home Appliances EMI,88000.0,14,Eligible,30888.0
32.0,Male,Married,Post Graduate,35100.0,Government,0.5,Large Indian,Rented,11100.0,4,3,0.0,20400.0,3100.0,7200.0,4800.0,No,0.0,0.0,215100.0,66500.0,Vehicle EMI,615000.0,77,Not_Eligible,500.0
48.0,Female,Married,Graduate,25500.0,Private,7.8,Large Indian,Rented,7400.0,3,2,14300.0,0.0,3100.0,6700.0,3300.0,Yes,6200.0,626.0,105400.0,62300.0,Vehicle EMI,424000.0,28,Not_Eligible,500.0
58.0,Male,Married,High School,46400.0,Private,29.6,Large Indian,Own,0.0,3,2,10100.0,20900.0,3500.0,9200.0,6300.0,Yes,10900.0,710.0,236200.0,100200.0,Home Appliances EMI,200000.0,27,Not_Eligible,500.0
38.0,Male,Married,Graduate,35200.0,Private,11.4,Mid-size,Own,0.0,2,1,7400.0,20500.0,3600.0,8700.0,5800.0,Yes,3700.0,636.0,279000.0,133200.0,Education EMI,476000.0,27,Not_Eligible,500.0
48.0,Female,Married,Post Graduate,34900.0,Government,8.9,Large Indian,Rented,8800.0,5,4,0.0,0.0,3700.0,5400.0,4700.0,Yes,4300.0,731.0,131700.0,46000.0,Vehicle EMI,639000.0,70,Not_Eligible,3080.0
38.0,Male,Single,High School,43900.0,Private,1.4,Startup,Own,0.0,2,1,4300.0,0.0,4700.0,7100.0,6300.0,No,0.0,693.0,346200.0,74500.0,Home Appliances EMI,55000.0,16,Eligible,11825.0
58.0,Male,Married,Graduate,38200.0,Private,4.7,Large Indian,Rented,9600.0,3,2,0.0,0.0,2000.0,8400.0,4800.0,No,0.0,805.0,300400.0,159900.0,E-commerce Shopping EMI,97000.0,9,Not_Eligible,8844.0
32.0,Female,Married,Graduate,23200.0,Private,0.5,Mid-size,Rented,6900.0,3,2,0.0,0.0,1600.0,5700.0,2200.0,Yes,5800.0,721.0,110100.0,57300.0,Vehicle EMI,696000.0,28,Not_Eligible,500.0
58.0,Male,Married,High School,39700.0,Private,19.1,MNC,Own,0.0,4,3,0.0,19900.0,4600.0,7600.0,6700.0,No,0.0,716.0,167700.0,97400.0,E-commerce Shopping EMI,33000.0,9,Not_Eligible,500.0
32.0,Female,Married,Professional,69900.0,Government,1.0,Mid-size,Rented,23100.0,3,2,3900.0,9300.0,7800.0,16100.0,6000.0,Yes,14800.0,701.0,64400.0,20700.0,Home Appliances EMI,106000.0,12,Not_Eligible,500.0
38.0,Male,Married,Graduate,20000.0,Self-employed,1.5,MNC,Rented,6500.0,2,1,6400.0,0.0,1400.0,3300.0,1300.0,Yes,5600.0,547.0,111100.0,45200.0,Education EMI,153000.0,42,Not_Eligible,500.0
27.0,Male,Married,Graduate,54500.0,Private,2.8,MNC,Rented,16600.0,2,1,8100.0,0.0,6300.0,14100.0,6300.0,No,0.0,667.0,277900.0,82900.0,Vehicle EMI,1265000.0,44,Not_Eligible,1550.0
32.0,Female,Married,Graduate,89900.0,Self-employed,3.6,Startup,Own,0.0,4,3,0.0,0.0,4600.0,18600.0,8600.0,No,0.0,739.0,278500.0,125700.0,Education EMI,394000.0,27,Eligible,26145.0
32.0,Female,Married,Post Graduate,82300.0,Private,1.8,MNC,Own,0.0,4,3,0.0,10800.0,8600.0,16000.0,15200.0,No,0.0,748.0,604600.0,296500.0,Education EMI,157000.0,22,Eligible,17435.0
32.0,Male,Married,Graduate,45800.0,Private,10.0,Mid-size,Own,0.0,3,2,14300.0,0.0,3800.0,12300.0,9000.0,No,0.0,704.0,86200.0,38800.0,E-commerce Shopping EMI,92000.0,18,Not_Eligible,2560.0
58.0,Male,Married,Graduate,89800.0,Private,18.0,Mid-size,Rented,31000.0,5,4,4100.0,0.0,7100.0,14600.0,5500.0,No,0.0,601.0,75100.0,32200.0,E-commerce Shopping EMI,52000.0,19,Eligible,8800.0
38.0,Female,Married,Post Graduate,40700.0,Self-employed,2.7,Startup,Rented,8100.0,5,4,13700.0,0.0,3100.0,9100.0,3900.0,Yes,5400.0,638.0,61400.0,24400.0,E-commerce Shopping EMI,54000.0,22,Not_Eligible,500.0
38.0,Female,Married,Graduate,43600.0,Private,0.9,Mid-size,Own,0.0,3,2,4800.0,0.0,5200.0,11300.0,2800.0,No,0.0,621.0,38200.0,12900.0,E-commerce Shopping EMI,91000.0,14,Not_Eligible,4992.0
48.0,Female,Married,Post Graduate,102300.0,Private,12.5,Mid-size,Rented,33300.0,3,2,4000.0,23700.0,5200.0,27900.0,14500.0,Yes,22600.0,814.0,133700.0,45300.0,Vehicle EMI,927000.0,48,Not_Eligible,500.0
27.0,Male,Single,Graduate,69000.0,Private,0.5,Startup,Own,0.0,2,1,0.0,0.0,9000.0,15200.0,12700.0,Yes,16200.0,552.0,519000.0,109300.0,Personal Loan EMI,93000.0,12,Not_Eligible,3917.76
32.0,Male,Single,Graduate,57000.0,Private,5.0,Mid-size,Rented,10900.0,3,2,3500.0,0.0,4300.0,14300.0,6500.0,No,0.0,808.0,315300.0,118600.0,Home Appliances EMI,131000.0,36,Eligible,10500.0
27.0,Male,Single,Post Graduate,53100.0,Private,0.6,Startup,Family,0.0,1,0,0.0,0.0,6400.0,8400.0,8800.0,Yes,12500.0,638.0,170800.0,76300.0,Home Appliances EMI,83000.0,22,Not_Eligible,3808.0
58.0,Female,Single,Post Graduate,24100.0,Private,0.6,MNC,Rented,4500.0,3,2,6500.0,0.0,2200.0,5900.0,4300.0,No,0.0,642.0,144300.0,30300.0,Personal Loan EMI,438000.0,54,Not_Eligible,500.0
38.0,Male,Married,Graduate,23200.0,Private,8.8,Startup,Rented,5700.0,3,2,6900.0,0.0,2600.0,3500.0,4100.0,No,0.0,801.0,123900.0,71700.0,E-commerce Shopping EMI,16000.0,20,Not_Eligible,500.0
38.0,Male,Married,High School,18800.0,Private,5.3,Startup,Rented,5600.0,2,1,7500.0,9900.0,2400.0,4100.0,1900.0,Yes,4700.0,670.0,149300.0,43800.0,E-commerce Shopping EMI,126000.0,4,Not_Eligible,500.0
38.0,Male,Married,Graduate,59700.0,Self-employed,9.3,Mid-size,Rented,14100.0,4,3,10200.0,24400.0,4700.0,10000.0,9000.0,No,0.0,688.0,389900.0,127200.0,Education EMI,251000.0,37,Not_Eligible,500.0
48.0,Male,Married,Post Graduate,65200.0,Private,14.8,Mid-size,Family,0.0,3,2,0.0,23300.0,7500.0,18700.0,6800.0,Yes,15200.0,715.0,381500.0,77400.0,E-commerce Shopping EMI,134000.0,13,Not_Eligible,500.0
38.0,Male,Married,Post Graduate,129000.0,Self-employed,2.4,MNC,Own,0.0,4,3,0.0,0.0,15000.0,33700.0,14700.0,Yes,18300.0,703.0,440800.0,109500.0,E-commerce Shopping EMI,175000.0,22,Eligible,14899.5
32.0,Female,Married,Professional,86200.0,Private,9.5,MNC,Rented,17600.0,3,2,0.0,0.0,8200.0,16200.0,16400.0,No,0.0,694.0,637500.0,190500.0,Personal Loan EMI,334000.0,50,Eligible,15290.0
32.0,Female,Married,Post Graduate,11876.0,Private,0.5,Mid-size,Family,0.0,5,4,0.0,0.0,4000.0,14000.0,8500.0,No,0.0,727.0,398000.0,127200.0,E-commerce Shopping EMI,178000.0,21,Eligible,16104.0
27.0,Female,Single,Post Graduate,47600.0,Private,1.2,Startup,Rented,13600.0,3,2,6700.0,0.0,5000.0,8700.0,6800.0,Yes,5500.0,635.0,276000.0,57100.0,Education EMI,167000.0,28,Not_Eligible,500.0
58.0,Female,Single,Graduate,75700.0,Private,2.9,Startup,Own,0.0,3,2,0.0,0.0,7900.0,14000.0,10600.0,No,0.0,672.0,478800.0,216100.0,Education EMI,173000.0,46,Eligible,23760.0
32.0,Male,Married,Post Graduate,97300.0,Government,3.5,Large Indian,Rented,22900.0,3,2,10500.0,0.0,12400.0,26800.0,12200.0,Yes,23300.0,699.0,391300.0,166700.0,Home Appliances EMI,121000.0,18,Not_Eligible,500.0
38.0,Female,Married,Post Graduate,110900.0,Government,3.3,MNC,Family,0.0,2,1,0.0,0.0,9900.0,19300.0,6500.0,No,0.0,733.0,75400.0,21300.0,Vehicle EMI,1409000.0,27,Not_Eligible,33088.0
38.0,Female,Single,High School,32100.0,Private,4.6,Large Indian,Own,0.0,2,1,0.0,23800.0,4800.0,5500.0,4700.0,Yes,7800.0,712.0,,50900.0,Education EMI,425000.0,33,Not_Eligible,500.0
38.0,Male,Married,Post Graduate,106400.0,Private,1.5,Large Indian,Family,0.0,4,3,0.0,0.0,15500.0,26600.0,19500.0,Yes,28800.0,738.0,829600.0,403600.0,Personal Loan EMI,77000.0,54,Eligible,6160.0
27.0,Female,Single,Graduate,59500.0,Private,0.5,Mid-size,Rented,20500.0,1,0,0.0,0.0,5500.0,11200.0,4900.0,No,0.0,699.0,348000.0,123700.0,Home Appliances EMI,117000.0,7,Not_Eligible,6960.0
38.0,Male,Married,High School,85500.0,Private,14.0,Large Indian,Own,0.0,2,1,0.0,0.0,12300.0,13400.0,16000.0,Yes,23300.0,765.0,294900.0,90800.0,E-commerce Shopping EMI,158000.0,11,Not_Eligible,8610.0
32.0,Male,Married,Graduate,33900.0,Private,0.6,Mid-size,Own,0.0,4,3,7000.0,0.0,4400.0,9600.0,5900.0,No,0.0,691.0,62900.0,20200.0,Personal Loan EMI,160000.0,41,Not_Eligible,2240.0
48.0,Female,Married,Graduate,15000.0,Private,0.5,Startup,Own,0.0,3,2,0.0,0.0,1600.0,4000.0,1500.0,Yes,2700.0,669.0,92100.0,50500.0,Home Appliances EMI,199000.0,22,Not_Eligible,1601.6
38.0,Male,Married,Graduate,45100.0,Private,6.0,MNC,Own,0.0,2,1,8600.0,5800.0,5200.0,10000.0,8800.0,Yes,5300.0,765.0,139300.0,68900.0,Vehicle EMI,1085000.0,52,Not_Eligible,588.0
32.0,Female,Married,Graduate,27900.0,Self-employed,3.6,MNC,Own,0.0,3,2,0.0,22900.0,1800.0,7200.0,3500.0,Yes,7300.0,670.0,157300.0,91000.0,E-commerce Shopping EMI,88000.0,16,Not_Eligible,500.0
48.0,Male,Married,High School,34700.0,Private,0.7,MNC,Family,0.0,3,2,9300.0,8200.0,4200.0,5300.0,4400.0,Yes,8600.0,592.0,257900.0,104400.0,Personal Loan EMI,530000.0,59,Not_Eligible,500.0
38.0,Female,Married,Post Graduate,51500.0,Private,2.4,Mid-size,Rented,10200.0,5,4,13500.0,9000.0,6200.0,8800.0,3200.0,Yes,15400.0,579.0,150700.0,69800.0,Personal Loan EMI,500000.0,21,Not_Eligible,500.0
38.0,Female,Married,Graduate,10192.0,Private,2.0,MNC,Rented,24600.0,5,4,0.0,0.0,7800.0,24500.0,12400.0,No,0.0,722.0,623700.0,311600.0,Education EMI,440000.0,32,Not_Eligible,11605.0
38.0,Male,Single,Graduate,72800.0,Private,3.9,Large Indian,Rented,19000.0,1,0,0.0,0.0,8000.0,16200.0,7200.0,Yes,20300.0,649.0,398200.0,102900.0,E-commerce Shopping EMI,173000.0,10,Not_Eligible,588.0
58.0,Male,Married,Graduate,38000.0,Government,36.0,Startup,Own,0.0,4,3,4800.0,17100.0,4600.0,6100.0,4600.0,No,0.0,774.0,245700.0,52200.0,E-commerce Shopping EMI,187000.0,13,Not_Eligible,580.8
48.0,Female,Married,Graduate,43000.0,Private,23.3,MNC,Family,0.0,4,3,0.0,0.0,5600.0,10000.0,2300.0,Yes,12200.0,690.0,300200.0,139200.0,Home Appliances EMI,275000.0,12,Not_Eligible,4966.5
48.0,Female,Married,Graduate,40000.0,Private,13.8,Startup,Family,0.0,3,2,4300.0,0.0,3100.0,10100.0,5200.0,Yes,9000.0,724.0,191800.0,98700.0,Home Appliances EMI,190000.0,9,Not_Eligible,2905.0
38.0,Male,Married,Post Graduate,133600.0,Government,0.5,Startup,Family,0.0,3,2,4200.0,19100.0,8700.0,23900.0,17800.0,No,0.0,722.0,256100.0,114600.0,Home Appliances EMI,187000.0,30,Eligible,23960.0
38.0,Male,Married,Graduate,337837.0,Private,0.5,MNC,Family,0.0,3,2,0.0,0.0,4800.0,17500.0,9500.0,No,0.0,808.0,116200.0,33900.0,Education EMI,114000.0,40,Eligible,19814.4
58.0,Male,Married,Graduate,64100.0,Private,8.4,Mid-size,Family,0.0,4,3,10100.0,0.0,8000.0,11200.0,11400.0,Yes,15800.0,718.0,212600.0,62100.0,Education EMI,145000.0,45,Not_Eligible,2660.0
32.0,Male,Married,High School,34900.0,Private,2.2,Mid-size,Own,0.0,5,4,0.0,0.0,2100.0,8600.0,3700.0,Yes,7100.0,567.0,242000.0,88700.0,Personal Loan EMI,392000.0,46,Not_Eligible,4127.2
48.0,Female,Married,Post Graduate,97600.0,Private,11.2,Large Indian,Family,0.0,5,4,0.0,0.0,13100.0,18500.0,9700.0,Yes,21900.0,738.0,624000.0,265400.0,Home Appliances EMI,94000.0,26,Eligible,13244.0
38.0,Male,Married,High School,43300.0,Government,0.5,Mid-size,Own,,3,2,5200.0,0.0,4600.0,7500.0,5200.0,No,0.0,764.0,130300.0,73300.0,Home Appliances EMI,284000.0,9,Not_Eligible,12480.0
38.0,Female,Married,Graduate,18000.0,Private,4.8,Large Indian,Own,0.0,4,3,0.0,0.0,1300.0,3900.0,1300.0,No,0.0,620.0,22700.0,9500.0,Education EMI,99000.0,37,High_Risk,3680.0
48.0,Female,Married,Graduate,65400.0,Government,5.1,MNC,Rented,11000.0,3,2,14200.0,0.0,5900.0,14500.0,12700.0,No,0.0,719.0,490600.0,275000.0,E-commerce Shopping EMI,130000.0,16,Not_Eligible,4295.5
27.0,Male,Married,Graduate,48900.0,Self-employed,1.0,Large Indian,Rented,13100.0,3,2,6600.0,0.0,6100.0,13700.0,6200.0,Yes,5300.0,646.0,302400.0,138700.0,Personal Loan EMI,584000.0,28,Not_Eligible,500.0
27.0,Male,Single,High School,56600.0,Government,2.1,Large Indian,Own,0.0,3,2,0.0,0.0,6900.0,15700.0,11000.0,No,0.0,850.0,423700.0,227700.0,Home Appliances EMI,34000.0,9,Eligible,15180.0
38.0,Female,Married,Graduate,49400.0,Private,2.3,Mid-size,Own,0.0,3,2,10600.0,0.0,3500.0,11700.0,7500.0,No,0.0,681.0,382000.0,95700.0,Home Appliances EMI,21000.0,31,Eligible,8855.0
27.0,Male,Single,Graduate,38900.0,Private,1.1,Startup,Rented,8900.0,3,2,8000.0,0.0,5800.0,9100.0,2600.0,No,0.0,712.0,120300.0,67900.0,Home Appliances EMI,281000.0,8,Not_Eligible,2250.0
27.0,Male,Married,High School,66300.0,Government,2.9,Large Indian,Own,0.0,5,4,8400.0,18700.0,4300.0,11100.0,6000.0,Yes,7900.0,713.0,425400.0,177100.0,Vehicle EMI,1098000.0,57,Not_Eligible,3811.5
38.0,Female,Married,Professional,57600.0,Private,5.6,Mid-size,Own,0.0,4,3,6200.0,10900.0,7800.0,13100.0,7600.0,No,0.0,713.0,217900.0,119500.0,Education EMI,374000.0,26,Not_Eligible,6000.0
27.0,Male,Married,High School,89500.0,Government,2.3,Large Indian,Rented,23200.0,3,2,0.0,9600.0,5400.0,25900.0,15800.0,No,0.0,772.0,668100.0,354100.0,Vehicle EMI,606000.0,80,Not_Eligible,6336.0
38.0,Male,Married,Graduate,6988.0,Self-employed,8.4,Small,Rented,7000.0,5,4,11200.0,24900.0,4500.0,11600.0,6300.0,No,0.0,767.0,223100.0,118400.0,Home Appliances EMI,239000.0,25,Not_Eligible,500.0
38.0,Female,Married,Professional,91200.0,Government,2.8,Mid-size,Family,0.0,2,1,0.0,6300.0,11400.0,25700.0,18100.0,No,0.0,718.0,475000.0,262200.0,E-commerce Shopping EMI,162000.0,11,Not_Eligible,14850.0
38.0,Male,Married,Professional,77300.0,Private,4.2,Startup,Family,0.0,4,3,9300.0,0.0,6000.0,11900.0,8500.0,Yes,19000.0,758.0,511000.0,147400.0,E-commerce Shopping EMI,92000.0,23,Eligible,10441.2
38.0,Male,Married,Post Graduate,112700.0,Private,4.3,Large Indian,Own,0.0,4,3,13700.0,0.0,7700.0,29500.0,22100.0,Yes,19600.0,755.0,794500.0,447700.0,Vehicle EMI,95000.0,37,Eligible,9286.2
48.0,Female,Single,High School,71000.0,Private,0.9,MNC,Rented,22700.0,2,1,0.0,22000.0,8700.0,20400.0,7000.0,No,0.0,687.0,195800.0,86800.0,E-commerce Shopping EMI,128000.0,14,Not_Eligible,500.0
48.0,Male,Married,Graduate,50700.0,Government,0.5,MNC,Family,0.0,4,3,0.0,14900.0,4900.0,10600.0,6200.0,Yes,8300.0,675.0,240100.0,89000.0,Vehicle EMI,541000.0,24,Not_Eligible,2030.0
27.0,Male,Single,Graduate,61600.0,Government,0.5,Mid-size,Rented,10800.0,2,1,0.0,0.0,4800.0,9300.0,7900.0,No,0.0,756.0,80500.0,18100.0,Education EMI,409000.0,36,Not_Eligible,13824.0
38.0,Female,Single,Professional,24800.0,Private,0.8,Mid-size,Family,0.0,2,1,7000.0,16600.0,3000.0,6100.0,3600.0,Yes,6600.0,602.0,113300.0,23000.0,Personal Loan EMI,790000.0,13,Not_Eligible,500.0
27.0,Male,Single,Graduate,48300.0,Private,1.2,Mid-size,Rented,14000.0,1,0,0.0,0.0,5600.0,12700.0,9000.0,No,0.0,1200.0,251000.0,114700.0,Vehicle EMI,1304000.0,82,Not_Eligible,3500.0
27.0,Female,Single,High School,53200.0,Private,0.5,Mid-size,Rented,14300.0,3,2,0.0,20900.0,6500.0,14300.0,10100.0,No,0.0,742.0,160400.0,73100.0,Education EMI,232000.0,33,Not_Eligible,500.0
32.0,Male,Single,Graduate,58400.0,Private,10.0,MNC,Rented,10400.0,3,2,7000.0,0.0,7300.0,12800.0,7800.0,Yes,9000.0,630.0,375000.0,213500.0,Home Appliances EMI,228000.0,6,Not_Eligible,1262.8
32.0,Male,Single,High School,37200.0,Private,2.4,Mid-size,Family,0.0,3,2,13300.0,14100.0,2700.0,9500.0,4100.0,Yes,4200.0,748.0,205000.0,74300.0,Education EMI,485000.0,8,Not_Eligible,500.0
27.0,Female,Married,Graduate,41400.0,Private,0.5,MNC,Own,0.0,4,3,5900.0,0.0,5600.0,8200.0,8100.0,No,0.0,649.0,318200.0,87600.0,Personal Loan EMI,461000.0,40,Not_Eligible,4787.2
38.0,Male,Single,High School,29500.0,Government,2.9,Mid-size,Rented,7200.0,2,1,0.0,0.0,3800.0,6900.0,3700.0,No,0.0,791.0,216400.0,61100.0,Home Appliances EMI,128000.0,14,Not_Eligible,5214.0
27.0,Female,Married,Graduate,24500.0,Private,5.0,Mid-size,Rented,6800.0,2,1,12800.0,0.0,1500.0,4700.0,4800.0,Yes,6400.0,648.0,90100.0,47300.0,Personal Loan EMI,475000.0,39,Not_Eligible,500.0
38.0,Male,Married,Graduate,33000.0,Government,0.7,Large Indian,Rented,10800.0,4,3,9000.0,0.0,3800.0,7700.0,3400.0,No,0.0,781.0,220000.0,81400.0,Home Appliances EMI,241000.0,6,Not_Eligible,500.0
48.0,Male,Married,Graduate,65500.0,Private,2.3,Startup,Own,0.0,3,2,0.0,0.0,4900.0,18700.0,7400.0,No,0.0,668.0,458800.0,129100.0,Personal Loan EMI,721000.0,20,Not_Eligible,18975.0
27.0,Male,Single,Post Graduate,127900.0,Private,0.8,Large Indian,Rented,21700.0,3,2,12100.0,0.0,11900.0,20900.0,19800.0,Yes,18800.0,734.0,198400.0,92900.0,E-commerce Shopping EMI,45000.0,19,Eligible,5084.8
58.0,Male,Single,Graduate,20000.0,Self-employed,20.3,Large Indian,Own,0.0,1,0,0.0,0.0,2800.0,3000.0,2100.0,No,0.0,712.0,13000.0,5900.0,E-commerce Shopping EMI,51000.0,23,Eligible,4356.0
32.0,Male,Single,Graduate,49400.0,Private,4.6,MNC,Rented,16100.0,3,2,0.0,0.0,7200.0,11100.0,8900.0,Yes,11200.0,542.0,41600.0,9900.0,Home Appliances EMI,215000.0,36,Not_Eligible,500.0
38.0,Male,Married,Professional,109500.0,Private,0.5,MNC,Family,0.0,5,4,3200.0,0.0,8200.0,31300.0,15900.0,Yes,19200.0,621.0,169000.0,37900.0,Education EMI,456000.0,48,Not_Eligible,5680.64
27.0,Male,Single,Post Graduate,70700.0,Self-employed,0.5,Large Indian,Rented,16200.0,2,1,12600.0,0.0,7200.0,15100.0,10700.0,Yes,11100.0,539.0,522300.0,267900.0,Education EMI,75000.0,6,Not_Eligible,500.0
28.0,Male,Single,High School,34400.0,Private,2.4,Small,Family,0.0,1,0,0.0,0.0,3800.0,6400.0,4800.0,Yes,6200.0,646.0,264100.0,111100.0,Vehicle EMI,1467000.0,81,Not_Eligible,4065.6
32.0,Male,Married,High School,423736.0,Private,0.5,Large Indian,Rented,4300.0,3,2,0.0,0.0,1200.0,5500.0,4100.0,No,0.0,740.0,11500.0,6300.0,Personal Loan EMI,963000.0,55,Not_Eligible,2080.0
32.0,Female,Married,Graduate,52400.0,Private,2.0,Mid-size,Own,0.0,3,2,4100.0,0.0,7600.0,9600.0,3000.0,Yes,8100.0,698.0,162300.0,66300.0,Personal Loan EMI,774000.0,26,Not_Eligible,7000.0
38.0,Female,Married,Graduate,38400.0,Private,3.1,Mid-size,Rented,8000.0,2,1,2200.0,0.0,3500.0,10400.0,5000.0,Yes,7200.0,596.0,258800.0,133800.0,Education EMI,189000.0,27,Not_Eligible,646.8
48.0,Male,Married,Post Graduate,39000.0,Private,1.5,Large Indian,Rented,7000.0,5,4,13600.0,8700.0,2000.0,10700.0,3500.0,No,0.0,698.0,95700.0,42700.0,Education EMI,292000.0,43,Not_Eligible,500.0
32.0,Female,Married,Graduate,50900.0,Government,0.6,Mid-size,Own,0.0,3,2,0.0,0.0,5100.0,10300.0,4200.0,No,0.0,805.0,260800.0,145400.0,Home Appliances EMI,261000.0,15,Not_Eligible,18780.0
38.0,Female,Married,Graduate,34400.0,Government,0.6,Large Indian,Rented,8400.0,4,3,11200.0,10300.0,2700.0,9500.0,4300.0,No,0.0,681.0,123800.0,66300.0,Education EMI,334000.0,15,Not_Eligible,500.0
48.0,Female,Married,Post Graduate,54700.0,Private,11.1,Large Indian,Rented,8700.0,3,2,0.0,0.0,7900.0,11800.0,4900.0,Yes,12400.0,590.0,242300.0,93900.0,Personal Loan EMI,990000.0,48,Not_Eligible,2520.0
48.0,Male,Married,Graduate,51800.0,Private,9.4,Large Indian,Family,0.0,4,3,0.0,0.0,4500.0,11100.0,9800.0,No,0.0,673.0,120300.0,,E-commerce Shopping EMI,79000.0,3,Not_Eligible,13200.0
32.0,Male,Married,Professional,43300.0,Private,4.3,Mid-size,Own,0.0,3,2,5600.0,0.0,5200.0,8000.0,4100.0,Yes,7500.0,735.0,261900.0,68000.0,Education EMI,366000.0,12,Not_Eligible,4966.5
32.0,Female,Married,High School,60600.0,Government,3.0,MNC,Own,0.0,3,2,11800.0,10600.0,4300.0,15400.0,5900.0,No,0.0,701.0,284800.0,90600.0,Education EMI,400000.0,41,Not_Eligible,6930.0
58.0,Female,Married,High School,46400.0,Private,0.5,Large Indian,Rented,11000.0,3,2,7200.0,0.0,2900.0,10800.0,4700.0,No,0.0,749.0,305700.0,156800.0,Personal Loan EMI,635000.0,36,Not_Eligible,4312.0
32.0,Male,Married,Post Graduate,57900.0,Private,0.5,Startup,Own,0.0,3,2,8000.0,0.0,4000.0,11700.0,10200.0,No,0.0,719.0,231200.0,,Home Appliances EMI,297000.0,33,Not_Eligible,9600.0
48.0,Female,Single,Graduate,26700.0,Private,17.0,Mid-size,Rented,4800.0,1,0,0.0,0.0,2800.0,5600.0,2000.0,No,0.0,743.0,121100.0,62500.0,Vehicle EMI,542000.0,18,Not_Eligible,5750.0
38.0,Male,Married,Post Graduate,69000.0,Private,3.6,Mid-size,Rented,17200.0,5,4,4100.0,0.0,4200.0,13400.0,3500.0,Yes,13800.0,728.0,135100.0,55700.0,Vehicle EMI,521000.0,54,Not_Eligible,3584.0
32.0,Female,Married,Graduate,47900.0,Private,2.4,Mid-size,Own,0.0,4,3,9900.0,17400.0,3200.0,11600.0,9000.0,No,0.0,718.0,210200.0,47300.0,E-commerce Shopping EMI,123000.0,4,Not_Eligible,500.0
58.0,Male,Married,Post Graduate,57300.0,Private,1.3,MNC,Rented,,4,3,0.0,20300.0,5900.0,8900.0,11400.0,No,0.0,708.0,361600.0,203000.0,Education EMI,89000.0,20,Not_Eligible,500.0
32.0,Male,Married,Graduate,93200.0,Private,0.9,Startup,Family,0.0,5,4,12000.0,0.0,5800.0,16100.0,16800.0,No,0.0,737.0,732500.0,328300.0,Education EMI,158000.0,10,High_Risk,18700.0
32.0,Male,Married,Graduate,42900.0,Private,2.8,Mid-size,Own,0.0,3,2,0.0,0.0,3300.0,12600.0,2800.0,Yes,10800.0,813.0,64200.0,33200.0,Home Appliances EMI,27000.0,26,Eligible,4502.4
32.0,Female,Married,High School,40100.0,Government,9.2,Large Indian,Own,0.0,5,4,0.0,0.0,5700.0,6400.0,4500.0,Yes,6800.0,651.0,264900.0,57900.0,E-commerce Shopping EMI,106000.0,23,Eligible,7072.45
32.0,Male,Single,High School,12000.0,Private,5.7,Mid-size,Family,0.0,2,1,3100.0,0.0,1400.0,1900.0,1500.0,No,0.0,683.0,66900.0,28500.0,E-commerce Shopping EMI,42000.0,12,Not_Eligible,2050.0
48.0,Female,Married,Graduate,51800.0,Government,12.7,Large Indian,Rented,14200.0,3,2,2400.0,0.0,4700.0,14000.0,7600.0,No,0.0,714.0,,59400.0,E-commerce Shopping EMI,155000.0,13,Not_Eligible,4895.0
27.0,Female,Single,Professional,138600.0,Private,0.5,Mid-size,Family,0.0,1,0,0.0,0.0,9300.0,29300.0,24500.0,No,0.0,722.0,599700.0,327400.0,E-commerce Shopping EMI,48000.0,4,Eligible,30200.0
38.0,Male,Married,Post Graduate,70700.0,Private,13.6,Mid-size,Rented,20100.0,3,2,8700.0,0.0,4000.0,14800.0,5400.0,No,0.0,651.0,479300.0,147800.0,E-commerce Shopping EMI,42000.0,23,Eligible,9735.0
32.0,Male,Married,Post Graduate,51500.0,Self-employed,5.5,Small,Rented,12600.0,2,1,10600.0,19000.0,6800.0,11000.0,10100.0,Yes,5700.0,691.0,370900.0,167700.0,Vehicle EMI,1297000.0,28,Not_Eligible,500.0
48.0,Male,Married,High School,46300.0,Private,24.5,Mid-size,Family,0.0,4,3,2400.0,0.0,3900.0,8500.0,3000.0,Yes,6400.0,665.0,63300.0,14200.0,Education EMI,320000.0,9,Not_Eligible,6188.0
48.0,Female,Married,High School,60000.0,Government,18.9,MNC,Own,0.0,4,3,4200.0,0.0,8000.0,10200.0,4700.0,No,0.0,754.0,268900.0,108800.0,Home Appliances EMI,175000.0,23,Eligible,21714.0
38.0,Female,Married,Professional,76900.0,Government,7.8,Mid-size,Own,0.0,3,2,0.0,0.0,11500.0,13700.0,4600.0,Yes,7900.0,800.0,43800.0,20400.0,Education EMI,299000.0,39,Eligible,14488.32
38.0,Male,Married,High School,30100.0,Private,0.9,Large Indian,Rented,6000.0,4,3,0.0,16400.0,2800.0,6000.0,5000.0,Yes,4400.0,677.0,92600.0,35800.0,Education EMI,112000.0,42,Not_Eligible,500.0
38.0,Male,Married,Post Graduate,117300.0,Private,1.7,Startup,Rented,20100.0,3,2,0.0,0.0,10800.0,33500.0,9700.0,No,0.0,835.0,778600.0,463900.0,Education EMI,59000.0,36,Eligible,28512.0
38.0,Male,Married,Post Graduate,71100.0,Private,2.6,Large Indian,Family,0.0,3,2,14300.0,0.0,10400.0,11800.0,12600.0,Yes,18600.0,587.0,491800.0,151800.0,E-commerce Shopping EMI,88000.0,3,Not_Eligible,1047.2
48.0,Female,Married,Graduate,69500.0,Private,1.9,Large Indian,Rented,17500.0,3,2,0.0,0.0,5000.0,10900.0,11300.0,No,0.0,740.0,216400.0,81700.0,Personal Loan EMI,478000.0,44,Not_Eligible,12400.0
27.0,Male,Married,High School,32300.0,Private,2.1,Mid-size,Rented,6100.0,4,3,2700.0,24900.0,4300.0,6200.0,4800.0,No,0.0,788.0,49400.0,9900.0,Home Appliances EMI,110000.0,29,Not_Eligible,500.0
38.0,Female,Married,High School,60600.0,Private,10.6,MNC,Rented,17800.0,2,1,0.0,24500.0,4100.0,11200.0,3700.0,Yes,13200.0,784.0,432700.0,166100.0,Education EMI,493000.0,19,Not_Eligible,500.0
32.0,Female,Single,High School,29100.0,Private,5.7,Large Indian,Rented,4500.0,2,1,14300.0,0.0,1500.0,7000.0,5100.0,Yes,5200.0,763.0,214800.0,61700.0,Vehicle EMI,895000.0,49,Not_Eligible,500.0
38.0,Male,Single,Graduate,35800.0,Private,0.5,Mid-size,Rented,12200.0,3,2,11300.0,22600.0,4200.0,10500.0,5200.0,No,0.0,605.0,59100.0,26600.0,E-commerce Shopping EMI,114000.0,6,Not_Eligible,500.0
32.0,Male,Married,Graduate,62100.0,Self-employed,6.2,Large Indian,Family,0.0,4,3,0.0,0.0,3900.0,14000.0,7400.0,No,0.0,695.0,67100.0,17200.0,Education EMI,410000.0,43,High_Risk,13248.0
32.0,Female,Married,Post Graduate,48800.0,Private,1.8,Startup,Rented,12000.0,3,2,4400.0,0.0,6700.0,7500.0,5900.0,Yes,8200.0,704.0,154300.0,72100.0,Home Appliances EMI,23000.0,26,Eligible,1435.0
48.0,Male,Single,Graduate,11137.0,Private,2.7,Startup,Family,0.0,1,0,0.0,0.0,3800.0,13200.0,10300.0,No,0.0,714.0,391000.0,172300.0,Personal Loan EMI,920000.0,26,Not_Eligible,14630.0
27.0,Male,Single,High School,88100.0,Government,3.8,Startup,Own,0.0,1,0,0.0,0.0,10600.0,22200.0,5300.0,Yes,14100.0,795.0,293500.0,93000.0,Vehicle EMI,1086000.0,37,Not_Eligible,16585.8
32.0,Female,Married,Post Graduate,61300.0,Private,2.0,MNC,Own,0.0,4,3,7900.0,5000.0,9100.0,13700.0,6900.0,No,0.0,690.0,43400.0,22200.0,E-commerce Shopping EMI,53000.0,14,Eligible,7480.0
38.0,Male,Single,Graduate,56700.0,Private,7.9,Mid-size,Family,0.0,1,0,0.0,0.0,5300.0,9900.0,3500.0,Yes,11300.0,610.0,184600.0,54100.0,E-commerce Shopping EMI,166000.0,24,Not_Eligible,7476.0
32.0,Male,Married,Graduate,22400.0,Private,3.2,Mid-size,Own,0.0,3,2,0.0,0.0,2200.0,5900.0,3800.0,No,0.0,757.0,145200.0,50600.0,Personal Loan EMI,805000.0,20,Not_Eligible,6930.0
48.0,Male,Married,Post Graduate,51200.0,Private,4.2,Mid-size,Rented,9400.0,3,2,14900.0,5100.0,2600.0,10900.0,9900.0,Yes,13300.0,686.0,117400.0,26700.0,Personal Loan EMI,995000.0,36,Not_Eligible,500.0
32.0,Female,Married,Graduate,52200.0,Private,3.9,MNC,Rented,11500.0,4,3,0.0,0.0,2700.0,8500.0,8300.0,Yes,11900.0,712.0,52300.0,18500.0,Vehicle EMI,1094000.0,26,Not_Eligible,2604.0
58.0,Male,Married,Graduate,99200.0,Self-employed,4.4,Large Indian,Family,0.0,4,3,0.0,0.0,12800.0,21500.0,18400.0,Yes,26700.0,652.0,726900.0,320800.0,Education EMI,104000.0,32,Eligible,6860.7
38.0,Male,Married,Professional,149800.0,Private,8.8,MNC,Own,0.0,4,3,14800.0,15000.0,14000.0,38000.0,20700.0,Yes,30500.0,697.0,177200.0,101500.0,Personal Loan EMI,547000.0,58,Not_Eligible,4704.0
32.0,Male,Married,Graduate,33900.0,Government,0.6,Mid-size,Rented,8400.0,2,1,11700.0,0.0,3600.0,8200.0,4000.0,No,0.0,657.0,34900.0,15700.0,Home Appliances EMI,285000.0,32,Not_Eligible,500.0
48.0,Male,Married,Graduate,35000.0,Self-employed,3.5,Mid-size,Rented,11200.0,5,4,11300.0,0.0,3700.0,8100.0,2800.0,No,0.0,726.0,124900.0,39300.0,Home Appliances EMI,189000.0,13,Not_Eligible,500.0
48.0,Male,Married,Post Graduate,53000.0,Private,0.6,MNC,Own,0.0,3,2,14900.0,24600.0,6400.0,13200.0,6100.0,No,0.0,679.0,27000.0,10400.0,Personal Loan EMI,497000.0,56,Not_Eligible,500.0
32.0,Male,Married,High School,40400.0,Government,0.9,Large Indian,Own,0.0,2,1,12700.0,0.0,3400.0,8000.0,5900.0,Yes,8100.0,730.0,130100.0,67800.0,E-commerce Shopping EMI,159000.0,9,Not_Eligible,805.0
48.0,Female,Married,Graduate,16700.0,Private,11.1,Mid-size,Own,0.0,5,4,2800.0,0.0,1200.0,3100.0,1300.0,No,0.0,707.0,30800.0,9800.0,Vehicle EMI,362000.0,40,Not_Eligible,3320.0
38.0,Female,Married,Professional,41700.0,Private,13.0,Mid-size,Family,0.0,3,2,14100.0,0.0,2400.0,9100.0,3900.0,Yes,11900.0,595.0,131900.0,60500.0,Personal Loan EMI,63000.0,45,Not_Eligible,500.0
27.0,Male,Single,Post Graduate,135600.0,Private,0.5,Startup,Own,0.0,2,1,3100.0,0.0,12600.0,33800.0,10600.0,No,0.0,715.0,191500.0,112300.0,Education EMI,187000.0,39,Eligible,24160.0
27.0,Female,Single,Graduate,63000.0,Government,1.6,MNC,Rented,10400.0,3,2,12200.0,0.0,5100.0,16200.0,4800.0,No,0.0,706.0,128700.0,56300.0,Personal Loan EMI,431000.0,59,Not_Eligible,7150.0
58.0,Male,Married,Graduate,35200.0,Private,11.1,Mid-size,Rented,5900.0,2,1,11800.0,0.0,2700.0,6100.0,3900.0,No,0.0,643.0,238500.0,74300.0,Home Appliances EMI,221000.0,26,Not_Eligible,2112.0
27.0,Male,Married,Graduate,55300.0,Private,0.5,Mid-size,Rented,15000.0,3,2,0.0,0.0,5900.0,9100.0,9500.0,No,0.0,681.0,163500.0,97100.0,E-commerce Shopping EMI,39000.0,4,Not_Eligible,6320.0
38.0,Female,Married,Graduate,94200.0,Government,1.9,MNC,Family,0.0,3,2,7200.0,0.0,6200.0,21000.0,5400.0,No,0.0,810.0,661200.0,290700.0,Education EMI,187000.0,27,Eligible,35904.0
32.0,Male,Married,Graduate,18000.0,Government,7.4,Small,Own,0.0,3,2,0.0,0.0,1700.0,4200.0,3500.0,No,0.0,796.0,71700.0,17500.0,Vehicle EMI,542000.0,66,Not_Eligible,5676.0
27.0,Female,Single,Graduate,65800.0,Private,0.5,Large Indian,Rented,16700.0,1,0,0.0,0.0,5300.0,12000.0,5200.0,No,0.0,775.0,274900.0,55100.0,E-commerce Shopping EMI,117000.0,22,Eligible,12768.0
38.0,Female,Married,High School,36900.0,Private,13.2,Startup,Family,0.0,2,1,8800.0,0.0,4000.0,7900.0,3200.0,Yes,9100.0,666.0,228500.0,120400.0,Home Appliances EMI,157000.0,20,Not_Eligible,1501.5
48.0,Male,Married,Graduate,44900.0,Government,0.7,Large Indian,Family,0.0,3,2,0.0,0.0,5300.0,13200.0,5600.0,Yes,13100.0,607.0,101400.0,39400.0,Personal Loan EMI,576000.0,44,Not_Eligible,2156.0
32.0,Male,Married,Graduate,20000.0,Self-employed,1.0,Mid-size,Own,0.0,2,1,0.0,23000.0,1000.0,5700.0,1900.0,Yes,4100.0,680.0,24100.0,5700.0,E-commerce Shopping EMI,103000.0,6,Not_Eligible,500.0
32.0,Female,Single,Graduate,76000.0,Government,4.4,Large Indian,Rented,25100.0,2,1,5000.0,0.0,9400.0,16100.0,10500.0,No,0.0,796.0,242800.0,96500.0,Education EMI,134000.0,31,Eligible,6534.0
38.0,Male,Married,High School,52200.0,Private,5.9,Startup,Family,0.0,4,3,0.0,0.0,6100.0,13400.0,3600.0,Yes,5400.0,783.0,361400.0,138900.0,Personal Loan EMI,95000.0,15,Eligible,10949.4
38.0,Female,Married,Graduate,27400.0,Private,3.1,Large Indian,Rented,4700.0,2,1,0.0,0.0,3100.0,5700.0,2800.0,Yes,8000.0,738.0,63800.0,27900.0,Home Appliances EMI,262000.0,29,Not_Eligible,1085.0
38.0,Female,Married,Graduate,33300.0,Private,5.6,Mid-size,Family,0.0,2,1,14000.0,7100.0,4700.0,6700.0,4300.0,Yes,4900.0,685.0,122500.0,56500.0,Education EMI,209000.0,23,Not_Eligible,500.0
48.0,Male,Married,Professional,48700.0,Self-employed,3.9,Large Indian,Own,0.0,4,3,4500.0,0.0,4400.0,9400.0,3900.0,Yes,8300.0,610.0,218100.0,48100.0,E-commerce Shopping EMI,89000.0,24,High_Risk,4586.4
32.0,Male,Single,Graduate,24100.0,Private,0.5,Large Indian,Rented,3900.0,1,0,0.0,0.0,1600.0,6100.0,2800.0,No,0.0,650.0,146700.0,80200.0,Education EMI,177000.0,8,Not_Eligible,4268.0
38.0,Male,Single,Graduate,62900.0,Private,2.5,Mid-size,Rented,14000.0,1,0,0.0,0.0,6100.0,12000.0,4600.0,Yes,16000.0,601.0,367900.0,196000.0,Home Appliances EMI,56000.0,29,Eligible,2856.0
32.0,Male,Married,,48800.0,Private,1.8,Startup,Own,0.0,2,1,3300.0,0.0,3400.0,9400.0,7500.0,No,0.0,715.0,279500.0,129900.0,Vehicle EMI,612000.0,63,High_Risk,12600.0
32.0,Male,Married,Graduate,60800.0,Private,3.3,Large Indian,Rented,11600.0,2,1,3300.0,0.0,9000.0,9900.0,10400.0,Yes,11100.0,653.0,316700.0,142600.0,Personal Loan EMI,946000.0,27,Not_Eligible,1925.0
32.0,Male,Married,Post Graduate,41400.0,Government,1.0,Large Indian,Rented,13300.0,2,1,0.0,0.0,4800.0,12400.0,5800.0,No,0.0,684.0,100600.0,33700.0,E-commerce Shopping EMI,187000.0,6,Not_Eligible,2550.0
48.0,Male,Married,High School,62400.0,Private,2.2,Large Indian,Family,0.0,3,2,0.0,0.0,4300.0,17700.0,10800.0,No,0.0,624.0,393400.0,158800.0,Personal Loan EMI,102000.0,28,Eligible,13024.0
27.0,Male,Single,Graduate,49200.0,Government,0.5,Large Indian,Rented,14500.0,2,1,0.0,0.0,6200.0,9700.0,3200.0,No,0.0,790.0,332000.0,73500.0,E-commerce Shopping EMI,80000.0,16,Eligible,10296.0
32.0,Male,Single,High School,48800.0,Government,2.2,Small,Own,0.0,2,1,4000.0,15700.0,6000.0,7800.0,9000.0,No,0.0,691.0,237500.0,101800.0,Education EMI,393000.0,44,Not_Eligible,3150.0
48.0,Female,Married,Post Graduate,137800.0,Private,2.8,MNC,Rented,25800.0,3,2,13600.0,21800.0,11200.0,36600.0,20300.0,Yes,24400.0,761.0,733100.0,396000.0,Personal Loan EMI,397000.0,16,Not_Eligible,500.0
38.0,Male,Married,Post Graduate,331104.0,Private,2.4,Startup,Family,0.0,3,2,4900.0,0.0,10000.0,14400.0,7500.0,Yes,10200.0,726.0,560100.0,253400.0,Home Appliances EMI,23000.0,33,Eligible,13667.5
38.0,Male,Married,Graduate,46000.0,Private,3.9,Mid-size,Family,0.0,2,1,0.0,0.0,4400.0,9200.0,6300.0,Yes,7600.0,673.0,94100.0,35600.0,Education EMI,245000.0,37,Not_Eligible,6475.0
38.0,Male,Married,Professional,50500.0,Private,7.4,Mid-size,Own,0.0,2,1,6400.0,0.0,7100.0,10500.0,9100.0,Yes,6800.0,726.0,280500.0,115800.0,Education EMI,53000.0,16,High_Risk,3710.0
27.0,Female,Single,High School,35900.0,Self-employed,1.1,Mid-size,Rented,5700.0,2,1,4800.0,12700.0,4900.0,9700.0,6400.0,No,0.0,707.0,193400.0,74200.0,Education EMI,172000.0,21,Not_Eligible,500.0
38.0,Male,Married,Post Graduate,86000.0,Private,1.9,Large Indian,Family,0.0,4,3,0.0,0.0,10000.0,17800.0,13600.0,Yes,21200.0,694.0,259400.0,131700.0,Education EMI,219000.0,15,Not_Eligible,8190.0
27.0,Female,Single,Graduate,61200.0,Private,5.0,Small,Rented,10600.0,1,0,0.0,0.0,3700.0,10900.0,11300.0,No,0.0,632.0,336300.0,148100.0,E-commerce Shopping EMI,50000.0,4,Not_Eligible,9880.0
48.0,Female,Married,Graduate,73300.0,Self-employed,14.0,MNC,Own,0.0,4,3,3500.0,0.0,4000.0,11700.0,4900.0,Yes,16500.0,606.0,267200.0,140400.0,E-commerce Shopping EMI,150000.0,18,Not_Eligible,8240.4
32.0,Male,Married,Graduate,25000.0,Self-employed,2.2,Startup,Rented,5200.0,4,3,5900.0,20200.0,2800.0,4200.0,4800.0,No,0.0,722.0,51000.0,25600.0,Personal Loan EMI,455000.0,59,Not_Eligible,500.0
32.0,Male,Single,High School,31800.0,Private,0.5,Mid-size,Family,0.0,3,2,6700.0,0.0,4100.0,6600.0,2200.0,No,0.0,693.0,91300.0,40600.0,Home Appliances EMI,290000.0,21,Not_Eligible,4880.0
48.0,Female,Married,Graduate,74800.0,Private,3.3,MNC,Own,0.0,5,4,4900.0,0.0,4800.0,17100.0,11000.0,Yes,21800.0,601.0,241400.0,66800.0,Vehicle EMI,827000.0,35,Not_Eligible,4256.0
38.0,Male,Married,Professional,151300.0,Private,4.1,Large Indian,Rented,50900.0,4,3,0.0,0.0,17500.0,28000.0,23300.0,No,0.0,770.0,315200.0,117500.0,Vehicle EMI,809000.0,26,Not_Eligible,18960.0
58.0,Female,Married,Post Graduate,43600.0,Private,2.2,Startup,Own,0.0,2,1,0.0,0.0,2500.0,13100.0,4400.0,Yes,11300.0,593.0,290100.0,66800.0,Personal Loan EMI,857000.0,59,Not_Eligible,3788.4
38.0,Male,Married,Graduate,43600.0,Private,9.4,MNC,Own,0.0,3,2,13500.0,21900.0,6100.0,9700.0,4600.0,No,0.0,685.0,82400.0,36800.0,E-commerce Shopping EMI,60000.0,7,Not_Eligible,500.0
38.0,Female,Married,Graduate,82000.0,Government,7.7,MNC,Rented,16300.0,4,3,7800.0,0.0,4400.0,17900.0,6400.0,No,0.0,824.0,160900.0,78100.0,Personal Loan EMI,747000.0,35,Not_Eligible,15417.6
27.0,Male,Married,Graduate,37900.0,Private,1.7,Large Indian,Family,0.0,4,3,6100.0,9900.0,3200.0,8500.0,2300.0,Yes,10000.0,573.0,202200.0,64500.0,Education EMI,423000.0,14,Not_Eligible,500.0
27.0,Male,Single,Graduate,43100.0,Private,2.4,MNC,Family,23283.0,2,1,10400.0,10500.0,3700.0,7800.0,7400.0,No,0.0,651.0,236700.0,133500.0,Home Appliances EMI,296000.0,34,Not_Eligible,1650.0
38.0,Male,Married,Graduate,22800.0,Private,9.6,MNC,Own,0.0,4,3,0.0,0.0,3300.0,3500.0,4000.0,No,0.0,716.0,38100.0,15700.0,Home Appliances EMI,131000.0,35,High_Risk,4800.0
38.0,Female,Married,Graduate,54300.0,Private,7.6,Startup,Own,0.0,4,3,0.0,22900.0,8000.0,11000.0,4600.0,Yes,6300.0,802.0,45300.0,25800.0,E-commerce Shopping EMI,123000.0,7,Not_Eligible,504.0
32.0,Female,Single,Graduate,38800.0,Private,0.9,Startup,Rented,8500.0,1,0,0.0,0.0,5000.0,8600.0,6400.0,Yes,8500.0,632.0,71800.0,22700.0,E-commerce Shopping EMI,170000.0,7,Not_Eligible,500.0
48.0,Male,Married,Post Graduate,30400.0,Private,2.1,Large Indian,Rented,7000.0,3,2,8900.0,0.0,2000.0,7000.0,2000.0,Yes,7400.0,653.0,216200.0,50400.0,Personal Loan EMI,617000.0,40,Not_Eligible,500.0
38.0,Female,Married,Graduate,59000.0,Government,1.8,Small,Rented,12300.0,2,1,3800.0,0.0,4200.0,15100.0,4700.0,Yes,15800.0,625.0,234400.0,110200.0,Personal Loan EMI,292000.0,44,Not_Eligible,868.0
32.0,Male,Married,High School,45200.0,Private,9.0,MNC,Rented,14400.0,3,2,9500.0,0.0,6200.0,11600.0,3000.0,Yes,6900.0,669.0,239800.0,65800.0,E-commerce Shopping EMI,111000.0,20,Not_Eligible,500.0
58.0,Female,Married,Post Graduate,31400.0,Private,0.7,MNC,Own,0.0,5,4,0.0,0.0,3400.0,6200.0,3900.0,Yes,7700.0,610.0,53600.0,28700.0,Home Appliances EMI,232000.0,19,Not_Eligible,1827.84
38.0,Male,Married,High School,63300.0,Private,16.0,MNC,Family,0.0,3,2,5600.0,0.0,8600.0,14500.0,8000.0,Yes,11600.0,692.0,446300.0,91600.0,Vehicle EMI,287000.0,12,Not_Eligible,5775.0
38.0,Female,Married,High School,29900.0,Private,1.6,Large Indian,Rented,9600.0,3,2,4400.0,0.0,3900.0,8000.0,4200.0,Yes,3600.0,681.0,213200.0,82400.0,Personal Loan EMI,529000.0,28,Not_Eligible,500.0
32.0,Female,Married,Professional,33700.0,Private,1.9,Large Indian,Own,0.0,3,2,0.0,0.0,3700.0,7800.0,3600.0,No,0.0,664.0,49200.0,14500.0,Vehicle EMI,1407000.0,35,Not_Eligible,7440.0
27.0,Male,Single,Professional,97200.0,Private,0.5,MNC,Rented,32800.0,1,0,0.0,0.0,5900.0,16700.0,10100.0,Yes,19800.0,781.0,405700.0,200600.0,Personal Loan EMI,538000.0,12,Not_Eligible,3998.4
48.0,Female,Married,Graduate,69200.0,Private,11.1,MNC,Own,0.0,3,2,7300.0,0.0,5800.0,13900.0,8000.0,No,0.0,651.0,80200.0,42200.0,Vehicle EMI,1192000.0,70,Not_Eligible,13680.0
32.0,Male,Married,High School,30800.0,Private,3.4,Large Indian,Rented,6800.0,4,3,14000.0,0.0,4100.0,5400.0,4500.0,Yes,6300.0,775.0,246100.0,119900.0,Home Appliances EMI,111000.0,29,Not_Eligible,500.0
48.0,Female,Married,Graduate,97300.0,Private,1.0,MNC,Family,0.0,2,1,7500.0,12400.0,12400.0,20500.0,8900.0,Yes,10100.0,645.0,453400.0,106000.0,Personal Loan EMI,160000.0,29,High_Risk,7140.0
38.0,Male,Married,Graduate,81300.0,Private,0.7,MNC,Family,0.0,3,2,11700.0,0.0,11300.0,23700.0,13300.0,No,0.0,643.0,516000.0,211500.0,Vehicle EMI,1136000.0,32,Not_Eligible,7497.6
27.0,Male,Single,Graduate,65000.0,Government,0.5,Mid-size,Own,0.0,1,0,0.0,0.0,6200.0,12900.0,6400.0,No,0.0,769.0,359900.0,137100.0,E-commerce Shopping EMI,22000.0,7,Eligible,23700.0
32.0,Male,Single,Professional,63000.0,Private,4.3,Small,Rented,10700.0,1,0,0.0,0.0,6600.0,18200.0,4100.0,Yes,17800.0,704.0,244500.0,75100.0,Vehicle EMI,1418000.0,63,Not_Eligible,1960.0
38.0,Female,Married,Graduate,60800.0,Private,3.7,Large Indian,Rented,19900.0,4,3,6200.0,9000.0,3500.0,10800.0,9400.0,Yes,8100.0,706.0,79400.0,45400.0,Personal Loan EMI,331000.0,29,Not_Eligible,500.0
38.0,Male,Married,Professional,88500.0,Private,11.1,Large Indian,Rented,14700.0,3,2,0.0,0.0,12100.0,20800.0,12300.0,No,0.0,729.0,690400.0,333100.0,E-commerce Shopping EMI,25000.0,13,Eligible,15730.0
27.0,Male,Married,Post Graduate,124300.0,Self-employed,0.5,Mid-size,Own,0.0,2,1,4100.0,0.0,14100.0,33800.0,24000.0,No,0.0,801.0,965900.0,228700.0,Home Appliances EMI,148000.0,9,Eligible,28690.2
38.0,Male,Married,Graduate,64000.0,Private,4.2,MNC,Rented,19300.0,4,3,10500.0,0.0,8500.0,14100.0,12800.0,Yes,12500.0,671.0,290000.0,68100.0,Home Appliances EMI,228000.0,15,Not_Eligible,500.0
27.0,Male,Single,Professional,62700.0,Self-employed,1.6,Large Indian,Own,0.0,2,1,0.0,0.0,7200.0,15700.0,3200.0,No,0.0,786.0,374000.0,151400.0,Education EMI,485000.0,8,Not_Eligible,19764.0
48.0,Female,Married,Graduate,29100.0,Private,14.4,Large Indian,Family,0.0,4,3,0.0,15800.0,1600.0,5800.0,3100.0,No,0.0,687.0,223100.0,122900.0,Personal Loan EMI,787000.0,26,Not_Eligible,1540.0
58.0,Male,Married,Professional,63100.0,Private,17.1,Startup,Rented,18200.0,3,2,0.0,23200.0,3500.0,18500.0,4100.0,No,0.0,769.0,175300.0,37300.0,Education EMI,419000.0,28,Not_Eligible,500.0
48.0,Female,Married,Graduate,49400.0,Government,2.1,Large Indian,Rented,8300.0,4,3,13900.0,0.0,3900.0,10800.0,5600.0,No,0.0,999.0,262100.0,125000.0,Education EMI,337000.0,41,Not_Eligible,2760.0
32.0,Male,Single,Post Graduate,22108.0,Private,0.8,MNC,Own,0.0,3,2,0.0,0.0,1900.0,4200.0,1700.0,No,0.0,677.0,67900.0,16600.0,E-commerce Shopping EMI,152000.0,20,Not_Eligible,6240.0
48.0,Male,Single,Graduate,51600.0,Private,7.6,Large Indian,Own,0.0,2,1,11500.0,0.0,5200.0,13500.0,4700.0,No,0.0,756.0,258700.0,133300.0,Education EMI,123000.0,9,Not_Eligible,10020.0
48.0,Male,Married,Graduate,32000.0,Private,21.0,MNC,Rented,7700.0,3,2,9400.0,0.0,3000.0,8200.0,5800.0,No,0.0,727.0,22700.0,9200.0,Personal Loan EMI,962000.0,39,Not_Eligible,500.0
27.0,Male,Married,Post Graduate,58700.0,Private,2.7,Mid-size,Own,0.0,2,1,2400.0,0.0,7600.0,15600.0,9200.0,No,0.0,700.0,423300.0,186800.0,Education EMI,180000.0,13,Not_Eligible,13145.0
27.0,Male,Single,Graduate,46500.0,Private,0.5,Small,Rented,7800.0,1,0,0.0,0.0,2500.0,10500.0,7500.0,No,0.0,714.0,47100.0,24300.0,Vehicle EMI,1179000.0,60,Not_Eligible,5824.0
32.0,Female,Single,Graduate,67700.0,Private,0.5,Mid-size,Rented,22700.0,2,1,0.0,0.0,8600.0,18000.0,5100.0,No,0.0,711.0,458700.0,197400.0,Vehicle EMI,877000.0,43,Not_Eligible,5852.0
48.0,Male,Married,Post Graduate,25600.0,Private,14.6,Large Indian,Own,0.0,2,1,0.0,0.0,1700.0,6200.0,4300.0,No,0.0,727.0,138800.0,51200.0,Vehicle EMI,428000.0,62,Not_Eligible,6700.0
38.0,Male,Married,High School,20900.0,Government,0.5,MNC,Family,0.0,3,2,12500.0,0.0,1200.0,5600.0,3800.0,Yes,5400.0,612.0,148900.0,78900.0,Education EMI,258000.0,42,Not_Eligible,500.0
58.0,Female,Married,High School,48200.0,Private,25.7,MNC,Rented,16200.0,3,2,0.0,0.0,6800.0,10700.0,7300.0,No,0.0,686.0,361000.0,157000.0,Vehicle EMI,1391000.0,29,Not_Eligible,3960.0
32.0,Male,Married,Graduate,31700.0,Private,6.5,Startup,Own,0.0,2,1,0.0,12300.0,1700.0,7700.0,6200.0,No,0.0,634.0,233200.0,102200.0,Vehicle EMI,760000.0,52,Not_Eligible,1672.0
38.0,Male,Married,Graduate,47500.0,Private,9.5,Startup,Rented,12500.0,4,3,7600.0,0.0,5500.0,10700.0,4500.0,No,0.0,690.0,238900.0,50900.0,Vehicle EMI,182000.0,71,Not_Eligible,3350.0
32.0,Male,Single,Graduate,53000.0,Self-employed,6.7,Large Indian,Family,0.0,1,0,0.0,0.0,4600.0,14200.0,8100.0,No,0.0,673.0,396900.0,177100.0,Vehicle EMI,1190000.0,69,Not_Eligible,12919.5
48.0,Female,Single,High School,73800.0,Government,26.0,MNC,Family,0.0,1,0,0.0,0.0,8400.0,16100.0,6700.0,Yes,20900.0,850.0,129500.0,51000.0,Personal Loan EMI,815000.0,60,Not_Eligible,8020.32
27.0,Male,Single,Post Graduate,69500.0,Private,1.0,Mid-size,Rented,15800.0,3,2,4600.0,0.0,8300.0,14700.0,12200.0,No,0.0,666.0,151900.0,56600.0,Home Appliances EMI,40000.0,7,High_Risk,6950.0
48.0,Male,Single,Graduate,37100.0,Government,14.9,Mid-size,Own,0.0,3,2,4300.0,0.0,4800.0,7300.0,3200.0,No,0.0,770.0,223500.0,124900.0,E-commerce Shopping EMI,161000.0,19,Eligible,12705.0
38.0,Female,Married,Graduate,36700.0,Private,1.2,Mid-size,Family,0.0,3,2,0.0,0.0,4500.0,9300.0,4000.0,Yes,9500.0,561.0,171500.0,92500.0,E-commerce Shopping EMI,163000.0,18,Not_Eligible,2632.0
48.0,Female,Married,Professional,180100.0,Private,7.8,Large Indian,Rented,61100.0,2,1,0.0,0.0,11600.0,43400.0,15100.0,Yes,24100.0,850.0,449800.0,257900.0,Vehicle EMI,159000.0,18,High_Risk,10416.0
48.0,Female,Married,Post Graduate,85000.0,Private,5.9,Mid-size,Family,23789.0,3,2,7100.0,0.0,7000.0,19900.0,7100.0,Yes,15500.0,767.0,48200.0,25900.0,E-commerce Shopping EMI,163000.0,13,Not_Eligible,9542.4
38.0,Female,Married,Graduate,36800.0,Private,1.6,Mid-size,Own,0.0,3,2,9700.0,0.0,5400.0,10900.0,2500.0,Yes,5400.0,668.0,51300.0,28800.0,Home Appliances EMI,256000.0,32,Not_Eligible,812.0
32.0,Female,Single,High School,63700.0,Private,0.7,Large Indian,Family,0.0,1,0,0.0,0.0,3200.0,19100.0,11000.0,No,0.0,723.0,98700.0,36200.0,Home Appliances EMI,158000.0,19,High_Risk,9728.0
27.0,Male,Married,Graduate,34300.0,Self-employed,0.8,Mid-size,Rented,5600.0,2,1,7600.0,0.0,3500.0,6000.0,6200.0,No,0.0,752.0,125300.0,53400.0,Home Appliances EMI,183000.0,33,Not_Eligible,2916.0
38.0,Male,Married,Graduate,51700.0,Self-employed,4.1,MNC,Own,0.0,4,3,0.0,0.0,6900.0,8800.0,9000.0,Yes,15100.0,602.0,321300.0,161100.0,Home Appliances EMI,26000.0,8,Not_Eligible,3298.68
32.0,Female,Single,Graduate,30400.0,Private,1.1,Small,Rented,6800.0,2,1,6400.0,0.0,4200.0,6900.0,2100.0,No,0.0,669.0,231000.0,122100.0,Personal Loan EMI,166000.0,60,Not_Eligible,2200.0
32.0,Female,Married,Graduate,47200.0,Private,0.5,MNC,Own,0.0,4,3,10900.0,0.0,5500.0,7800.0,8600.0,Yes,7300.0,575.0,195000.0,70300.0,Vehicle EMI,773000.0,28,Not_Eligible,1590.4
38.0,Male,Married,Graduate,85400.0,Private,7.0,Small,Rented,23600.0,3,2,7400.0,0.0,4700.0,25400.0,10700.0,No,0.0,693.0,473900.0,257400.0,E-commerce Shopping EMI,104000.0,12,Not_Eligible,6800.0
38.0,Male,Married,Professional,61300.0,Private,0.5,MNC,Rented,15700.0,3,2,0.0,0.0,8100.0,17900.0,7500.0,No,0.0,625.0,464200.0,202600.0,Personal Loan EMI,709000.0,54,Not_Eligible,4259.2
48.0,Male,Married,Graduate,45200.0,Private,16.8,MNC,Family,0.0,3,2,0.0,23500.0,4100.0,11300.0,5700.0,No,0.0,808.0,89400.0,52900.0,Education EMI,368000.0,14,Not_Eligible,500.0
58.0,Male,Married,Graduate,36200.0,Private,3.4,Large Indian,Own,0.0,3,2,0.0,0.0,2900.0,6900.0,2600.0,No,0.0,675.0,228400.0,84200.0,Home Appliances EMI,67000.0,36,Eligible,13090.0
39.0,Female,Married,Professional,66644.0,Private,0.5,MNC,Rented,23100.0,3,2,0.0,13200.0,8900.0,15600.0,11200.0,Yes,7700.0,686.0,164500.0,84500.0,Personal Loan EMI,69000.0,36,Not_Eligible,500.0
32.0,Male,Married,Professional,131300.0,Private,0.5,Large Indian,Rented,30000.0,4,3,11200.0,0.0,7200.0,30700.0,23000.0,No,0.0,693.0,673500.0,377200.0,E-commerce Shopping EMI,160000.0,18,High_Risk,11680.0
48.0,Male,Married,Graduate,79100.0,Private,14.6,Startup,Own,0.0,2,1,7900.0,7800.0,5000.0,20700.0,4600.0,No,0.0,763.0,452600.0,185600.0,Vehicle EMI,1406000.0,40,Not_Eligible,19860.0
32.0,Male,Married,Post Graduate,57700.0,Private,1.1,Large Indian,Own,0.0,2,1,0.0,0.0,7600.0,14800.0,6200.0,No,0.0,611.0,305000.0,97100.0,Personal Loan EMI,256000.0,41,Eligible,11640.0
38.0,Male,Married,Graduate,23800.0,Private,7.8,Large Indian,Own,0.0,3,2,3100.0,0.0,2700.0,5000.0,4500.0,No,0.0,791.0,40400.0,17200.0,Home Appliances EMI,34000.0,8,Not_Eligible,4080.0
32.0,Female,Married,Graduate,37000.0,Private,0.9,Startup,Rented,7000.0,5,4,0.0,0.0,2700.0,8400.0,3800.0,No,0.0,641.0,31400.0,15100.0,Home Appliances EMI,251000.0,7,Not_Eligible,3865.6
32.0,Male,Single,Professional,108000.0,Private,7.7,Mid-size,Rented,27900.0,2,1,8300.0,0.0,14900.0,24300.0,9900.0,No,0.0,682.0,697700.0,145300.0,E-commerce Shopping EMI,57000.0,8,Eligible,12485.0
27.0,Female,Single,Graduate,81900.0,Private,0.8,Large Indian,Family,0.0,3,2,14500.0,11500.0,11800.0,21300.0,8300.0,No,0.0,675.0,387400.0,158400.0,Home Appliances EMI,171000.0,31,Not_Eligible,5800.0
32.0,Female,Single,Graduate,70700.0,Government,2.3,MNC,Rented,22100.0,1,0,0.0,0.0,8400.0,13800.0,12900.0,No,0.0,696.0,417500.0,173300.0,Vehicle EMI,384000.0,73,Not_Eligible,6750.0
38.0,Male,Married,Post Graduate,189100.0,Government,5.0,Mid-size,Family,0.0,4,3,0.0,6600.0,23200.0,36700.0,19900.0,Yes,50300.0,802.0,990000.0,583000.0,Personal Loan EMI,256000.0,44,Eligible,24208.8
38.0,Male,Married,Graduate,74200.0,Private,2.9,Large Indian,Family,0.0,2,1,2900.0,0.0,8100.0,20200.0,11500.0,Yes,8500.0,730.0,507800.0,105600.0,Home Appliances EMI,102000.0,35,Eligible,8855.0
38.0,Male,Married,Graduate,18000.0,Private,9.2,Large Indian,Own,0.0,3,2,9200.0,14200.0,1600.0,3400.0,3100.0,No,0.0,809.0,39300.0,23200.0,Home Appliances EMI,152000.0,20,Not_Eligible,500.0
32.0,Female,Married,High School,32600.0,Private,2.5,Large Indian,Rented,7100.0,4,3,5700.0,24700.0,1700.0,8900.0,4400.0,No,0.0,735.0,204100.0,118700.0,Vehicle EMI,623000.0,60,Not_Eligible,500.0
27.0,Female,Married,Graduate,34400.0,Private,0.8,MNC,Rented,10200.0,4,3,12500.0,0.0,3000.0,7500.0,5100.0,Yes,8200.0,664.0,53700.0,27700.0,E-commerce Shopping EMI,81000.0,6,Not_Eligible,500.0
48.0,Male,Married,Post Graduate,86700.0,Private,6.7,Large Indian,Family,0.0,4,3,0.0,24700.0,6000.0,21400.0,13500.0,Yes,20000.0,770.0,347600.0,161600.0,Vehicle EMI,1288000.0,24,Not_Eligible,500.0
58.0,Female,Single,Professional,160700.0,Private,2.4,Small,Rented,26700.0,2,1,9000.0,0.0,19300.0,27900.0,19500.0,No,0.0,659.0,1277600.0,456400.0,Vehicle EMI,363000.0,73,Eligible,32065.0
58.0,Male,Married,Graduate,59200.0,Private,36.0,MNC,Own,0.0,2,1,0.0,0.0,7700.0,15900.0,7800.0,No,0.0,727.0,414400.0,133700.0,Personal Loan EMI,871000.0,41,Not_Eligible,15290.0
32.0,Female,Single,High School,36700.0,Private,4.4,Large Indian,Rented,11100.0,3,2,0.0,0.0,3200.0,10000.0,5300.0,No,0.0,712.0,99400.0,29300.0,Vehicle EMI,750000.0,18,Not_Eligible,3550.0
48.0,Male,Married,Post Graduate,87100.0,Private,23.2,Mid-size,Family,10183.0,3,2,0.0,0.0,11800.0,19800.0,5900.0,Yes,18500.0,671.0,687600.0,281000.0,Education EMI,266000.0,46,Eligible,11973.5
48.0,Male,Single,Graduate,87900.0,Self-employed,0.5,MNC,Family,0.0,2,1,13900.0,8800.0,5000.0,25300.0,15100.0,Yes,26200.0,705.0,325900.0,109400.0,Vehicle EMI,277000.0,51,Not_Eligible,500.0
27.0,Male,Single,Graduate,429489.0,Private,0.8,MNC,Rented,5400.0,2,1,0.0,0.0,1100.0,3700.0,2800.0,Yes,4200.0,626.0,91200.0,44900.0,E-commerce Shopping EMI,35000.0,15,Not_Eligible,582.4
32.0,Female,Single,Post Graduate,128800.0,Government,1.2,Large Indian,Family,0.0,1,0,0.0,0.0,11600.0,32300.0,8200.0,No,0.0,788.0,268400.0,160400.0,Home Appliances EMI,206000.0,19,Eligible,46020.0
32.0,Male,Married,High School,52400.0,Government,5.4,Startup,Rented,14900.0,4,3,12500.0,0.0,6700.0,12100.0,8700.0,No,0.0,710.0,275700.0,109100.0,Vehicle EMI,1017000.0,31,Not_Eligible,500.0
32.0,Female,Married,Post Graduate,44600.0,Government,1.2,MNC,Rented,14700.0,3,2,0.0,0.0,4100.0,7300.0,3500.0,No,0.0,745.0,22900.0,11400.0,E-commerce Shopping EMI,79000.0,18,High_Risk,6000.0
32.0,Male,Single,Graduate,39800.0,Self-employed,2.4,Small,Family,0.0,2,1,14500.0,0.0,2100.0,10700.0,5400.0,Yes,9200.0,622.0,60400.0,28300.0,E-commerce Shopping EMI,124000.0,7,Not_Eligible,500.0
32.0,Female,Married,Graduate,54900.0,Private,1.3,MNC,Own,0.0,3,2,0.0,0.0,6200.0,8400.0,9100.0,Yes,7500.0,617.0,239200.0,65600.0,E-commerce Shopping EMI,61000.0,11,High_Risk,6636.0
48.0,Male,Married,Post Graduate,143500.0,Private,26.0,Startup,Family,0.0,2,1,0.0,0.0,7600.0,39800.0,20400.0,Yes,25100.0,679.0,641900.0,251900.0,Vehicle EMI,1063000.0,71,Not_Eligible,17710.0
32.0,Male,Married,Professional,121800.0,Private,1.0,Mid-size,Rented,27700.0,3,2,0.0,0.0,7700.0,33700.0,14600.0,No,0.0,999.0,775000.0,289400.0,Education EMI,345000.0,41,Eligible,20955.0
58.0,Male,Married,Graduate,79700.0,Self-employed,7.2,Mid-size,Own,0.0,3,2,8100.0,0.0,6100.0,21800.0,10800.0,Yes,14400.0,745.0,176000.0,75400.0,Home Appliances EMI,40000.0,21,Eligible,5827.5
48.0,Female,Married,High School,67300.0,Government,1.6,Startup,Own,0.0,3,2,0.0,0.0,8700.0,13000.0,12000.0,Yes,15800.0,690.0,508800.0,173400.0,Home Appliances EMI,223000.0,23,Not_Eligible,6853.0
48.0,Female,Married,Graduate,64200.0,Private,3.2,Large Indian,Own,0.0,2,1,0.0,23200.0,4700.0,9800.0,10300.0,No,0.0,739.0,484500.0,252800.0,Home Appliances EMI,253000.0,35,High_Risk,8910.0
48.0,Male,Married,Post Graduate,37000.0,Private,15.2,Small,Own,0.0,4,3,0.0,0.0,3900.0,10500.0,2500.0,Yes,8500.0,691.0,130400.0,54300.0,E-commerce Shopping EMI,90000.0,14,Not_Eligible,4060.0
27.0,Male,Married,High School,5281.0,Government,3.0,Mid-size,Rented,15700.0,2,1,13100.0,11700.0,7400.0,12800.0,5200.0,No,0.0,696.0,180800.0,93000.0,Education EMI,428000.0,35,Not_Eligible,500.0
32.0,Male,Married,Post Graduate,75800.0,Private,3.0,MNC,Own,0.0,4,3,0.0,7200.0,4700.0,22300.0,9400.0,No,0.0,734.0,172900.0,78100.0,Education EMI,186000.0,25,Eligible,16100.0
38.0,Female,Married,Graduate,57300.0,Private,3.6,Small,Rented,16300.0,3,2,2300.0,0.0,3700.0,11700.0,5100.0,No,0.0,617.0,130300.0,30700.0,Personal Loan EMI,574000.0,60,Not_Eligible,7280.0
32.0,Male,Single,Graduate,47500.0,Private,1.5,Large Indian,Rented,7900.0,3,2,0.0,0.0,6900.0,11000.0,3600.0,Yes,5300.0,587.0,257800.0,99800.0,Home Appliances EMI,36000.0,21,Eligible,3584.0
38.0,Female,Married,Graduate,57800.0,Private,3.8,Large Indian,Family,0.0,3,2,4300.0,0.0,6900.0,10200.0,10400.0,Yes,8000.0,593.0,114700.0,65800.0,Education EMI,94000.0,27,Not_Eligible,4032.0
32.0,Male,Single,Post Graduate,26300.0,Private,3.9,Small,Family,0.0,1,0,0.0,0.0,1400.0,6500.0,2400.0,Yes,5500.0,693.0,144900.0,85800.0,E-commerce Shopping EMI,124000.0,10,Not_Eligible,3675.0
38.0,Male,Married,Graduate,41500.0,Government,1.0,Small,Own,0.0,4,3,0.0,0.0,2400.0,6500.0,2600.0,No,0.0,781.0,314400.0,138500.0,E-commerce Shopping EMI,181000.0,15,Eligible,19800.0
32.0,Female,Married,High School,46100.0,Self-employed,2.4,Mid-size,Own,0.0,3,2,4000.0,0.0,5800.0,9700.0,4400.0,No,0.0,711.0,214500.0,112400.0,Education EMI,425000.0,11,Not_Eligible,9990.0
32.0,Female,Married,Graduate,45000.0,Private,1.3,Small,Family,0.0,2,1,5800.0,0.0,3800.0,11100.0,4200.0,No,0.0,729.0,239100.0,84600.0,Education EMI,259000.0,18,Not_Eligible,10050.0
32.0,Male,Single,Graduate,51100.0,Private,2.4,Mid-size,Rented,15900.0,2,1,8100.0,0.0,3600.0,12700.0,2800.0,No,0.0,694.0,382300.0,194100.0,E-commerce Shopping EMI,123000.0,14,Not_Eligible,4400.0
38.0,Male,Married,Graduate,40500.0,Government,0.5,Large Indian,Rented,7600.0,3,2,6100.0,0.0,4800.0,11100.0,3600.0,No,0.0,814.0,284700.0,166300.0,E-commerce Shopping EMI,64000.0,9,Not_Eligible,4818.0
27.0,Female,Married,Post Graduate,82800.0,Government,3.3,Large Indian,Family,0.0,4,3,9700.0,0.0,6300.0,21200.0,6400.0,No,0.0,767.0,120800.0,27300.0,Vehicle EMI,592000.0,78,Eligible,20697.6
38.0,Male,Married,Graduate,65400.0,Government,8.7,Mid-size,Rented,20800.0,3,2,3400.0,11800.0,7500.0,19400.0,4300.0,No,0.0,710.0,39000.0,11300.0,Education EMI,238000.0,12,Not_Eligible,500.0
32.0,Female,Married,Graduate,120600.0,Self-employed,1.2,Startup,Own,0.0,3,2,0.0,0.0,15500.0,35700.0,19600.0,No,0.0,724.0,740400.0,258300.0,Vehicle EMI,501000.0,34,Eligible,24651.0
32.0,Male,Married,Graduate,31700.0,Self-employed,0.7,Startup,Rented,10100.0,3,2,9100.0,6200.0,2300.0,8900.0,5800.0,No,0.0,649.0,78800.0,37400.0,Home Appliances EMI,80000.0,15,Not_Eligible,500.0
38.0,Male,Married,Post Graduate,97700.0,Private,2.3,Small,Rented,24400.0,2,1,0.0,0.0,7000.0,19000.0,19300.0,No,0.0,607.0,578100.0,188700.0,Vehicle EMI,277000.0,16,Not_Eligible,11200.0
48.0,Female,Married,Post Graduate,23400.0,Private,9.0,Large Indian,Own,0.0,3,2,0.0,0.0,2500.0,3800.0,1700.0,No,0.0,699.0,73300.0,42300.0,Personal Loan EMI,202000.0,45,High_Risk,7700.0
38.0,Female,Married,Graduate,47700.0,Private,1.9,MNC,Rented,12900.0,3,2,0.0,0.0,7100.0,12900.0,3900.0,Yes,9000.0,725.0,365100.0,208100.0,Personal Loan EMI,804000.0,13,Not_Eligible,731.5
27.0,Male,Single,High School,33900.0,Private,4.0,MNC,Own,0.0,2,1,0.0,0.0,4200.0,8300.0,2500.0,No,0.0,758.0,148600.0,69900.0,Home Appliances EMI,171000.0,15,Not_Eligible,11340.0
32.0,Male,Married,Graduate,18000.0,Government,1.2,MNC,Rented,3300.0,4,3,2900.0,0.0,1200.0,3800.0,900.0,Yes,3900.0,,26500.0,13600.0,Education EMI,227000.0,23,Not_Eligible,672.0
32.0,Female,Married,Post Graduate,83600.0,Private,0.5,Large Indian,Family,0.0,3,2,3800.0,19000.0,8200.0,21500.0,6500.0,Yes,11100.0,597.0,285800.0,73100.0,Personal Loan EMI,740000.0,29,Not_Eligible,3024.0
48.0,Male,Married,Post Graduate,50600.0,Private,4.8,Startup,Rented,9800.0,2,1,12800.0,0.0,5100.0,8700.0,6100.0,No,0.0,690.0,27800.0,9700.0,Personal Loan EMI,749000.0,46,Not_Eligible,3240.0
48.0,Female,Married,Graduate,66600.0,Private,25.3,Large Indian,Family,0.0,4,3,5200.0,0.0,7500.0,11600.0,9600.0,No,0.0,714.0,175500.0,87900.0,Vehicle EMI,501000.0,45,High_Risk,16350.0
38.0,Male,Married,Post Graduate,76800.0,Self-employed,5.9,Large Indian,Rented,19500.0,3,2,14600.0,0.0,4200.0,20700.0,3900.0,Yes,12100.0,666.0,597300.0,266200.0,Vehicle EMI,915000.0,32,Not_Eligible,623.7
32.0,Male,Married,Graduate,96900.0,Government,1.3,Large Indian,Own,0.0,3,2,0.0,5100.0,6600.0,22800.0,7100.0,Yes,15700.0,675.0,416400.0,209000.0,E-commerce Shopping EMI,32000.0,5,Eligible,13860.0
48.0,Male,Married,Professional,30000.0,Private,4.3,Large Indian,Family,0.0,5,4,0.0,23700.0,3800.0,8800.0,3300.0,No,0.0,683.0,81300.0,31000.0,Vehicle EMI,849000.0,14,Not_Eligible,500.0
48.0,Female,Married,Post Graduate,53500.0,Private,3.9,MNC,Own,0.0,2,1,13700.0,0.0,3900.0,15900.0,4100.0,No,0.0,638.0,221000.0,77800.0,Vehicle EMI,1307000.0,31,Not_Eligible,6360.0
32.0,Male,Married,Graduate,73200.0,Government,3.7,Mid-size,Rented,23200.0,5,4,0.0,0.0,10600.0,21300.0,8600.0,No,0.0,741.0,227300.0,123500.0,Education EMI,227000.0,19,Not_Eligible,5225.0
32.0,Female,Single,Professional,140900.0,Private,5.5,Startup,Family,0.0,3,2,0.0,0.0,20300.0,42200.0,11900.0,Yes,41300.0,791.0,1121400.0,423100.0,Home Appliances EMI,277000.0,36,Eligible,11642.4
38.0,Female,Single,Professional,69000.0,Private,11.5,Mid-size,Rented,21400.0,2,1,0.0,0.0,5400.0,17400.0,10900.0,No,0.0,762.0,494700.0,162700.0,Home Appliances EMI,274000.0,11,Not_Eligible,9174.0
38.0,Male,Married,Post Graduate,97200.0,Private,3.9,Startup,Rented,23200.0,3,2,0.0,18100.0,7300.0,15800.0,13000.0,No,0.0,713.0,471200.0,281000.0,E-commerce Shopping EMI,105000.0,9,Not_Eligible,9900.0
32.0,Male,Married,Graduate,24900.0,Private,1.4,Large Indian,Own,0.0,2,1,0.0,14800.0,3500.0,4900.0,3500.0,Yes,5900.0,718.0,174700.0,92200.0,Education EMI,430000.0,11,Not_Eligible,500.0
32.0,Male,Married,Graduate,42600.0,Private,0.5,Large Indian,Own,0.0,3,2,8800.0,0.0,2400.0,10400.0,8400.0,Yes,5100.0,592.0,291600.0,151100.0,Personal Loan EMI,943000.0,19,Not_Eligible,1848.0
32.0,Male,Married,Graduate,25200.0,Private,2.5,Mid-size,Family,0.0,4,3,0.0,0.0,2800.0,4100.0,4300.0,No,0.0,642.0,19700.0,,Home Appliances EMI,171000.0,33,Not_Eligible,4480.0
38.0,Female,Married,Post Graduate,31200.0,Private,4.4,Mid-size,Own,0.0,4,3,14600.0,0.0,2400.0,7000.0,4800.0,Yes,4000.0,687.0,195600.0,62400.0,Vehicle EMI,201000.0,55,Not_Eligible,500.0
48.0,Female,Married,Professional,78800.0,Government,3.7,Mid-size,Own,0.0,5,4,13200.0,0.0,5900.0,21100.0,9700.0,Yes,20200.0,829.0,469200.0,148000.0,Home Appliances EMI,53000.0,6,Not_Eligible,4019.4
38.0,Female,Single,Graduate,31000.0,Private,10.0,Startup,Family,0.0,1,0,0.0,0.0,2000.0,7200.0,3900.0,Yes,6600.0,604.0,231800.0,71800.0,Vehicle EMI,1321000.0,13,Not_Eligible,3480.4
38.0,Male,Married,Graduate,28400.0,Private,15.0,MNC,Family,0.0,5,4,14600.0,0.0,2900.0,4800.0,3600.0,No,0.0,743.0,72200.0,20700.0,Education EMI,52000.0,44,Not_Eligible,1250.0
48.0,Male,Married,Graduate,82500.0,Government,21.7,Mid-size,Rented,27000.0,2,1,0.0,0.0,10400.0,12400.0,5400.0,Yes,8900.0,773.0,223400.0,46800.0,Personal Loan EMI,996000.0,41,Not_Eligible,8500.8
32.0,Male,Married,Post Graduate,64400.0,Government,4.2,Large Indian,Own,0.0,4,3,0.0,0.0,5700.0,10400.0,11700.0,No,0.0,652.0,67600.0,29500.0,Home Appliances EMI,152000.0,22,Eligible,16104.0
38.0,Male,Single,Professional,65800.0,Private,2.3,Mid-size,Own,0.0,2,1,6600.0,0.0,4900.0,19200.0,13000.0,Yes,8100.0,737.0,324900.0,192800.0,Home Appliances EMI,237000.0,32,Not_Eligible,4900.0
32.0,Female,Single,High School,46300.0,Private,10.0,Mid-size,Rented,9500.0,2,1,0.0,0.0,5800.0,7900.0,8500.0,Yes,5800.0,594.0,145700.0,81300.0,E-commerce Shopping EMI,137000.0,12,Not_Eligible,2464.0
38.0,Male,Married,Graduate,63200.0,Government,2.3,MNC,Rented,15000.0,5,4,0.0,0.0,6000.0,15700.0,8900.0,No,0.0,713.0,96000.0,54500.0,Personal Loan EMI,332000.0,27,Not_Eligible,7040.0
27.0,Female,Single,Graduate,74900.0,Self-employed,0.7,Mid-size,Rented,18700.0,1,0,0.0,0.0,4400.0,16400.0,4700.0,No,0.0,742.0,91400.0,23700.0,Personal Loan EMI,621000.0,60,Not_Eligible,11052.0
48.0,Female,Married,High School,48500.0,Private,0.5,Small,Rented,15100.0,3,2,5500.0,7100.0,3300.0,10700.0,5800.0,Yes,7300.0,687.0,319700.0,117300.0,Personal Loan EMI,308000.0,34,Not_Eligible,500.0
32.0,Female,Married,Post Graduate,44200.0,Private,10.0,MNC,Rented,8100.0,3,2,5700.0,0.0,5500.0,6800.0,2900.0,No,0.0,765.0,61800.0,13000.0,Home Appliances EMI,99000.0,31,Eligible,7296.0
38.0,Male,Married,High School,44600.0,Private,4.1,MNC,Own,0.0,5,4,8800.0,0.0,3500.0,6800.0,2300.0,Yes,9300.0,603.0,171300.0,76300.0,Vehicle EMI,568000.0,48,Not_Eligible,3892.0
38.0,Male,Married,Professional,107200.0,Private,8.1,MNC,Rented,20000.0,3,2,0.0,19400.0,13300.0,17100.0,7400.0,No,0.0,675.0,534900.0,307200.0,E-commerce Shopping EMI,103000.0,21,Eligible,15000.0
27.0,Male,Single,Professional,28600.0,Private,1.7,Large Indian,Own,0.0,2,1,0.0,0.0,2500.0,7200.0,3700.0,Yes,4800.0,685.0,174100.0,53000.0,E-commerce Shopping EMI,101000.0,22,Not_Eligible,4004.0
32.0,Male,Married,Post Graduate,42800.0,Private,0.5,MNC,Rented,11500.0,2,1,0.0,0.0,5200.0,9900.0,4000.0,Yes,4300.0,653.0,50000.0,16700.0,Home Appliances EMI,51000.0,19,Not_Eligible,1769.6
32.0,Female,Married,Graduate,43100.0,Government,1.3,Large Indian,Own,0.0,2,1,2200.0,0.0,6100.0,9000.0,3600.0,Yes,4800.0,809.0,211000.0,114700.0,Education EMI,105000.0,28,Eligible,7308.0
58.0,Female,Married,Graduate,29100.0,Private,5.1,Large Indian,Own,0.0,2,1,9100.0,0.0,3100.0,7900.0,2500.0,Yes,3900.0,758.0,119600.0,68500.0,Vehicle EMI,207000.0,42,Not_Eligible,1092.0
27.0,Female,Single,Graduate,339546.0,Government,0.5,Startup,Rented,16000.0,3,2,7700.0,0.0,5900.0,12900.0,9400.0,No,0.0,832.0,308200.0,181500.0,Vehicle EMI,439000.0,54,Eligible,18000.0
27.0,Male,Single,Graduate,43200.0,Private,0.5,MNC,Rented,8700.0,3,2,0.0,6100.0,4700.0,12100.0,2900.0,No,0.0,670.0,164400.0,35800.0,Vehicle EMI,257000.0,29,Not_Eligible,3480.0
38.0,Male,Married,Professional,10853.0,Private,1.8,Small,Own,0.0,2,1,6000.0,0.0,3000.0,8900.0,6900.0,No,0.0,744.0,185000.0,90600.0,E-commerce Shopping EMI,136000.0,4,Not_Eligible,6700.0
38.0,Male,Married,High School,60000.0,Self-employed,0.5,Startup,Own,0.0,4,3,0.0,0.0,8200.0,16100.0,9200.0,Yes,14100.0,524.0,144300.0,75400.0,Vehicle EMI,389000.0,53,Not_Eligible,1953.0
27.0,Male,Single,Graduate,104700.0,Government,0.8,MNC,Rented,36500.0,1,0,0.0,0.0,14000.0,28100.0,12800.0,No,0.0,670.0,572500.0,339800.0,Vehicle EMI,343000.0,35,Not_Eligible,6650.0
38.0,Female,Married,Post Graduate,52000.0,Private,8.6,Large Indian,Rented,9900.0,2,1,7100.0,0.0,2900.0,8300.0,4200.0,No,0.0,698.0,62900.0,27700.0,Home Appliances EMI,22000.0,36,Eligible,7840.0
38.0,Male,Married,Post Graduate,96000.0,Government,2.1,Small,Family,0.0,3,2,0.0,0.0,14300.0,27600.0,15200.0,No,0.0,724.0,382900.0,78700.0,E-commerce Shopping EMI,178000.0,11,High_Risk,19450.0
48.0,Male,Married,Post Graduate,40300.0,Private,13.9,Large Indian,Family,0.0,3,2,0.0,22400.0,4800.0,11500.0,5500.0,Yes,4200.0,675.0,34100.0,17400.0,E-commerce Shopping EMI,180000.0,21,Not_Eligible,500.0
48.0,Male,Married,Professional,92800.0,Private,2.3,Small,Own,0.0,5,4,9300.0,0.0,6800.0,15200.0,14500.0,Yes,26100.0,720.0,245000.0,128700.0,Home Appliances EMI,278000.0,31,Not_Eligible,7315.0
38.0,Male,Married,Graduate,361425.0,Private,6.9,Mid-size,Own,0.0,4,3,0.0,0.0,3000.0,6700.0,7200.0,No,0.0,1200.0,80800.0,33400.0,Home Appliances EMI,42000.0,18,Eligible,11520.0
38.0,Female,Married,Graduate,21400.0,Private,0.6,Large Indian,Rented,6300.0,3,2,11500.0,0.0,1600.0,6000.0,3000.0,No,0.0,565.0,143600.0,49700.0,Home Appliances EMI,132000.0,7,Not_Eligible,500.0
48.0,Female,Single,Post Graduate,31400.0,Government,3.0,MNC,Family,0.0,2,1,10500.0,9900.0,2500.0,8300.0,5700.0,Yes,8500.0,714.0,98200.0,50300.0,Home Appliances EMI,91000.0,17,Not_Eligible,500.0
38.0,Male,Married,Graduate,18000.0,Private,9.2,Mid-size,Own,0.0,3,2,0.0,0.0,2300.0,3200.0,2200.0,No,0.0,643.0,126900.0,29100.0,E-commerce Shopping EMI,23000.0,17,Eligible,4532.0
38.0,Male,Married,Graduate,18000.0,Private,3.8,Large Indian,Family,0.0,3,2,0.0,0.0,2700.0,5300.0,3400.0,Yes,4600.0,566.0,10800.0,2500.0,Education EMI,220000.0,10,Not_Eligible,500.0
48.0,Female,Single,Post Graduate,57400.0,Private,0.8,Large Indian,Rented,14600.0,1,0,0.0,0.0,3600.0,17100.0,3400.0,No,0.0,703.0,262700.0,157500.0,E-commerce Shopping EMI,91000.0,24,Eligible,7480.0
38.0,Male,Married,Post Graduate,48400.0,Private,5.2,Mid-size,Rented,11900.0,4,3,0.0,0.0,7000.0,13300.0,7800.0,No,0.0,772.0,238600.0,69000.0,E-commerce Shopping EMI,111000.0,14,Not_Eligible,5040.0
27.0,Female,Single,Professional,87200.0,Government,0.5,Mid-size,Own,0.0,1,0,0.0,0.0,10900.0,13900.0,6800.0,No,0.0,850.0,362700.0,193200.0,Vehicle EMI,876000.0,67,Eligible,33360.0
38.0,Male,Married,High School,56800.0,Private,5.0,Large Indian,Rented,9300.0,2,1,0.0,15600.0,4200.0,14700.0,5400.0,Yes,10800.0,706.0,318900.0,111700.0,Vehicle EMI,1320000.0,34,Not_Eligible,500.0
48.0,Male,Married,High School,52100.0,Private,11.1,Mid-size,Family,0.0,3,2,0.0,0.0,7100.0,13700.0,10400.0,No,0.0,654.0,332800.0,184300.0,E-commerce Shopping EMI,186000.0,21,High_Risk,11495.0
32.0,Female,Married,Graduate,33400.0,Private,7.2,Startup,Own,0.0,3,2,0.0,0.0,2700.0,5700.0,4800.0,No,0.0,680.0,58800.0,31100.0,Home Appliances EMI,123000.0,15,Not_Eligible,8080.0
38.0,Female,Married,Graduate,60100.0,Private,3.3,Startup,Family,0.0,4,3,14900.0,0.0,3400.0,17400.0,9600.0,No,0.0,606.0,35400.0,14700.0,Vehicle EMI,425000.0,36,Not_Eligible,4736.0
27.0,Male,Married,Post Graduate,106000.0,Government,0.5,MNC,Own,0.0,4,3,2400.0,0.0,10000.0,19200.0,20900.0,Yes,25800.0,716.0,78700.0,42500.0,Personal Loan EMI,405000.0,21,Not_Eligible,7756.0
32.0,Male,Single,Professional,42400.0,Private,1.0,Startup,Rented,13400.0,1,0,0.0,0.0,6000.0,7000.0,5800.0,No,0.0,709.0,306800.0,161300.0,Vehicle EMI,222000.0,18,Not_Eligible,5610.0
32.0,Female,Single,High School,32300.0,Private,1.1,MNC,Own,0.0,1,0,0.0,0.0,1700.0,5300.0,2900.0,No,0.0,527.0,220700.0,87500.0,Vehicle EMI,670000.0,74,Not_Eligible,6160.0
58.0,Female,Married,Graduate,452198.0,Private,19.3,Large Indian,Rented,18200.0,3,2,2500.0,0.0,3300.0,8500.0,2800.0,Yes,6900.0,723.0,412100.0,196400.0,Education EMI,100000.0,32,High_Risk,3773.0
38.0,Male,Married,Graduate,21500.0,Private,16.0,MNC,Own,0.0,3,2,0.0,0.0,2700.0,5100.0,4200.0,No,0.0,780.0,136000.0,36900.0,Vehicle EMI,1344000.0,36,Not_Eligible,6270.0
58.0,Female,Married,Graduate,90900.0,Private,5.0,Startup,Family,0.0,4,3,7100.0,0.0,10100.0,18600.0,8600.0,No,0.0,786.0,177200.0,45300.0,Education EMI,262000.0,21,Eligible,22320.0
27.0,Female,Single,Post Graduate,94000.0,Private,0.5,MNC,Family,21000.0,1,0,0.0,0.0,9600.0,18800.0,17700.0,Yes,23200.0,759.0,95200.0,39500.0,Personal Loan EMI,554000.0,25,Not_Eligible,6639.36
48.0,Female,Single,Post Graduate,81700.0,Private,22.5,Large Indian,Rented,14400.0,3,2,7700.0,6700.0,4700.0,20400.0,4300.0,No,0.0,809.0,462100.0,251700.0,Personal Loan EMI,377000.0,43,High_Risk,14100.0
48.0,Female,Married,Professional,66500.0,Private,1.8,Large Indian,Rented,11000.0,4,3,13400.0,14300.0,5800.0,17500.0,9300.0,No,0.0,706.0,206500.0,74800.0,Home Appliances EMI,143000.0,10,Not_Eligible,500.0
48.0,Male,Married,High School,29900.0,Self-employed,7.8,Large Indian,Own,0.0,3,2,6500.0,0.0,3700.0,7900.0,5100.0,Yes,5800.0,606.0,224100.0,103100.0,E-commerce Shopping EMI,155000.0,21,Not_Eligible,500.0
38.0,Male,Married,Professional,22500.0,Private,10.7,Large Indian,Family,0.0,4,3,10400.0,0.0,3200.0,5400.0,2600.0,No,0.0,685.0,71500.0,31700.0,Vehicle EMI,1106000.0,71,Not_Eligible,500.0
58.0,Female,Married,Professional,90300.0,Government,8.4,Large Indian,Rented,15000.0,4,3,0.0,0.0,9200.0,26800.0,13800.0,No,0.0,818.0,313500.0,170700.0,E-commerce Shopping EMI,127000.0,14,Eligible,16830.0
48.0,Male,Married,Professional,57600.0,Self-employed,4.1,MNC,Own,0.0,3,2,2400.0,0.0,4500.0,9200.0,7300.0,Yes,17300.0,660.0,241300.0,93800.0,Personal Loan EMI,906000.0,56,Not_Eligible,5323.5
38.0,Female,Married,Graduate,41200.0,Private,7.4,Large Indian,Family,0.0,3,2,13500.0,0.0,4000.0,10300.0,4800.0,Yes,12000.0,623.0,46000.0,13700.0,Personal Loan EMI,623000.0,53,Not_Eligible,500.0
38.0,Male,Married,Post Graduate,57400.0,Private,1.6,Startup,Rented,16100.0,3,2,2200.0,15100.0,5700.0,10200.0,10500.0,Yes,8300.0,539.0,156100.0,36600.0,E-commerce Shopping EMI,175000.0,14,Not_Eligible,500.0
38.0,Male,Married,Professional,71200.0,Private,16.0,Startup,Rented,19600.0,3,2,0.0,0.0,3900.0,13800.0,12800.0,No,0.0,674.0,517100.0,277500.0,Vehicle EMI,784000.0,19,Not_Eligible,11605.0
32.0,Female,Married,Graduate,22900.0,Private,2.5,Large Indian,Family,0.0,3,2,0.0,0.0,3000.0,3700.0,4500.0,Yes,6500.0,722.0,157900.0,65600.0,Education EMI,416000.0,15,Not_Eligible,2002.0
38.0,Male,Married,High School,44200.0,Private,6.1,Mid-size,Own,0.0,3,2,0.0,0.0,4700.0,12900.0,6900.0,No,0.0,749.0,330300.0,195500.0,Vehicle EMI,1141000.0,28,Not_Eligible,10835.0
38.0,Female,Married,High School,54200.0,Private,1.0,Large Indian,Own,0.0,3,2,14400.0,11800.0,7600.0,13900.0,4900.0,Yes,6300.0,661.0,373200.0,120300.0,E-commerce Shopping EMI,38000.0,15,Not_Eligible,500.0
48.0,Male,Married,Post Graduate,86900.0,Private,6.4,Mid-size,Rented,13700.0,4,3,0.0,0.0,11400.0,19300.0,10300.0,Yes,9400.0,752.0,653300.0,302000.0,E-commerce Shopping EMI,72000.0,23,Eligible,10533.6
27.0,Male,Single,Graduate,86100.0,Private,0.5,Large Indian,Family,0.0,1,0,0.0,0.0,5400.0,14600.0,5500.0,Yes,20700.0,725.0,479200.0,221600.0,Personal Loan EMI,951000.0,37,Not_Eligible,11172.0
32.0,Male,Married,Post Graduate,51000.0,Private,3.6,MNC,Rented,15600.0,3,2,15000.0,11000.0,3400.0,12100.0,3200.0,Yes,11200.0,639.0,76000.0,21300.0,E-commerce Shopping EMI,27000.0,5,Not_Eligible,500.0
48.0,Male,Married,Graduate,59600.0,Private,0.5,Large Indian,Family,0.0,3,2,3700.0,0.0,5300.0,9300.0,9200.0,Yes,11700.0,666.0,274500.0,92100.0,Personal Loan EMI,619000.0,54,Not_Eligible,5712.0
27.0,Male,Single,Post Graduate,40000.0,Private,0.5,Large Indian,Own,0.0,1,0,0.0,0.0,5800.0,11800.0,3300.0,No,0.0,712.0,170900.0,52400.0,Education EMI,264000.0,43,Not_Eligible,7640.0
48.0,Male,Married,Graduate,25800.0,Private,9.1,Startup,Rented,7600.0,3,2,0.0,0.0,3500.0,5600.0,2200.0,No,0.0,760.0,28100.0,13300.0,Personal Loan EMI,263000.0,26,Not_Eligible,3312.0
38.0,Female,Married,Graduate,34900.0,Private,5.2,MNC,Rented,11500.0,3,2,0.0,0.0,3300.0,10400.0,3500.0,No,0.0,754.0,249700.0,144600.0,Home Appliances EMI,51000.0,7,Not_Eligible,4092.0
32.0,Female,Married,High School,24400.0,Private,5.8,Mid-size,Family,0.0,3,2,12000.0,0.0,2400.0,4900.0,3700.0,No,0.0,625.0,46500.0,13800.0,Vehicle EMI,1220000.0,70,Not_Eligible,500.0
27.0,Female,Single,Post Graduate,62500.0,Private,0.6,Large Indian,Rented,13300.0,2,1,5100.0,0.0,7000.0,9900.0,3600.0,Yes,7800.0,618.0,135700.0,51100.0,Vehicle EMI,454000.0,51,Not_Eligible,3539.2
48.0,Male,Married,Graduate,97200.0,Private,2.3,MNC,Family,0.0,3,2,0.0,17100.0,12300.0,22800.0,17800.0,No,0.0,637.0,733700.0,294100.0,Education EMI,117000.0,35,Eligible,11968.0
48.0,Male,Married,Graduate,63500.0,Private,3.0,Startup,Rented,20100.0,3,2,14700.0,24000.0,5800.0,9900.0,4300.0,No,0.0,777.0,174600.0,85300.0,Vehicle EMI,220000.0,26,Not_Eligible,500.0
32.0,Female,Married,Graduate,58800.0,Private,2.0,Startup,Own,0.0,5,4,2200.0,0.0,7000.0,12100.0,6200.0,Yes,10100.0,619.0,341200.0,113500.0,Education EMI,423000.0,35,Not_Eligible,5936.0
48.0,Female,Married,High School,67200.0,Private,17.6,Mid-size,Rented,18500.0,3,2,11200.0,6700.0,3400.0,17800.0,9000.0,Yes,18200.0,695.0,382700.0,88100.0,E-commerce Shopping EMI,55000.0,5,Not_Eligible,500.0
48.0,Male,Married,Professional,66300.0,Private,11.6,Startup,Rented,14200.0,2,1,4800.0,22500.0,8400.0,12100.0,11100.0,Yes,9200.0,706.0,151900.0,79800.0,Personal Loan EMI,795000.0,59,Not_Eligible,500.0
48.0,Male,Married,Post Graduate,49700.0,Self-employed,0.5,Large Indian,Family,0.0,4,3,0.0,9800.0,6400.0,14200.0,6200.0,Yes,13700.0,653.0,165600.0,54900.0,Vehicle EMI,715000.0,33,Not_Eligible,500.0
38.0,Male,Married,Graduate,38200.0,Government,9.3,MNC,Own,0.0,3,2,3300.0,0.0,2000.0,10000.0,5500.0,No,0.0,743.0,34500.0,20300.0,Education EMI,84000.0,7,Not_Eligible,7656.0
38.0,Male,Married,Graduate,30100.0,Private,0.6,Mid-size,Family,0.0,4,3,9100.0,0.0,2800.0,5400.0,4900.0,Yes,3400.0,624.0,121700.0,42800.0,Vehicle EMI,347000.0,64,Not_Eligible,1008.0
32.0,Male,Married,High School,14400.0,Private,3.0,Small,Rented,2500.0,2,1,0.0,16300.0,1500.0,2300.0,2400.0,No,0.0,655.0,70600.0,34400.0,Vehicle EMI,1060000.0,24,Not_Eligible,500.0
58.0,Male,Married,Graduate,67600.0,Private,16.2,MNC,Rented,22300.0,4,3,11600.0,12300.0,9000.0,16800.0,9700.0,Yes,9100.0,706.0,172900.0,40200.0,Vehicle EMI,849000.0,70,Not_Eligible,500.0
58.0,Female,Married,Post Graduate,59300.0,Self-employed,5.8,Large Indian,Family,0.0,3,2,2400.0,0.0,5300.0,15700.0,10400.0,Yes,15200.0,628.0,59700.0,23600.0,Home Appliances EMI,151000.0,21,Not_Eligible,2076.48
48.0,Female,Married,High School,64500.0,Private,4.2,MNC,Rented,11400.0,3,2,0.0,0.0,9100.0,15700.0,12500.0,No,0.0,615.0,122000.0,43100.0,Education EMI,294000.0,23,Not_Eligible,5056.0
48.0,Male,Married,Professional,83700.0,Private,0.9,Large Indian,Family,0.0,3,2,13900.0,0.0,12500.0,24200.0,8400.0,No,0.0,770.0,237100.0,98800.0,Education EMI,301000.0,29,Not_Eligible,11856.0
38.0,Female,Married,Graduate,42100.0,Private,2.1,Mid-size,Rented,7800.0,3,2,0.0,0.0,3000.0,12200.0,8400.0,Yes,10000.0,696.0,95500.0,47000.0,Vehicle EMI,1166000.0,65,Not_Eligible,500.0
32.0,Female,Married,Professional,59900.0,Private,1.0,MNC,Rented,20700.0,3,2,5300.0,0.0,4200.0,11800.0,8700.0,No,0.0,730.0,277100.0,134700.0,Vehicle EMI,498000.0,49,Not_Eligible,4600.0
48.0,Male,Married,Professional,31900.0,Private,3.0,MNC,Rented,8700.0,4,3,14000.0,10700.0,3600.0,5000.0,2800.0,No,0.0,782.0,37800.0,10000.0,Vehicle EMI,740000.0,48,Not_Eligible,500.0
27.0,Female,Single,Post Graduate,69000.0,Private,0.5,Large Indian,Rented,19900.0,1,0,0.0,0.0,5800.0,11700.0,10100.0,No,0.0,741.0,493400.0,281400.0,Education EMI,171000.0,42,Eligible,9460.0
48.0,Male,Married,High School,63000.0,Private,4.0,Large Indian,Rented,15100.0,4,3,2200.0,0.0,9300.0,18800.0,11100.0,No,0.0,717.0,355900.0,149300.0,E-commerce Shopping EMI,192000.0,17,Not_Eligible,3250.0
38.0,Male,Married,Graduate,54100.0,Private,4.7,Large Indian,Own,0.0,4,3,0.0,0.0,2900.0,9800.0,8000.0,Yes,13500.0,611.0,349300.0,169400.0,Education EMI,479000.0,30,Not_Eligible,6129.2
27.0,Female,Married,Post Graduate,29000.0,Private,0.5,Small,Rented,8400.0,3,2,12600.0,23200.0,3700.0,4600.0,3100.0,No,0.0,754.0,137700.0,27600.0,Personal Loan EMI,539000.0,53,Not_Eligible,500.0
27.0,Male,Married,Graduate,41000.0,Government,1.9,Small,Family,0.0,2,1,4400.0,0.0,4500.0,6800.0,6700.0,Yes,5700.0,709.0,323600.0,78300.0,Education EMI,252000.0,14,Not_Eligible,4966.5
48.0,Female,Married,Graduate,51500.0,Self-employed,3.2,Large Indian,Rented,14700.0,2,1,2800.0,0.0,3000.0,13000.0,10200.0,No,0.0,706.0,37300.0,20400.0,Education EMI,196000.0,25,Not_Eligible,2808.0
48.0,Female,Married,Professional,39200.0,Private,9.8,MNC,Family,0.0,3,2,0.0,12300.0,5800.0,11000.0,5600.0,No,0.0,745.0,161400.0,67400.0,Home Appliances EMI,248000.0,22,Not_Eligible,2250.0
38.0,Male,Married,Post Graduate,61400.0,Private,6.7,Large Indian,Family,0.0,3,2,4300.0,0.0,5200.0,11800.0,11800.0,Yes,10700.0,589.0,126800.0,33000.0,Home Appliances EMI,92000.0,14,Not_Eligible,4928.0
32.0,Male,Single,Graduate,65000.0,Government,5.5,MNC,Family,0.0,1,0,0.0,0.0,5500.0,15900.0,6900.0,Yes,18500.0,652.0,447600.0,129900.0,Vehicle EMI,993000.0,65,Not_Eligible,7707.7
32.0,Male,Married,Post Graduate,48300.0,Government,10.0,Small,Rented,9700.0,3,2,0.0,0.0,5600.0,7800.0,9500.0,No,0.0,665.0,125900.0,39200.0,Education EMI,136000.0,25,Eligible,8635.0
32.0,Male,Married,Graduate,32500.0,Private,1.9,Mid-size,Rented,9100.0,3,2,9300.0,0.0,3500.0,6800.0,4900.0,Yes,7400.0,716.0,245500.0,79200.0,Personal Loan EMI,567000.0,40,Not_Eligible,500.0
48.0,Male,Married,High School,23400.0,Government,4.0,MNC,Rented,5000.0,2,1,7500.0,0.0,3100.0,6900.0,3500.0,No,0.0,755.0,134500.0,55200.0,Vehicle EMI,363000.0,26,Not_Eligible,500.0
48.0,Female,Married,Professional,82900.0,Private,1.1,Large Indian,Rented,13700.0,4,3,0.0,0.0,10800.0,14100.0,4500.0,No,0.0,810.0,286800.0,142000.0,Personal Loan EMI,262000.0,13,High_Risk,23880.0
48.0,Male,Single,Professional,80800.0,Government,7.2,MNC,Family,0.0,2,1,4100.0,0.0,6900.0,22700.0,15800.0,No,0.0,732.0,175700.0,35700.0,E-commerce Shopping EMI,160000.0,14,Eligible,17215.0
48.0,Female,Married,Post Graduate,48900.0,Private,13.7,Startup,Rented,15500.0,2,1,11700.0,0.0,4700.0,10800.0,8500.0,Yes,12600.0,614.0,163600.0,67800.0,Home Appliances EMI,148000.0,31,Not_Eligible,500.0
32.0,Male,Married,Professional,127800.0,Private,1.1,Large Indian,Own,0.0,5,4,6700.0,0.0,16600.0,24000.0,18200.0,Yes,23200.0,751.0,260100.0,65000.0,Home Appliances EMI,187000.0,12,Not_Eligible,16422.0
32.0,Female,Married,Professional,139100.0,Private,0.5,Startup,Own,0.0,2,1,0.0,0.0,9300.0,34100.0,18400.0,No,0.0,669.0,1041100.0,298300.0,Home Appliances EMI,114000.0,16,Eligible,34012.0
32.0,Male,Single,Post Graduate,49100.0,Government,5.9,Large Indian,Rented,16200.0,3,2,13200.0,12000.0,2800.0,8100.0,2700.0,No,0.0,707.0,178000.0,56700.0,Home Appliances EMI,284000.0,32,Not_Eligible,500.0
38.0,Male,Married,Post Graduate,29700.0,Private,0.6,Small,Rented,7100.0,3,2,0.0,0.0,1600.0,7500.0,5600.0,Yes,8700.0,557.0,205900.0,57700.0,Personal Loan EMI,578000.0,56,Not_Eligible,500.0
58.0,Male,Married,Post Graduate,42200.0,Government,4.3,MNC,Family,0.0,2,1,13500.0,0.0,5200.0,10200.0,3800.0,Yes,10700.0,720.0,21500.0,12400.0,Personal Loan EMI,408000.0,35,Not_Eligible,500.0
48.0,Female,Married,High School,54200.0,Private,3.6,Large Indian,Own,0.0,2,1,13800.0,0.0,4300.0,13200.0,6600.0,Yes,13400.0,680.0,356000.0,167300.0,Home Appliances EMI,87000.0,29,Not_Eligible,1116.5
38.0,Male,Married,Post Graduate,76300.0,Government,4.1,Mid-size,Rented,20800.0,3,2,11200.0,0.0,4200.0,22500.0,12300.0,No,0.0,771.0,86900.0,20300.0,Home Appliances EMI,268000.0,28,Not_Eligible,2798.4
38.0,Female,Married,Graduate,65200.0,Private,0.5,Mid-size,Own,0.0,2,1,7900.0,0.0,6800.0,13400.0,9000.0,No,0.0,702.0,344600.0,189800.0,Personal Loan EMI,482000.0,18,Not_Eligible,11240.0
48.0,Male,Married,Professional,56400.0,Private,26.0,Startup,Rented,13600.0,3,2,0.0,0.0,5000.0,14400.0,6300.0,No,0.0,724.0,405800.0,157100.0,Home Appliances EMI,163000.0,24,High_Risk,9405.0
48.0,Female,Married,Graduate,39800.0,Private,4.7,Large Indian,Own,0.0,3,2,14800.0,0.0,3400.0,7200.0,2500.0,No,0.0,657.0,25000.0,14900.0,Vehicle EMI,1064000.0,77,Not_Eligible,4760.0
32.0,Male,Married,Graduate,32600.0,Private,2.1,Large Indian,Rented,7600.0,3,2,0.0,15000.0,3000.0,7100.0,3800.0,Yes,5800.0,675.0,181100.0,74900.0,Vehicle EMI,239000.0,36,Not_Eligible,500.0
32.0,Male,Single,Graduate,45300.0,Private,5.6,Startup,Own,0.0,2,1,0.0,0.0,2800.0,7500.0,8100.0,No,0.0,617.0,291500.0,82200.0,E-commerce Shopping EMI,137000.0,19,Eligible,11836.0
38.0,Female,Married,Post Graduate,76800.0,Government,9.4,Mid-size,Rented,24000.0,4,3,0.0,0.0,8800.0,19400.0,4300.0,No,0.0,772.0,472900.0,235100.0,Education EMI,446000.0,26,Not_Eligible,14737.8
38.0,Male,Married,High School,23200.0,Private,0.9,Large Indian,Family,0.0,4,3,9100.0,0.0,2600.0,6100.0,3900.0,No,0.0,708.0,137800.0,46300.0,Education EMI,342000.0,19,Not_Eligible,600.0
38.0,Male,Married,Professional,107300.0,Private,16.0,Small,Rented,27300.0,3,2,13000.0,16900.0,9700.0,27300.0,7800.0,No,0.0,800.0,673800.0,373400.0,Personal Loan EMI,864000.0,32,Not_Eligible,3498.0
27.0,Female,Single,High School,46600.0,Private,0.5,MNC,Family,0.0,2,1,14400.0,0.0,3700.0,8200.0,2700.0,No,0.0,653.0,313300.0,133700.0,Education EMI,110000.0,21,Eligible,7744.0
48.0,Female,Married,Graduate,35200.0,Private,0.7,Startup,Own,0.0,5,4,7700.0,12700.0,2600.0,9200.0,3900.0,Yes,6300.0,,272200.0,96300.0,Vehicle EMI,846000.0,48,Not_Eligible,500.0
48.0,Male,Married,High School,48500.0,Private,3.6,MNC,Rented,9600.0,3,2,6900.0,23500.0,6500.0,12400.0,5300.0,Yes,12900.0,604.0,250300.0,116000.0,E-commerce Shopping EMI,144000.0,10,Not_Eligible,500.0
38.0,Male,Married,High School,22700.0,Self-employed,0.9,Large Indian,Own,0.0,3,2,6500.0,0.0,1700.0,6100.0,4200.0,Yes,6600.0,616.0,150700.0,74900.0,Personal Loan EMI,944000.0,45,Not_Eligible,500.0
27.0,Female,Single,Graduate,40500.0,Private,0.6,MNC,Rented,13500.0,3,2,8300.0,0.0,4700.0,9200.0,3100.0,No,0.0,726.0,246800.0,65000.0,Personal Loan EMI,478000.0,12,Not_Eligible,748.0
58.0,Male,Single,Professional,48000.0,Private,4.5,Large Indian,Own,0.0,2,1,0.0,0.0,3000.0,11900.0,4700.0,No,0.0,689.0,185500.0,86600.0,Home Appliances EMI,121000.0,23,Eligible,14200.0
38.0,Male,Married,High School,33600.0,Private,5.3,Mid-size,Rented,6400.0,2,1,2700.0,22200.0,1800.0,8400.0,5500.0,No,0.0,698.0,144600.0,51800.0,E-commerce Shopping EMI,123000.0,15,Not_Eligible,500.0
27.0,Male,Married,High School,17100.0,Government,0.6,MNC,Family,0.0,5,4,11400.0,18300.0,2500.0,3400.0,1200.0,No,0.0,664.0,78200.0,35500.0,Vehicle EMI,1138000.0,63,Not_Eligible,500.0
32.0,Male,Married,High School,29100.0,Private,0.7,MNC,Rented,6000.0,3,2,13700.0,16300.0,3700.0,5700.0,2800.0,Yes,4100.0,539.0,120600.0,30100.0,Education EMI,184000.0,20,Not_Eligible,500.0
58.0,Male,Married,,32400.0,Private,36.0,Large Indian,Rented,5100.0,3,2,0.0,0.0,3700.0,5400.0,2700.0,Yes,8000.0,654.0,38000.0,13600.0,Vehicle EMI,1016000.0,57,Not_Eligible,2100.0
32.0,Female,Married,Graduate,24200.0,Government,2.4,MNC,Family,0.0,3,2,4400.0,0.0,1900.0,6400.0,3900.0,No,0.0,736.0,132700.0,55500.0,Personal Loan EMI,776000.0,50,Not_Eligible,3800.0
32.0,Male,Married,Graduate,65400.0,Private,5.0,Mid-size,Own,0.0,3,2,0.0,13600.0,5000.0,14900.0,6000.0,No,0.0,729.0,411800.0,195400.0,Personal Loan EMI,377000.0,42,High_Risk,14245.0
38.0,Female,Married,Graduate,32900.0,Private,1.7,Mid-size,Family,0.0,5,4,10700.0,0.0,3000.0,7300.0,5100.0,No,0.0,749.0,53700.0,29100.0,Home Appliances EMI,286000.0,15,Not_Eligible,2720.0
27.0,Male,Married,Graduate,24600.0,Private,1.4,Mid-size,Family,0.0,5,4,10000.0,6400.0,3500.0,4700.0,2500.0,No,0.0,680.0,93500.0,32800.0,Personal Loan EMI,727000.0,25,Not_Eligible,500.0
48.0,Male,Married,Graduate,30000.0,Government,7.3,Large Indian,Family,0.0,3,2,7500.0,0.0,1900.0,8400.0,4000.0,No,0.0,701.0,69500.0,22500.0,Education EMI,136000.0,31,Not_Eligible,4510.0
27.0,Male,Married,Graduate,65000.0,Private,1.8,Mid-size,Family,0.0,2,1,0.0,7900.0,6600.0,10400.0,11000.0,No,0.0,691.0,425000.0,144700.0,Vehicle EMI,665000.0,82,Eligible,16005.0
38.0,Male,Married,Graduate,61400.0,Private,15.3,MNC,Rented,21500.0,4,3,5700.0,0.0,5800.0,10200.0,3300.0,Yes,12700.0,588.0,108300.0,57300.0,E-commerce Shopping EMI,73000.0,6,Not_Eligible,500.0
38.0,Male,Married,Professional,53000.0,Private,15.9,Mid-size,Rented,16300.0,5,4,8800.0,0.0,6400.0,12000.0,6400.0,Yes,11300.0,664.0,226500.0,105700.0,E-commerce Shopping EMI,110000.0,11,Not_Eligible,500.0
32.0,Female,Married,Graduate,25700.0,Private,10.0,Large Indian,Rented,7200.0,4,3,8500.0,0.0,1900.0,4900.0,1500.0,No,0.0,681.0,192600.0,95500.0,Education EMI,386000.0,29,Not_Eligible,935.0
48.0,Female,Married,Graduate,33000.0,Government,10.4,Large Indian,Rented,6200.0,3,2,3000.0,0.0,2700.0,7200.0,4200.0,No,0.0,772.0,102700.0,47700.0,Vehicle EMI,183000.0,56,Eligible,6402.0
58.0,Male,Married,Graduate,23800.0,Self-employed,2.0,Large Indian,Rented,4700.0,4,3,7100.0,0.0,3400.0,6100.0,2200.0,No,0.0,600.0,76800.0,32500.0,Home Appliances EMI,150000.0,6,Not_Eligible,500.0
48.0,Male,Married,Post Graduate,82900.0,Private,1.4,Mid-size,Own,0.0,5,4,0.0,0.0,4700.0,13400.0,12100.0,No,0.0,831.0,452200.0,224200.0,Personal Loan EMI,488000.0,34,Eligible,31620.0
38.0,Male,Married,Post Graduate,49100.0,Private,6.1,Large Indian,Rented,10900.0,3,2,0.0,0.0,3500.0,10200.0,3300.0,No,0.0,757.0,97900.0,38700.0,Personal Loan EMI,371000.0,22,Not_Eligible,10176.0
38.0,Male,Married,Post Graduate,62400.0,Private,2.0,MNC,Own,17654.0,5,4,7200.0,7400.0,4600.0,12900.0,11600.0,Yes,9900.0,667.0,179600.0,43700.0,Vehicle EMI,215000.0,44,Not_Eligible,3080.0
27.0,Female,Married,Post Graduate,108300.0,Private,1.0,Small,Own,0.0,3,2,8900.0,20900.0,13900.0,21900.0,20800.0,No,0.0,720.0,73900.0,32400.0,E-commerce Shopping EMI,113000.0,21,Eligible,8760.0
38.0,Female,Married,Graduate,33800.0,Private,11.9,Startup,Own,0.0,3,2,12700.0,0.0,3600.0,5500.0,4100.0,No,0.0,708.0,24100.0,6100.0,Vehicle EMI,1045000.0,59,Not_Eligible,3160.0
58.0,Male,Married,Post Graduate,66600.0,Government,0.5,Large Indian,Own,0.0,3,2,5900.0,0.0,8100.0,13300.0,9700.0,Yes,17600.0,624.0,516500.0,211200.0,Home Appliances EMI,179000.0,9,Not_Eligible,3696.0
58.0,Male,Married,High School,35100.0,Private,5.4,Mid-size,Family,0.0,2,1,0.0,6300.0,5200.0,6000.0,4800.0,Yes,7800.0,698.0,255200.0,98800.0,Education EMI,334000.0,27,Not_Eligible,1925.0
58.0,Male,Married,Graduate,39800.0,Private,5.8,MNC,Own,0.0,2,1,0.0,0.0,4100.0,8700.0,3900.0,Yes,8700.0,697.0,118400.0,66100.0,Home Appliances EMI,25000.0,9,Eligible,5040.0
38.0,Male,Married,Post Graduate,81100.0,Private,0.5,Mid-size,Own,0.0,4,3,0.0,0.0,4300.0,23400.0,10400.0,Yes,8900.0,676.0,567300.0,123700.0,Vehicle EMI,167000.0,30,Eligible,10502.8
38.0,Female,Married,High School,30900.0,Private,8.4,Mid-size,Family,0.0,2,1,8600.0,16700.0,2900.0,5900.0,1900.0,Yes,7500.0,752.0,126200.0,36000.0,Home Appliances EMI,104000.0,20,Not_Eligible,500.0
48.0,Female,Married,Graduate,28100.0,Private,5.1,Large Indian,Rented,9100.0,2,1,2400.0,10600.0,1800.0,4300.0,3600.0,No,0.0,739.0,142100.0,32600.0,Education EMI,51000.0,11,Not_Eligible,500.0
32.0,Male,Single,High School,62000.0,Government,1.5,Large Indian,Own,0.0,1,0,0.0,0.0,8300.0,12300.0,9500.0,Yes,11100.0,741.0,195400.0,64300.0,Vehicle EMI,529000.0,38,Not_Eligible,7280.0
58.0,Female,Married,Graduate,90400.0,Private,9.2,Large Indian,Family,,3,2,0.0,20600.0,10000.0,23100.0,7900.0,Yes,11100.0,609.0,526800.0,223300.0,E-commerce Shopping EMI,36000.0,24,Eligible,4956.0
58.0,Female,Married,Graduate,62900.0,Government,14.8,Large Indian,Rented,13300.0,3,2,4100.0,0.0,8100.0,16300.0,6900.0,No,0.0,755.0,389800.0,190200.0,Personal Loan EMI,411000.0,37,Not_Eligible,10309.2
38.0,Female,Married,Professional,105200.0,Self-employed,14.6,Startup,Own,0.0,3,2,12400.0,19600.0,6300.0,18200.0,12400.0,No,0.0,789.0,86500.0,48700.0,Personal Loan EMI,661000.0,19,Not_Eligible,15681.6
48.0,Female,Married,Graduate,26500.0,Private,25.9,Mid-size,Own,0.0,3,2,9100.0,0.0,1400.0,5500.0,4100.0,Yes,5400.0,637.0,93400.0,53400.0,Education EMI,254000.0,17,Not_Eligible,500.0
38.0,Male,Married,High School,35000.0,Private,5.7,Large Indian,Rented,9500.0,3,2,5500.0,0.0,4900.0,10100.0,2300.0,No,0.0,736.0,166300.0,36600.0,E-commerce Shopping EMI,26000.0,4,Not_Eligible,1350.0
38.0,Female,Married,Graduate,31600.0,Private,4.1,Mid-size,Family,0.0,3,2,3800.0,13500.0,2600.0,5500.0,5500.0,No,0.0,772.0,113200.0,31800.0,Personal Loan EMI,739000.0,55,Not_Eligible,500.0
27.0,Male,Single,Graduate,42500.0,Private,2.3,MNC,Rented,7200.0,3,2,9700.0,0.0,5500.0,11400.0,3400.0,No,0.0,643.0,280900.0,136600.0,Vehicle EMI,1198000.0,76,Not_Eligible,2332.0
58.0,Female,Married,Professional,32600.0,Self-employed,0.8,Mid-size,Rented,5900.0,3,2,0.0,0.0,3600.0,5500.0,4500.0,Yes,7800.0,601.0,93900.0,43100.0,Personal Loan EMI,793000.0,40,Not_Eligible,1335.6
32.0,Female,Married,Graduate,77500.0,Private,6.7,MNC,Rented,17600.0,3,2,7600.0,20000.0,8000.0,17500.0,11800.0,Yes,12500.0,832.0,153600.0,82400.0,Vehicle EMI,1237000.0,22,Not_Eligible,500.0
38.0,Male,Married,High School,54500.0,Private,2.1,Large Indian,Own,0.0,4,3,7900.0,0.0,4100.0,9700.0,8900.0,No,0.0,646.0,330500.0,135000.0,Education EMI,272000.0,12,Not_Eligible,10516.0
38.0,Female,Married,Post Graduate,67200.0,Private,3.0,Large Indian,Rented,17300.0,3,2,4900.0,0.0,5700.0,10300.0,12400.0,No,0.0,715.0,59800.0,29700.0,E-commerce Shopping EMI,65000.0,11,High_Risk,6640.0
32.0,Male,Single,Graduate,45600.0,Private,9.8,Large Indian,Family,0.0,1,0,0.0,0.0,4800.0,13100.0,4800.0,Yes,11900.0,680.0,200400.0,119600.0,Vehicle EMI,1070000.0,15,Not_Eligible,3850.0
38.0,Male,Married,High School,36000.0,Self-employed,1.4,Mid-size,Family,0.0,3,2,10200.0,0.0,2300.0,7900.0,4500.0,Yes,4900.0,641.0,231300.0,83300.0,Education EMI,299000.0,14,Not_Eligible,1718.64
48.0,Male,Married,Graduate,412561.0,Government,1.4,Small,Rented,14400.0,4,3,0.0,22700.0,8300.0,18100.0,7200.0,Yes,11000.0,762.0,47600.0,16700.0,Home Appliances EMI,158000.0,25,Not_Eligible,500.0
48.0,Male,Married,High School,14400.0,Private,8.6,Large Indian,Rented,3300.0,4,3,0.0,0.0,700.0,3300.0,1700.0,Yes,2600.0,598.0,42700.0,21200.0,Home Appliances EMI,109000.0,22,Not_Eligible,784.0
32.0,Male,Married,Graduate,55400.0,Private,0.9,MNC,Own,0.0,5,4,12900.0,6100.0,7500.0,8500.0,3200.0,No,0.0,650.0,416200.0,146900.0,Education EMI,194000.0,17,Not_Eligible,7568.0
38.0,Male,Married,Graduate,74700.0,Private,7.3,Mid-size,Family,0.0,3,2,4400.0,0.0,10200.0,11500.0,13200.0,No,0.0,683.0,303400.0,160900.0,Home Appliances EMI,188000.0,29,Eligible,17700.0
32.0,Female,Married,Professional,109800.0,Private,0.5,Small,Own,18288.0,2,1,0.0,0.0,9300.0,27800.0,10000.0,Yes,19400.0,638.0,169700.0,74400.0,E-commerce Shopping EMI,22000.0,8,Eligible,7759.36
48.0,Male,Married,High School,42800.0,Government,7.2,Large Indian,Own,0.0,3,2,3800.0,0.0,5200.0,11800.0,7800.0,No,0.0,754.0,289500.0,157400.0,Home Appliances EMI,297000.0,22,Not_Eligible,10309.2
58.0,Male,Married,Graduate,53900.0,Private,2.2,MNC,Family,0.0,4,3,0.0,0.0,6200.0,12000.0,3000.0,No,0.0,764.0,312600.0,,Vehicle EMI,672000.0,39,Not_Eligible,19620.0
27.0,Male,Single,Graduate,57800.0,Private,0.5,Startup,Own,0.0,2,1,13700.0,0.0,6600.0,8700.0,5400.0,No,0.0,749.0,193300.0,78100.0,Education EMI,226000.0,31,High_Risk,9360.0
32.0,Male,Married,Professional,27000.0,Government,8.1,Startup,Rented,9300.0,2,1,0.0,0.0,1400.0,5500.0,5000.0,No,0.0,772.0,140000.0,36900.0,Home Appliances EMI,27000.0,9,High_Risk,3828.0
48.0,Male,Married,Professional,79600.0,Private,3.6,Mid-size,Family,0.0,5,4,8200.0,10600.0,10100.0,22000.0,7100.0,No,0.0,838.0,127400.0,26700.0,Personal Loan EMI,641000.0,32,Not_Eligible,10368.0
32.0,Male,Married,High School,36300.0,Private,1.3,MNC,Own,0.0,4,3,6000.0,11700.0,3400.0,6300.0,2400.0,No,0.0,698.0,201600.0,77800.0,E-commerce Shopping EMI,27000.0,20,Eligible,3250.0
27.0,Male,Married,Professional,67400.0,Private,1.8,Mid-size,Rented,22400.0,3,2,5700.0,0.0,9700.0,13700.0,12900.0,No,0.0,665.0,395800.0,111800.0,Education EMI,460000.0,40,Not_Eligible,1500.0
48.0,Female,Married,Post Graduate,26800.0,Private,6.3,Mid-size,Family,0.0,3,2,12200.0,15000.0,1900.0,5800.0,3900.0,No,0.0,742.0,130200.0,27600.0,Vehicle EMI,1209000.0,13,Not_Eligible,500.0
58.0,Male,Single,Post Graduate,28700.0,Government,2.2,Large Indian,Own,0.0,1,0,0.0,0.0,1800.0,6300.0,3100.0,No,0.0,686.0,82600.0,40800.0,Education EMI,342000.0,11,Not_Eligible,8750.0
38.0,Female,Married,Graduate,18500.0,Private,1.7,Mid-size,Family,0.0,3,2,8600.0,0.0,2300.0,3800.0,2100.0,No,0.0,706.0,33900.0,13000.0,E-commerce Shopping EMI,155000.0,21,Not_Eligible,680.0
58.0,Male,Single,High School,44200.0,Government,4.0,Large Indian,Rented,13500.0,1,0,0.0,0.0,2600.0,11500.0,6100.0,No,0.0,675.0,137900.0,48400.0,Home Appliances EMI,41000.0,31,Eligible,5775.0
58.0,Female,Married,Professional,141200.0,Private,2.0,Startup,Own,0.0,5,4,14500.0,0.0,8100.0,24400.0,24600.0,Yes,18400.0,636.0,1072600.0,520200.0,E-commerce Shopping EMI,13000.0,16,Eligible,15769.6
32.0,Female,Married,Graduate,61100.0,Private,4.8,MNC,Rented,9400.0,2,1,0.0,0.0,3400.0,16200.0,7200.0,No,0.0,783.0,470400.0,207000.0,Education EMI,302000.0,31,Eligible,16434.0
38.0,Female,Married,Graduate,38700.0,Government,12.1,MNC,Family,0.0,2,1,0.0,0.0,4500.0,10800.0,2100.0,Yes,11100.0,700.0,46200.0,27300.0,Home Appliances EMI,250000.0,19,Not_Eligible,3141.6
32.0,Female,Single,Post Graduate,78700.0,Government,6.5,Startup,Rented,21100.0,2,1,10700.0,0.0,8600.0,22100.0,8600.0,Yes,12700.0,838.0,205100.0,57600.0,Education EMI,205000.0,28,Not_Eligible,500.0
48.0,Male,Married,Professional,27000.0,Self-employed,25.5,Mid-size,Rented,7100.0,2,1,12800.0,0.0,1600.0,5100.0,2200.0,No,0.0,703.0,23200.0,7200.0,Home Appliances EMI,121000.0,35,Not_Eligible,500.0
58.0,Male,Married,Post Graduate,41300.0,Private,0.5,MNC,Family,0.0,4,3,13100.0,0.0,5900.0,6800.0,5800.0,No,0.0,663.0,227300.0,57100.0,Education EMI,364000.0,13,Not_Eligible,3880.0
27.0,Male,Single,High School,58500.0,Government,1.3,Mid-size,Own,0.0,3,2,14500.0,0.0,7200.0,8800.0,11400.0,No,0.0,783.0,48600.0,17200.0,Personal Loan EMI,55000.0,51,Eligible,7968.0
38.0,Female,Married,Graduate,52000.0,Government,1.3,Mid-size,Rented,9000.0,3,2,13300.0,7100.0,5400.0,11900.0,4500.0,No,0.0,745.0,268400.0,132200.0,Education EMI,335000.0,8,Not_Eligible,500.0
58.0,Male,Married,Graduate,33300.0,Private,17.0,Startup,Family,0.0,3,2,0.0,24500.0,4000.0,7600.0,2300.0,Yes,6800.0,647.0,248500.0,93200.0,Home Appliances EMI,56000.0,31,Not_Eligible,500.0
38.0,Male,Married,Post Graduate,101700.0,Self-employed,16.0,Mid-size,Rented,21500.0,5,4,7300.0,0.0,13200.0,26600.0,6100.0,Yes,18400.0,722.0,186400.0,91900.0,Vehicle EMI,425000.0,43,Not_Eligible,2167.2
27.0,Male,Single,Graduate,64200.0,Private,2.3,Large Indian,Own,0.0,3,2,9800.0,0.0,6600.0,13600.0,11700.0,Yes,7700.0,649.0,279400.0,80700.0,Education EMI,378000.0,6,Not_Eligible,4144.0
38.0,Male,Married,Graduate,37700.0,Government,5.0,Mid-size,Rented,13000.0,3,2,3000.0,10800.0,3800.0,9700.0,3800.0,No,0.0,673.0,226100.0,76400.0,Vehicle EMI,244000.0,50,Not_Eligible,500.0
32.0,Male,Married,Post Graduate,35700.0,Private,2.5,Mid-size,Rented,6900.0,3,2,11800.0,0.0,3900.0,5800.0,3000.0,Yes,5100.0,622.0,190600.0,84400.0,Home Appliances EMI,272000.0,33,Not_Eligible,500.0
32.0,Male,Single,Graduate,23700.0,Government,0.5,Large Indian,Family,0.0,1,0,0.0,0.0,3000.0,5800.0,2600.0,No,0.0,777.0,101100.0,54600.0,Education EMI,94000.0,28,Eligible,7380.0
48.0,Male,Married,Graduate,49400.0,Government,0.7,Startup,Rented,8200.0,4,3,0.0,0.0,6500.0,9300.0,3700.0,No,0.0,693.0,392300.0,146900.0,Home Appliances EMI,280000.0,21,Not_Eligible,11935.0
38.0,Male,Married,Post Graduate,41000.0,Private,0.5,Small,Rented,7100.0,3,2,0.0,0.0,6100.0,8200.0,2300.0,No,0.0,705.0,302800.0,103300.0,E-commerce Shopping EMI,135000.0,11,Not_Eligible,7612.0
32.0,Female,Married,Graduate,45800.0,Government,3.1,Large Indian,Rented,10100.0,4,3,0.0,0.0,2900.0,10300.0,6800.0,No,0.0,770.0,209000.0,48300.0,Education EMI,329000.0,48,High_Risk,10362.0
32.0,Male,Single,Graduate,79600.0,Private,1.0,Large Indian,Own,0.0,3,2,9800.0,14000.0,4500.0,18800.0,8500.0,No,0.0,729.0,506800.0,226400.0,Education EMI,90000.0,21,Eligible,13200.0
38.0,Female,Single,Post Graduate,139400.0,Private,3.3,MNC,Rented,37600.0,1,0,0.0,0.0,11400.0,36300.0,27200.0,No,0.0,653.0,260100.0,78800.0,Vehicle EMI,687000.0,78,Not_Eligible,10760.0
38.0,Female,Married,Post Graduate,35200.0,Private,2.2,Large Indian,Own,0.0,2,1,0.0,0.0,2900.0,9900.0,3000.0,No,0.0,783.0,56600.0,27200.0,Home Appliances EMI,196000.0,29,High_Risk,9312.0
32.0,Male,Married,Graduate,68700.0,Private,0.5,MNC,Own,0.0,4,3,9100.0,19200.0,9400.0,19200.0,13300.0,No,0.0,638.0,526400.0,126300.0,Vehicle EMI,652000.0,66,Not_Eligible,500.0
38.0,Female,Married,High School,55800.0,Private,1.0,MNC,Family,0.0,3,2,4700.0,0.0,2900.0,11100.0,7600.0,No,0.0,695.0,319500.0,140200.0,Education EMI,427000.0,47,High_Risk,14750.0
27.0,Male,Single,Post Graduate,35300.0,Private,1.6,Startup,Own,0.0,1,0,0.0,0.0,1900.0,9800.0,3300.0,Yes,9400.0,464.0,233700.0,107900.0,Education EMI,337000.0,34,Not_Eligible,2098.25
48.0,Male,Married,Professional,44400.0,Government,26.0,Startup,Rented,14800.0,3,2,3600.0,0.0,2500.0,9800.0,3000.0,No,0.0,782.0,161700.0,72100.0,Education EMI,215000.0,40,High_Risk,7062.0
27.0,Female,Single,Post Graduate,64600.0,Private,0.8,Large Indian,Family,0.0,2,1,13000.0,0.0,5700.0,10800.0,6000.0,Yes,10900.0,742.0,114900.0,54600.0,Vehicle EMI,115000.0,34,High_Risk,4076.8
38.0,Male,Single,Post Graduate,123800.0,Private,4.9,Large Indian,Rented,34700.0,3,2,14600.0,7000.0,9400.0,24300.0,19100.0,No,0.0,684.0,659200.0,161200.0,Education EMI,498000.0,20,Not_Eligible,7350.0
38.0,Female,Married,Graduate,25600.0,Government,2.3,Small,Rented,7500.0,2,1,0.0,0.0,2000.0,5100.0,3800.0,No,0.0,717.0,53800.0,13700.0,Home Appliances EMI,221000.0,10,Not_Eligible,3600.0
38.0,Male,Single,Graduate,30600.0,Private,0.9,MNC,Own,0.0,2,1,0.0,0.0,2400.0,4800.0,4700.0,No,0.0,782.0,144100.0,56900.0,Home Appliances EMI,190000.0,28,High_Risk,8976.0
27.0,Female,Married,,75100.0,Private,1.3,Mid-size,Own,0.0,3,2,0.0,0.0,8600.0,11300.0,10300.0,No,0.0,605.0,429500.0,201100.0,Personal Loan EMI,934000.0,49,Not_Eligible,17960.0
48.0,Male,Married,Graduate,28300.0,Private,4.2,Small,Own,0.0,4,3,9400.0,0.0,4000.0,6000.0,5200.0,Yes,7700.0,657.0,21500.0,10900.0,Vehicle EMI,1040000.0,84,Not_Eligible,500.0
32.0,Male,Married,Post Graduate,95500.0,Self-employed,2.3,Mid-size,Family,0.0,3,2,0.0,0.0,5900.0,19500.0,11800.0,No,0.0,714.0,325800.0,135000.0,Home Appliances EMI,26000.0,20,Eligible,26235.0
38.0,Female,Married,Graduate,34700.0,Private,1.4,Startup,Family,0.0,2,1,0.0,9900.0,3800.0,6800.0,3000.0,Yes,9700.0,562.0,63300.0,16600.0,E-commerce Shopping EMI,52000.0,15,Not_Eligible,500.0
48.0,Male,Married,Graduate,41000.0,Private,12.2,Large Indian,Own,0.0,3,2,10900.0,0.0,4200.0,11600.0,7300.0,Yes,9600.0,640.0,204200.0,110200.0,E-commerce Shopping EMI,168000.0,22,Not_Eligible,500.0
38.0,Female,Married,Graduate,18000.0,Government,0.9,Mid-size,Rented,3300.0,2,1,14700.0,14600.0,1800.0,4000.0,2300.0,No,0.0,727.0,87800.0,38600.0,E-commerce Shopping EMI,107000.0,20,Not_Eligible,500.0
32.0,Male,Single,Professional,103100.0,Self-employed,0.7,MNC,Own,0.0,2,1,10300.0,0.0,11700.0,26200.0,16200.0,Yes,11000.0,643.0,224300.0,79500.0,Home Appliances EMI,134000.0,6,Not_Eligible,6980.4
27.0,Male,Single,High School,51300.0,Private,0.5,Mid-size,Family,0.0,2,1,0.0,0.0,4400.0,14800.0,9500.0,Yes,9400.0,598.0,223100.0,45800.0,Personal Loan EMI,176000.0,35,Not_Eligible,2956.8
27.0,Male,Single,Post Graduate,71500.0,Private,0.5,Large Indian,Family,0.0,1,0,0.0,0.0,5300.0,14800.0,9200.0,Yes,13400.0,743.0,382700.0,216800.0,Vehicle EMI,578000.0,15,Not_Eligible,8064.0
32.0,Male,Married,Post Graduate,23400.0,Government,1.4,Large Indian,Rented,7700.0,2,1,14100.0,21700.0,1700.0,4700.0,3500.0,No,0.0,1200.0,111200.0,38600.0,Vehicle EMI,423000.0,49,Not_Eligible,500.0
32.0,Male,Single,Post Graduate,51500.0,Government,7.2,Mid-size,Own,0.0,2,1,0.0,0.0,2700.0,12200.0,5100.0,No,0.0,787.0,245800.0,139800.0,Home Appliances EMI,99000.0,10,Eligible,20790.0
48.0,Female,Married,Post Graduate,84900.0,Self-employed,15.9,MNC,Own,0.0,4,3,0.0,0.0,8600.0,18300.0,11800.0,No,0.0,731.0,508900.0,114000.0,E-commerce Shopping EMI,119000.0,16,Eligible,20790.0
32.0,Male,Married,Post Graduate,88400.0,Private,0.8,MNC,Rented,25400.0,2,1,0.0,0.0,6100.0,21600.0,10500.0,No,0.0,737.0,58400.0,14100.0,Home Appliances EMI,226000.0,30,Not_Eligible,7936.0
58.0,Male,Married,High School,21200.0,Private,0.5,MNC,Rented,7100.0,2,1,9700.0,0.0,2900.0,5500.0,4000.0,Yes,2800.0,682.0,164400.0,82700.0,Personal Loan EMI,92000.0,38,Not_Eligible,500.0
38.0,Male,Married,Graduate,50000.0,Government,15.1,Large Indian,Own,0.0,4,3,3300.0,8700.0,2700.0,11100.0,3300.0,Yes,7000.0,711.0,42400.0,11900.0,E-commerce Shopping EMI,152000.0,6,Not_Eligible,4281.2
27.0,Female,Single,Graduate,40600.0,Private,1.5,MNC,Family,0.0,2,1,0.0,0.0,3900.0,11900.0,3300.0,Yes,9600.0,739.0,285300.0,80800.0,Personal Loan EMI,472000.0,44,Not_Eligible,4581.5
38.0,Male,Married,Graduate,41700.0,Private,1.1,Mid-size,Own,0.0,3,2,8900.0,0.0,3900.0,8600.0,6200.0,No,0.0,701.0,267700.0,119400.0,Home Appliances EMI,165000.0,10,Not_Eligible,7755.0
38.0,Male,Married,Graduate,40300.0,Government,6.4,MNC,Own,0.0,4,3,4700.0,0.0,3500.0,10000.0,6400.0,No,0.0,762.0,208800.0,88900.0,Home Appliances EMI,67000.0,17,Eligible,10362.0
38.0,Female,Married,Post Graduate,63400.0,Private,14.1,Mid-size,Own,0.0,3,2,11600.0,0.0,6000.0,11200.0,4300.0,Yes,17900.0,664.0,451600.0,148900.0,Home Appliances EMI,137000.0,18,Not_Eligible,4774.0
32.0,Male,Married,Professional,56800.0,Private,4.7,MNC,Own,0.0,2,1,7000.0,18200.0,5900.0,16700.0,11300.0,Yes,11600.0,655.0,349200.0,76800.0,E-commerce Shopping EMI,139000.0,22,Not_Eligible,500.0
38.0,Male,Single,Post Graduate,123900.0,Private,2.4,Large Indian,Own,0.0,2,1,13100.0,0.0,17000.0,23600.0,13300.0,Yes,21000.0,618.0,190200.0,43600.0,E-commerce Shopping EMI,191000.0,24,Not_Eligible,8041.6
48.0,Female,Married,Post Graduate,86900.0,Government,26.0,MNC,Own,0.0,3,2,0.0,0.0,11100.0,23500.0,16000.0,Yes,19700.0,677.0,186600.0,47200.0,Home Appliances EMI,292000.0,17,Not_Eligible,6391.0
32.0,Female,Married,Graduate,61600.0,Private,6.7,Mid-size,Own,0.0,3,2,10300.0,0.0,3900.0,13200.0,4900.0,No,0.0,696.0,166300.0,59500.0,Education EMI,306000.0,36,Eligible,14650.0
38.0,Male,Married,Graduate,57200.0,Government,2.1,Mid-size,Own,0.0,4,3,0.0,0.0,7900.0,8800.0,6200.0,No,0.0,665.0,130900.0,67100.0,Personal Loan EMI,916000.0,40,Not_Eligible,17150.0
47.0,Female,Married,Graduate,47701.0,Private,1.7,Large Indian,Rented,13500.0,4,3,0.0,23200.0,2500.0,11300.0,4100.0,No,0.0,736.0,49200.0,10500.0,Vehicle EMI,938000.0,54,Not_Eligible,500.0
27.0,Female,Married,Graduate,74300.0,Private,1.4,Large Indian,Rented,22700.0,5,4,5000.0,0.0,10200.0,19800.0,7200.0,No,0.0,741.0,518200.0,184400.0,Education EMI,66000.0,23,Eligible,5170.0
38.0,Female,Single,Graduate,57100.0,Private,0.5,Large Indian,Rented,9100.0,1,0,0.0,0.0,6300.0,12400.0,10100.0,Yes,12600.0,690.0,308000.0,177300.0,Vehicle EMI,1448000.0,49,Not_Eligible,1848.0
58.0,Male,Married,Professional,110300.0,Private,11.0,Startup,Family,0.0,4,3,3900.0,0.0,6400.0,16700.0,12000.0,Yes,30400.0,791.0,489700.0,231400.0,Vehicle EMI,934000.0,49,Not_Eligible,17178.0
27.0,Male,Single,Professional,27400.0,Government,0.5,MNC,Family,0.0,2,1,0.0,0.0,1500.0,6000.0,5000.0,Yes,5500.0,698.0,177300.0,103800.0,Home Appliances EMI,205000.0,10,Not_Eligible,3619.0
38.0,Male,Married,Post Graduate,52400.0,Private,8.8,MNC,Family,0.0,4,3,8600.0,0.0,2600.0,8000.0,10400.0,No,0.0,744.0,378300.0,133200.0,E-commerce Shopping EMI,97000.0,23,Eligible,12540.0
32.0,Male,Single,Post Graduate,55700.0,Private,1.0,Startup,Family,0.0,2,1,0.0,0.0,3700.0,11000.0,7000.0,No,0.0,691.0,69800.0,20700.0,Home Appliances EMI,114000.0,21,Eligible,13600.0
27.0,Male,Single,Graduate,49600.0,Private,1.6,Mid-size,Own,0.0,2,1,0.0,0.0,6400.0,11300.0,4800.0,No,0.0,750.0,161800.0,68600.0,Personal Loan EMI,917000.0,35,Not_Eligible,16260.0
32.0,Male,Married,Professional,133500.0,Private,9.2,Large Indian,Own,0.0,4,3,0.0,21600.0,18000.0,26400.0,10200.0,Yes,26100.0,709.0,1033800.0,442200.0,E-commerce Shopping EMI,170000.0,6,Not_Eligible,12012.0
38.0,Male,Married,Graduate,19600.0,Private,4.5,Mid-size,Own,0.0,3,2,0.0,13800.0,1100.0,3400.0,3700.0,Yes,4200.0,645.0,80000.0,41900.0,Home Appliances EMI,89000.0,35,Not_Eligible,500.0
32.0,Male,Single,Graduate,29200.0,Private,3.1,Large Indian,Own,0.0,2,1,7300.0,0.0,1800.0,4700.0,3500.0,Yes,5100.0,674.0,212800.0,65900.0,E-commerce Shopping EMI,146000.0,17,Not_Eligible,2618.0
32.0,Female,Married,Professional,50600.0,Private,0.5,MNC,Rented,10900.0,3,2,0.0,0.0,6400.0,10700.0,6300.0,No,0.0,710.0,175800.0,103900.0,E-commerce Shopping EMI,58000.0,4,Not_Eligible,6520.0
48.0,Male,Single,Graduate,61300.0,Government,12.0,MNC,Family,0.0,3,2,14600.0,0.0,7500.0,14700.0,10200.0,No,0.0,782.0,449400.0,94100.0,Vehicle EMI,374000.0,44,High_Risk,10381.8
38.0,Male,Married,Post Graduate,69800.0,Government,4.3,Small,Rented,17000.0,2,1,0.0,0.0,6200.0,11200.0,7700.0,No,0.0,688.0,124700.0,68500.0,E-commerce Shopping EMI,131000.0,8,Not_Eligible,12188.0
38.0,Male,Married,Professional,79000.0,Private,11.0,Mid-size,Rented,25500.0,5,4,13400.0,12900.0,7700.0,20800.0,7800.0,Yes,20300.0,670.0,455800.0,237900.0,Vehicle EMI,107000.0,55,Not_Eligible,500.0
58.0,Male,Married,Graduate,21700.0,Private,3.7,Large Indian,Rented,4900.0,4,3,0.0,0.0,1600.0,4300.0,1400.0,No,0.0,759.0,138900.0,45200.0,Vehicle EMI,1396000.0,59,Not_Eligible,6270.0
48.0,Male,Married,Post Graduate,40400.0,Private,1.4,Startup,Rented,7700.0,5,4,6400.0,13100.0,5100.0,7300.0,4700.0,Yes,7700.0,725.0,169700.0,46000.0,E-commerce Shopping EMI,14000.0,19,Not_Eligible,500.0
32.0,Male,Married,High School,29100.0,Private,10.0,Mid-size,Family,0.0,5,4,4600.0,11900.0,3600.0,8000.0,4200.0,Yes,6400.0,1200.0,37000.0,17900.0,Home Appliances EMI,57000.0,10,Not_Eligible,500.0
27.0,Male,Single,High School,41000.0,Private,5.0,Mid-size,Family,0.0,2,1,10400.0,0.0,3200.0,8900.0,3800.0,No,0.0,589.0,214500.0,50600.0,Personal Loan EMI,280000.0,26,Not_Eligible,5880.0
38.0,Male,Married,Graduate,80800.0,Private,1.3,Large Indian,Own,0.0,4,3,8300.0,0.0,6500.0,17900.0,9200.0,No,0.0,735.0,204600.0,75600.0,E-commerce Shopping EMI,11000.0,8,Eligible,19450.0
32.0,Male,Married,Graduate,43200.0,Private,7.9,Mid-size,Own,0.0,3,2,2700.0,0.0,5300.0,11700.0,3100.0,Yes,6100.0,850.0,104900.0,61400.0,Education EMI,287000.0,29,Not_Eligible,6006.0
32.0,Male,Single,High School,31700.0,Private,7.7,MNC,Family,0.0,1,0,0.0,0.0,1900.0,7000.0,3000.0,No,0.0,800.0,184000.0,50100.0,Vehicle EMI,1317000.0,63,Not_Eligible,11880.0
38.0,Male,Married,Post Graduate,68000.0,Government,16.0,MNC,Rented,13800.0,2,1,10400.0,7200.0,7500.0,12000.0,11800.0,No,0.0,740.0,339400.0,136900.0,Home Appliances EMI,119000.0,22,Not_Eligible,2915.0
38.0,Male,Married,Post Graduate,68900.0,Private,7.6,Large Indian,Rented,12700.0,4,3,8900.0,0.0,8400.0,14000.0,8600.0,No,0.0,789.0,150000.0,70800.0,Home Appliances EMI,256000.0,19,Not_Eligible,9780.0
38.0,Female,Married,Post Graduate,49600.0,Private,0.5,MNC,Family,0.0,2,1,8800.0,0.0,3300.0,9900.0,9100.0,No,0.0,717.0,388400.0,193700.0,Personal Loan EMI,612000.0,12,Not_Eligible,8140.0
38.0,Male,Single,Professional,102800.0,Self-employed,16.0,MNC,Family,0.0,2,1,2000.0,12400.0,9100.0,23800.0,11600.0,No,0.0,807.0,772800.0,406300.0,Education EMI,247000.0,25,Eligible,26076.6
32.0,Male,Married,Post Graduate,96700.0,Private,2.1,Startup,Own,0.0,3,2,0.0,12900.0,10000.0,16200.0,5800.0,Yes,17000.0,662.0,523900.0,201800.0,Vehicle EMI,424000.0,53,High_Risk,12180.0
32.0,Male,Married,Post Graduate,48700.0,Private,2.3,Mid-size,Own,0.0,4,3,10900.0,0.0,3000.0,14100.0,5500.0,Yes,6500.0,699.0,263400.0,140900.0,Vehicle EMI,539000.0,16,Not_Eligible,3045.0
27.0,Male,Single,Post Graduate,36800.0,Private,0.5,Large Indian,Family,0.0,1,0,0.0,0.0,4300.0,5900.0,4300.0,Yes,6200.0,761.0,37600.0,8300.0,Home Appliances EMI,131000.0,22,Not_Eligible,4327.68
38.0,Male,Married,Post Graduate,69400.0,Government,0.5,Startup,Own,0.0,4,3,4200.0,19000.0,9800.0,17700.0,9800.0,Yes,12000.0,691.0,525400.0,219800.0,E-commerce Shopping EMI,60000.0,6,Not_Eligible,500.0
58.0,Female,Married,Post Graduate,57793.0,Private,3.7,MNC,Rented,9200.0,4,3,4200.0,0.0,3200.0,10800.0,9200.0,Yes,16000.0,704.0,354800.0,131100.0,Vehicle EMI,216000.0,63,Not_Eligible,2464.0
58.0,Female,Married,Professional,101500.0,Private,0.5,MNC,Rented,26000.0,4,3,0.0,16100.0,11500.0,15400.0,6900.0,Yes,20000.0,668.0,256000.0,149600.0,Vehicle EMI,1327000.0,78,Not_Eligible,1568.0
38.0,Female,Married,Graduate,48800.0,Self-employed,1.0,Mid-size,Rented,17100.0,2,1,0.0,5200.0,3200.0,7900.0,3800.0,Yes,10000.0,691.0,205200.0,90700.0,Personal Loan EMI,651000.0,43,Not_Eligible,504.0
38.0,Male,Married,Post Graduate,95300.0,Private,8.3,Mid-size,Rented,21700.0,2,1,14100.0,6900.0,10400.0,22300.0,9600.0,Yes,11700.0,776.0,659900.0,383100.0,Home Appliances EMI,162000.0,24,Not_Eligible,500.0
38.0,Female,Married,Graduate,51900.0,Government,16.0,MNC,Family,0.0,4,3,0.0,0.0,7700.0,11100.0,9200.0,No,0.0,782.0,321700.0,165200.0,Education EMI,259000.0,13,Not_Eligible,17351.4
38.0,Female,Married,Post Graduate,56400.0,Private,2.8,MNC,Own,0.0,3,2,0.0,0.0,4800.0,16800.0,6300.0,No,0.0,762.0,400000.0,236900.0,Education EMI,218000.0,45,Eligible,18810.0
58.0,Female,Married,High School,30900.0,Private,2.5,Mid-size,Rented,9400.0,3,2,5200.0,0.0,3800.0,7200.0,3400.0,No,0.0,640.0,231100.0,77800.0,Personal Loan EMI,947000.0,25,Not_Eligible,836.0
32.0,Male,Single,Graduate,76800.0,Government,0.5,Large Indian,Own,0.0,3,2,0.0,0.0,5700.0,22800.0,9900.0,Yes,8000.0,825.0,171100.0,100300.0,E-commerce Shopping EMI,77000.0,8,Eligible,12768.0
38.0,Female,Single,Graduate,36500.0,Private,1.4,MNC,Rented,11000.0,3,2,11700.0,0.0,5200.0,5700.0,5600.0,No,0.0,660.0,40200.0,15900.0,E-commerce Shopping EMI,89000.0,22,Not_Eligible,500.0
27.0,Male,Married,Graduate,41800.0,Government,0.5,MNC,Own,0.0,3,2,5700.0,12000.0,4500.0,7700.0,7200.0,No,0.0,805.0,307300.0,169200.0,Home Appliances EMI,48000.0,14,Not_Eligible,3102.0
48.0,Male,Married,Professional,50600.0,Government,1.8,Large Indian,Own,0.0,4,3,0.0,19600.0,4300.0,14300.0,9500.0,No,0.0,758.0,211600.0,88800.0,Education EMI,249000.0,20,Not_Eligible,1740.0
48.0,Male,Married,Graduate,41900.0,Private,4.6,Startup,Own,0.0,3,2,7100.0,0.0,6300.0,9400.0,6800.0,No,0.0,730.0,303200.0,104600.0,Home Appliances EMI,250000.0,28,Not_Eligible,6765.0
38.0,Male,Married,Post Graduate,61200.0,Government,2.1,MNC,Own,0.0,5,4,0.0,0.0,6500.0,12400.0,4400.0,No,0.0,742.0,481800.0,261100.0,E-commerce Shopping EMI,117000.0,19,Eligible,20845.0
32.0,Male,Single,High School,42500.0,Private,5.5,Large Indian,Own,14074.0,1,0,0.0,0.0,2200.0,11600.0,6400.0,Yes,12200.0,665.0,143500.0,51200.0,Personal Loan EMI,112000.0,59,High_Risk,3535.0
38.0,Female,Married,Post Graduate,52300.0,Private,1.8,MNC,Rented,,3,2,0.0,0.0,4500.0,8900.0,5200.0,No,0.0,773.0,331900.0,134600.0,Home Appliances EMI,228000.0,13,Not_Eligible,13200.0
48.0,Female,Married,Professional,74900.0,Government,8.4,Large Indian,Rented,20100.0,3,2,2600.0,0.0,10800.0,17600.0,8500.0,Yes,16600.0,787.0,93600.0,39300.0,Education EMI,356000.0,18,Not_Eligible,500.0
27.0,Male,Single,Post Graduate,51700.0,Private,1.2,Large Indian,Own,0.0,2,1,2500.0,17300.0,2800.0,15400.0,5200.0,No,0.0,619.0,120200.0,44400.0,Vehicle EMI,1299000.0,35,Not_Eligible,3400.0
32.0,Male,Married,High School,29100.0,Self-employed,1.0,Large Indian,Own,0.0,5,4,0.0,0.0,1600.0,6900.0,1600.0,No,0.0,708.0,24500.0,6700.0,E-commerce Shopping EMI,167000.0,5,Not_Eligible,6840.0
27.0,Male,Single,Graduate,58900.0,Private,0.6,Mid-size,Rented,10900.0,2,1,0.0,0.0,7800.0,12500.0,4400.0,No,0.0,732.0,60000.0,32700.0,Personal Loan EMI,154000.0,28,High_Risk,7456.0
32.0,Female,Married,Graduate,66600.0,Private,0.6,MNC,Own,0.0,3,2,2800.0,15100.0,5100.0,12100.0,9600.0,Yes,7600.0,621.0,366500.0,205600.0,Personal Loan EMI,340000.0,28,Not_Eligible,3203.2
31.0,Male,Married,Professional,36149.0,Private,1.2,Mid-size,Own,0.0,4,3,7700.0,0.0,4300.0,7900.0,5300.0,Yes,9200.0,599.0,103900.0,46900.0,Education EMI,306000.0,45,Not_Eligible,500.0
32.0,Male,Married,High School,49200.0,Government,1.6,Startup,Rented,14400.0,3,2,9100.0,12500.0,6000.0,14700.0,6200.0,No,0.0,764.0,77600.0,26500.0,Vehicle EMI,171000.0,48,Not_Eligible,500.0
48.0,Male,Married,High School,35300.0,Private,10.2,MNC,Rented,6000.0,3,2,0.0,16600.0,3100.0,8800.0,5200.0,Yes,9000.0,731.0,104400.0,51700.0,Education EMI,89000.0,44,Not_Eligible,500.0
38.0,Female,Married,Post Graduate,78600.0,Private,1.5,Mid-size,Own,0.0,3,2,3500.0,20000.0,8100.0,22400.0,4800.0,Yes,15900.0,584.0,307200.0,182500.0,Vehicle EMI,116000.0,76,Not_Eligible,1092.0
32.0,Female,Married,Post Graduate,118500.0,Private,3.4,Startup,Family,0.0,4,3,13500.0,6100.0,14800.0,32600.0,16200.0,No,0.0,717.0,707000.0,274600.0,Vehicle EMI,229000.0,77,Eligible,17650.0
32.0,Male,Single,Post Graduate,23400.0,Private,0.5,Startup,Own,0.0,1,0,0.0,0.0,1300.0,4400.0,3100.0,No,0.0,630.0,62900.0,21500.0,Vehicle EMI,1036000.0,64,Not_Eligible,4672.0
48.0,Female,Married,Graduate,74800.0,Private,0.5,Startup,Rented,22600.0,3,2,0.0,0.0,7400.0,14500.0,7400.0,Yes,11600.0,620.0,124400.0,45800.0,Home Appliances EMI,167000.0,20,Not_Eligible,2024.96
32.0,Male,Single,Professional,78700.0,Private,9.8,MNC,Own,0.0,1,0,0.0,0.0,8800.0,18900.0,6600.0,Yes,18400.0,718.0,478200.0,140600.0,Vehicle EMI,271000.0,63,Eligible,10010.0
27.0,Female,Single,Graduate,15000.0,Private,3.8,MNC,Family,0.0,3,2,0.0,0.0,1700.0,3400.0,3000.0,No,0.0,648.0,17900.0,9600.0,Personal Loan EMI,538000.0,54,Not_Eligible,2208.0
32.0,Female,Single,Post Graduate,40300.0,Private,1.3,Large Indian,Own,0.0,2,1,7200.0,5800.0,5800.0,7200.0,4600.0,No,0.0,592.0,172900.0,45200.0,Vehicle EMI,1083000.0,59,Not_Eligible,3880.0
32.0,Male,Married,Graduate,61000.0,Private,0.9,Mid-size,Rented,10600.0,2,1,0.0,13700.0,6200.0,18000.0,11200.0,Yes,7100.0,564.0,230900.0,55500.0,E-commerce Shopping EMI,176000.0,18,Not_Eligible,500.0
32.0,Male,Married,Professional,40500.0,Private,2.0,Mid-size,Rented,12400.0,5,4,0.0,19000.0,3400.0,7300.0,5000.0,No,0.0,708.0,228500.0,135300.0,Vehicle EMI,903000.0,67,Not_Eligible,500.0
32.0,Male,Married,Professional,48200.0,Private,3.7,Large Indian,Own,0.0,3,2,0.0,0.0,4900.0,7500.0,4500.0,Yes,8300.0,549.0,309300.0,62400.0,Vehicle EMI,404000.0,41,Not_Eligible,4427.5
48.0,Female,Married,Post Graduate,126900.0,Private,6.1,Startup,Family,0.0,5,4,0.0,0.0,7800.0,32200.0,13600.0,Yes,18600.0,684.0,206500.0,78500.0,Personal Loan EMI,252000.0,27,Eligible,15316.0
48.0,Female,Married,Graduate,63200.0,Private,7.0,Mid-size,Rented,15300.0,4,3,11600.0,0.0,9400.0,13300.0,11100.0,No,0.0,790.0,143700.0,81200.0,Vehicle EMI,1019000.0,13,Not_Eligible,1500.0
27.0,Male,Married,Graduate,85700.0,Private,0.6,MNC,Own,0.0,2,1,12000.0,20800.0,6600.0,18900.0,10100.0,No,0.0,791.0,645300.0,168600.0,E-commerce Shopping EMI,123000.0,10,Not_Eligible,9134.4
27.0,Male,Married,Graduate,113800.0,Private,0.7,Large Indian,Family,0.0,3,2,0.0,10500.0,13600.0,19000.0,10400.0,No,0.0,802.0,510400.0,120300.0,E-commerce Shopping EMI,170000.0,22,Eligible,28944.0
38.0,Male,Married,Post Graduate,60800.0,Self-employed,1.4,Startup,Family,0.0,4,3,0.0,0.0,5600.0,10100.0,3000.0,No,0.0,675.0,220200.0,83700.0,Vehicle EMI,1268000.0,55,Not_Eligible,18945.0
32.0,Male,Single,High School,14400.0,Private,3.1,Large Indian,Own,0.0,1,0,0.0,0.0,800.0,4100.0,2700.0,No,0.0,626.0,92100.0,47400.0,Personal Loan EMI,833000.0,49,Not_Eligible,2992.0
27.0,Male,Married,High School,46000.0,Government,4.9,Startup,Family,0.0,5,4,3400.0,15000.0,3300.0,7600.0,7000.0,No,0.0,712.0,86500.0,26700.0,E-commerce Shopping EMI,191000.0,16,Not_Eligible,4268.0
38.0,Female,Married,Graduate,45200.0,Private,0.7,Mid-size,Rented,11100.0,2,1,2200.0,0.0,6300.0,13300.0,3600.0,Yes,13200.0,660.0,220900.0,122600.0,Home Appliances EMI,237000.0,35,Not_Eligible,500.0
32.0,Female,Married,Post Graduate,58700.0,Private,2.2,Large Indian,Own,0.0,2,1,0.0,15000.0,4200.0,13700.0,9800.0,No,0.0,671.0,407700.0,187700.0,Education EMI,197000.0,12,Not_Eligible,8800.0
27.0,Male,Single,Post Graduate,63500.0,Private,1.3,MNC,Rented,17600.0,1,0,0.0,0.0,3500.0,18300.0,7300.0,No,0.0,764.0,304300.0,156100.0,Personal Loan EMI,220000.0,12,Not_Eligible,10080.0
32.0,Female,Single,Graduate,76800.0,Government,0.5,Large Indian,Rented,25800.0,1,0,0.0,0.0,6500.0,17700.0,4300.0,No,0.0,832.0,429200.0,191400.0,Home Appliances EMI,84000.0,31,Eligible,13500.0
38.0,Male,Married,Professional,62900.0,Private,11.4,Mid-size,Family,0.0,3,2,10700.0,19200.0,8100.0,11000.0,7000.0,Yes,11900.0,590.0,48000.0,17600.0,Education EMI,237000.0,41,Not_Eligible,500.0
27.0,Male,Single,Post Graduate,45100.0,Private,0.6,Large Indian,Own,0.0,1,0,0.0,0.0,3900.0,7000.0,4700.0,No,0.0,701.0,211400.0,115600.0,Education EMI,454000.0,44,Not_Eligible,11800.0
38.0,Female,Married,High School,14400.0,Private,2.8,Large Indian,Rented,2300.0,3,2,2400.0,0.0,1300.0,3900.0,1200.0,Yes,3500.0,739.0,69600.0,28000.0,Vehicle EMI,672000.0,22,Not_Eligible,500.0
48.0,Male,Married,Graduate,94200.0,Government,0.7,Startup,Family,0.0,4,3,15000.0,14800.0,6900.0,26600.0,16300.0,No,0.0,727.0,556100.0,176300.0,Vehicle EMI,1015000.0,57,Not_Eligible,7300.0
32.0,Male,Married,High School,41000.0,Private,2.5,MNC,Family,0.0,4,3,0.0,0.0,2700.0,11100.0,6700.0,No,0.0,713.0,272600.0,122200.0,Education EMI,60000.0,32,Eligible,11275.0
58.0,Female,Married,Graduate,38400.0,Government,0.7,Large Indian,Own,0.0,4,3,7200.0,0.0,5500.0,10800.0,4500.0,No,0.0,608.0,163300.0,64500.0,Personal Loan EMI,522000.0,37,Not_Eligible,4160.0
48.0,Male,Married,Professional,72000.0,Government,26.0,Mid-size,Own,0.0,4,3,3600.0,6500.0,5400.0,10900.0,14200.0,Yes,10500.0,750.0,495900.0,180500.0,Personal Loan EMI,63000.0,25,Eligible,10621.38
38.0,Male,Married,Professional,115700.0,Government,1.8,Startup,Own,0.0,4,3,4400.0,0.0,13200.0,31100.0,18000.0,Yes,29500.0,748.0,898300.0,474000.0,Personal Loan EMI,889000.0,28,Not_Eligible,7507.5
27.0,Male,Married,Graduate,31700.0,Private,2.9,Small,Rented,6800.0,3,2,10300.0,0.0,1800.0,7800.0,3400.0,No,0.0,678.0,74500.0,36800.0,Home Appliances EMI,77000.0,12,Not_Eligible,800.0
32.0,Male,Married,High School,51100.0,Government,0.5,Large Indian,Rented,12700.0,2,1,0.0,24200.0,5800.0,11600.0,4000.0,No,0.0,724.0,404700.0,141700.0,Home Appliances EMI,132000.0,22,Not_Eligible,500.0
38.0,Male,Married,Professional,120900.0,Private,6.0,Startup,Own,0.0,5,4,10200.0,0.0,12600.0,34000.0,16400.0,Yes,28900.0,697.0,878100.0,294600.0,Personal Loan EMI,746000.0,25,Not_Eligible,7238.0
48.0,Female,Married,Post Graduate,63300.0,Government,2.7,MNC,Family,0.0,3,2,0.0,0.0,8500.0,16600.0,5000.0,No,0.0,796.0,448200.0,176200.0,Education EMI,216000.0,33,Eligible,21912.0
32.0,Male,Single,Graduate,41900.0,Private,2.6,MNC,Rented,11300.0,1,0,0.0,0.0,2900.0,10100.0,7200.0,No,0.0,654.0,92800.0,22500.0,Education EMI,308000.0,20,Not_Eligible,5200.0
32.0,Female,Married,Professional,93700.0,Private,0.5,Small,Rented,21600.0,3,2,11000.0,0.0,10600.0,25100.0,13400.0,No,0.0,758.0,195800.0,113900.0,E-commerce Shopping EMI,62000.0,10,Not_Eligible,5760.0
38.0,Male,Married,Graduate,73000.0,Government,6.1,Startup,Rented,16900.0,2,1,11400.0,18300.0,9800.0,11200.0,10900.0,No,0.0,770.0,453500.0,91600.0,Vehicle EMI,107000.0,44,Not_Eligible,500.0
48.0,Female,Married,Graduate,47100.0,Private,5.4,Large Indian,Family,0.0,4,3,0.0,0.0,4300.0,7300.0,4000.0,No,0.0,696.0,261000.0,90200.0,E-commerce Shopping EMI,136000.0,15,Eligible,15750.0
38.0,Female,Married,Graduate,53000.0,Government,4.3,Large Indian,Family,0.0,4,3,0.0,0.0,6200.0,11300.0,4400.0,No,0.0,731.0,249500.0,99400.0,Vehicle EMI,158000.0,18,Eligible,17105.0
58.0,Male,Married,Graduate,18000.0,Private,6.7,Large Indian,Family,0.0,5,4,0.0,8600.0,1900.0,3000.0,3200.0,No,0.0,732.0,47100.0,10000.0,Education EMI,254000.0,24,Not_Eligible,650.0
58.0,Male,Married,High School,25500.0,Private,34.3,Startup,Rented,5200.0,3,2,0.0,0.0,1800.0,5600.0,1300.0,No,0.0,733.0,154000.0,77900.0,Education EMI,433000.0,31,Not_Eligible,6380.0
38.0,Male,Married,Post Graduate,53500.0,Private,2.0,Large Indian,Rented,8400.0,4,3,0.0,0.0,4200.0,15400.0,2800.0,Yes,10200.0,693.0,404000.0,191500.0,E-commerce Shopping EMI,152000.0,23,Not_Eligible,4812.5
58.0,Female,Single,Professional,84000.0,Government,9.9,Mid-size,Family,0.0,3,2,0.0,0.0,10400.0,13100.0,7700.0,Yes,22100.0,850.0,173300.0,52000.0,Personal Loan EMI,336000.0,50,Eligible,14183.4
38.0,Female,Married,Professional,93200.0,Self-employed,2.0,Mid-size,Own,0.0,3,2,0.0,9400.0,12500.0,25200.0,15000.0,Yes,16300.0,847.0,223400.0,70500.0,Education EMI,439000.0,27,Not_Eligible,5594.4
38.0,Female,Married,High School,22200.0,Private,5.3,Startup,Family,0.0,3,2,0.0,0.0,3100.0,6400.0,3800.0,Yes,2900.0,726.0,149600.0,42400.0,Personal Loan EMI,678000.0,13,Not_Eligible,2310.0
38.0,Female,Married,,40700.0,Government,1.0,MNC,Family,0.0,4,3,0.0,0.0,2100.0,7000.0,2200.0,Yes,4900.0,584.0,256300.0,105900.0,Vehicle EMI,897000.0,50,Not_Eligible,7546.0
48.0,Male,Married,Graduate,56300.0,Private,2.6,Mid-size,Own,0.0,2,1,6000.0,0.0,6600.0,9700.0,3900.0,No,0.0,568.0,248700.0,52900.0,Home Appliances EMI,275000.0,33,High_Risk,12040.0
27.0,Female,Single,Graduate,81300.0,Government,0.7,MNC,Own,0.0,1,0,0.0,0.0,4400.0,15800.0,4200.0,Yes,14300.0,694.0,427000.0,252400.0,E-commerce Shopping EMI,96000.0,5,Not_Eligible,14910.0
48.0,Male,Married,Graduate,38800.0,Government,26.0,Startup,Rented,12700.0,2,1,11100.0,15500.0,3700.0,9400.0,6100.0,No,0.0,670.0,237500.0,65200.0,Home Appliances EMI,61000.0,21,Not_Eligible,500.0
32.0,Female,Married,Post Graduate,63200.0,Private,3.6,Large Indian,Own,0.0,3,2,0.0,11300.0,8900.0,13600.0,9600.0,No,0.0,786.0,292900.0,148500.0,Personal Loan EMI,712000.0,42,Not_Eligible,11880.0
38.0,Female,Married,Post Graduate,39600.0,Private,10.6,Startup,Rented,10000.0,2,1,11600.0,20400.0,5100.0,7600.0,6100.0,No,0.0,737.0,100800.0,55800.0,Education EMI,490000.0,20,Not_Eligible,500.0
38.0,Male,Married,High School,14400.0,Government,1.1,Large Indian,Family,0.0,4,3,3300.0,0.0,1800.0,3300.0,900.0,No,0.0,814.0,65600.0,27300.0,Education EMI,358000.0,20,Not_Eligible,3060.0
27.0,Female,Single,Professional,93800.0,Private,0.5,MNC,Own,0.0,2,1,4200.0,23700.0,6100.0,20200.0,7200.0,Yes,25700.0,677.0,726500.0,169500.0,Personal Loan EMI,430000.0,39,Not_Eligible,2063.6
27.0,Male,Single,Post Graduate,35000.0,Private,2.8,Startup,Rented,8600.0,1,0,0.0,0.0,5000.0,8500.0,2300.0,Yes,5500.0,571.0,37400.0,19700.0,Home Appliances EMI,210000.0,25,Not_Eligible,1142.4
27.0,Male,Single,Post Graduate,75200.0,Government,1.4,MNC,Rented,13900.0,1,0,0.0,0.0,7400.0,12800.0,13700.0,No,0.0,747.0,579900.0,160500.0,Vehicle EMI,95000.0,51,Eligible,15070.0
32.0,Female,Married,Graduate,27400.0,Government,1.1,Large Indian,Rented,8300.0,3,2,11400.0,0.0,2400.0,7400.0,4400.0,No,0.0,753.0,89400.0,49600.0,Vehicle EMI,1097000.0,47,Not_Eligible,500.0
32.0,Female,Married,High School,68100.0,Private,3.2,Large Indian,Rented,19400.0,3,2,6400.0,16700.0,8400.0,18700.0,5200.0,No,0.0,653.0,404300.0,128300.0,Vehicle EMI,993000.0,46,Not_Eligible,500.0
27.0,Male,Single,Graduate,89600.0,Private,0.5,Small,Rented,20900.0,2,1,10300.0,0.0,5200.0,25400.0,17200.0,No,0.0,688.0,318500.0,82400.0,Home Appliances EMI,187000.0,17,Not_Eligible,4240.0
32.0,Female,Single,Post Graduate,133400.0,Government,1.2,Mid-size,Own,0.0,3,2,0.0,7100.0,19700.0,23800.0,23200.0,Yes,26000.0,718.0,846200.0,,Education EMI,213000.0,21,High_Risk,12936.0
38.0,Male,Married,High School,36400.0,Self-employed,9.5,Mid-size,Family,0.0,2,1,9700.0,12700.0,5300.0,5700.0,6400.0,No,0.0,681.0,250300.0,111800.0,Education EMI,351000.0,15,Not_Eligible,500.0
38.0,Male,Married,Professional,93100.0,Self-employed,7.0,Startup,Own,0.0,5,4,0.0,0.0,11800.0,19000.0,14300.0,Yes,15100.0,641.0,491400.0,178400.0,E-commerce Shopping EMI,89000.0,14,High_Risk,8290.8
58.0,Male,Married,High School,44400.0,Private,17.4,MNC,Rented,12000.0,2,1,10600.0,0.0,2500.0,12700.0,6600.0,No,0.0,757.0,278000.0,138900.0,Home Appliances EMI,233000.0,12,Not_Eligible,500.0
27.0,Male,Single,Graduate,30400.0,Private,0.9,Startup,Rented,6100.0,1,0,0.0,0.0,2200.0,5800.0,5600.0,Yes,9000.0,576.0,135500.0,52400.0,Education EMI,175000.0,36,Not_Eligible,500.0
32.0,Female,Single,Graduate,47000.0,Private,0.5,Mid-size,Own,0.0,1,0,0.0,0.0,3300.0,9200.0,8100.0,Yes,12200.0,732.0,109200.0,36700.0,Education EMI,151000.0,42,Not_Eligible,3976.0
38.0,Male,Married,Graduate,499751.0,Private,2.4,Mid-size,Family,0.0,3,2,10800.0,0.0,4800.0,9600.0,3400.0,No,0.0,732.0,94700.0,30300.0,Education EMI,316000.0,14,Not_Eligible,6000.0
48.0,Male,Married,Professional,181300.0,Private,3.7,Large Indian,Family,0.0,2,1,0.0,19000.0,10500.0,46900.0,15800.0,No,0.0,552.0,278900.0,117800.0,Personal Loan EMI,543000.0,19,Not_Eligible,28512.0
38.0,Male,Married,Graduate,59500.0,Private,1.2,Large Indian,Own,0.0,3,2,0.0,0.0,8400.0,11100.0,6400.0,No,0.0,736.0,127300.0,27200.0,E-commerce Shopping EMI,188000.0,21,Eligible,16800.0
38.0,Male,Married,Post Graduate,48600.0,Government,2.3,Startup,Own,0.0,2,1,0.0,14400.0,5400.0,7600.0,7400.0,No,0.0,761.0,298100.0,146200.0,Personal Loan EMI,948000.0,43,Not_Eligible,9108.0
38.0,Female,Married,Graduate,63200.0,Government,11.5,Startup,Own,0.0,4,3,0.0,0.0,5300.0,16300.0,10600.0,No,0.0,774.0,432500.0,165300.0,Vehicle EMI,1411000.0,33,Not_Eligible,22506.0
48.0,Male,Married,Graduate,77400.0,Private,4.0,Startup,Family,0.0,5,4,4100.0,6400.0,9700.0,13000.0,6000.0,Yes,19200.0,607.0,581000.0,225400.0,Vehicle EMI,711000.0,41,Not_Eligible,5852.0
58.0,Female,Married,High School,24400.0,Private,12.8,Mid-size,Rented,4800.0,4,3,8900.0,0.0,2500.0,7000.0,4500.0,No,0.0,700.0,91700.0,25900.0,Personal Loan EMI,175000.0,14,Not_Eligible,500.0
32.0,Male,Single,Graduate,18000.0,Private,0.6,Large Indian,Own,0.0,1,0,0.0,0.0,900.0,5300.0,3000.0,No,0.0,754.0,129400.0,60800.0,Personal Loan EMI,253000.0,44,Not_Eligible,4646.4
38.0,Female,Married,Graduate,59500.0,Self-employed,1.3,Mid-size,Family,0.0,2,1,0.0,20900.0,8700.0,17800.0,3400.0,Yes,12700.0,650.0,182900.0,91900.0,Education EMI,462000.0,44,Not_Eligible,500.0
32.0,Female,Single,Professional,133400.0,Private,6.0,Startup,Rented,40900.0,1,0,0.0,0.0,10000.0,38700.0,24600.0,No,0.0,598.0,293300.0,145800.0,Education EMI,461000.0,31,Not_Eligible,7680.0
38.0,Female,Married,Post Graduate,48600.0,Government,3.1,Large Indian,Rented,16700.0,3,2,2400.0,0.0,5100.0,7300.0,5200.0,No,0.0,695.0,369800.0,81900.0,E-commerce Shopping EMI,33000.0,23,Eligible,7199.5
48.0,Male,Married,Graduate,23500.0,Self-employed,1.4,Large Indian,Family,0.0,2,1,0.0,0.0,2000.0,6800.0,2400.0,Yes,5800.0,599.0,70400.0,22200.0,E-commerce Shopping EMI,187000.0,3,Not_Eligible,1638.0
38.0,Female,Married,Post Graduate,44700.0,Private,3.5,Mid-size,Family,0.0,3,2,4100.0,0.0,5600.0,10500.0,6900.0,No,0.0,750.0,85700.0,43000.0,Education EMI,206000.0,22,Not_Eligible,8448.0
38.0,Female,Married,Professional,111200.0,Government,8.2,Startup,Family,,2,1,13500.0,0.0,16100.0,24900.0,12000.0,Yes,16600.0,809.0,256700.0,127800.0,Home Appliances EMI,290000.0,23,Not_Eligible,12982.2
27.0,Male,Single,Post Graduate,89600.0,Private,3.5,MNC,Rented,27300.0,2,1,8100.0,13100.0,12200.0,13700.0,7100.0,No,0.0,753.0,164500.0,44600.0,Home Appliances EMI,58000.0,33,Eligible,3888.0
32.0,Male,Single,Graduate,43900.0,Self-employed,0.5,Large Indian,Rented,14800.0,2,1,5200.0,0.0,3800.0,7600.0,2300.0,Yes,11800.0,526.0,36100.0,16800.0,Home Appliances EMI,26000.0,24,Not_Eligible,500.0
27.0,Female,Married,Graduate,33400.0,Government,3.8,Startup,Family,0.0,4,3,8100.0,0.0,2700.0,9000.0,4100.0,No,0.0,794.0,151200.0,64900.0,Education EMI,345000.0,43,Not_Eligible,6270.0
48.0,Male,Married,Graduate,33200.0,Government,12.8,MNC,Rented,7300.0,2,1,7600.0,0.0,3900.0,7800.0,3800.0,Yes,8500.0,773.0,98500.0,28600.0,Personal Loan EMI,901000.0,41,Not_Eligible,500.0
27.0,Female,Single,Graduate,64600.0,Private,0.5,Small,Own,0.0,2,1,9200.0,9500.0,5400.0,14700.0,12200.0,No,0.0,722.0,125300.0,25300.0,Home Appliances EMI,208000.0,26,Not_Eligible,4352.0
32.0,Female,Single,Professional,99000.0,Private,3.7,Large Indian,Rented,20400.0,2,1,5200.0,0.0,5900.0,25500.0,17000.0,No,0.0,749.0,707100.0,394300.0,Home Appliances EMI,93000.0,15,Eligible,13750.0
48.0,Male,Married,Professional,32100.0,Private,25.8,Startup,Rented,,3,2,10300.0,0.0,3800.0,7100.0,2300.0,Yes,5700.0,659.0,132100.0,27100.0,Vehicle EMI,1094000.0,28,Not_Eligible,500.0
32.0,Female,Married,,44200.0,Government,1.2,Large Indian,Own,0.0,4,3,0.0,0.0,4900.0,10900.0,5200.0,Yes,11300.0,692.0,254200.0,85300.0,Education EMI,134000.0,22,Not_Eligible,4165.0
32.0,Male,Married,Professional,74700.0,Private,5.7,MNC,Rented,13900.0,4,3,3900.0,18500.0,7100.0,21200.0,14200.0,Yes,16200.0,686.0,405400.0,205200.0,Personal Loan EMI,938000.0,17,Not_Eligible,500.0
32.0,Female,Married,Post Graduate,111900.0,Private,0.5,Mid-size,Rented,28000.0,3,2,0.0,0.0,9900.0,32900.0,19100.0,No,0.0,827.0,227900.0,122900.0,Education EMI,367000.0,21,Not_Eligible,10560.0
27.0,Female,Single,Post Graduate,65000.0,Government,0.5,Large Indian,Rented,19800.0,2,1,0.0,0.0,7400.0,16200.0,10700.0,Yes,10300.0,728.0,159500.0,54100.0,E-commerce Shopping EMI,126000.0,17,Not_Eligible,500.0
48.0,Male,Married,Post Graduate,56700.0,Private,8.1,Mid-size,Own,0.0,4,3,0.0,0.0,4100.0,16100.0,10100.0,No,0.0,677.0,42100.0,23500.0,E-commerce Shopping EMI,139000.0,14,Not_Eligible,10560.0
58.0,Male,Married,High School,24800.0,Private,0.6,Large Indian,Own,0.0,4,3,0.0,0.0,2000.0,7300.0,1500.0,Yes,5100.0,633.0,102600.0,44300.0,Home Appliances EMI,136000.0,30,Not_Eligible,1993.6
38.0,Female,Married,Graduate,48300.0,Self-employed,4.6,Mid-size,Rented,8000.0,5,4,12400.0,0.0,4000.0,13200.0,8800.0,No,0.0,753.0,240000.0,122500.0,Education EMI,387000.0,33,Not_Eligible,1026.0
38.0,Male,Married,Graduate,59200.0,Private,3.1,Mid-size,Rented,11400.0,4,3,14300.0,9500.0,7000.0,12200.0,9200.0,No,0.0,623.0,376900.0,207000.0,Vehicle EMI,1334000.0,43,Not_Eligible,500.0
58.0,Male,Married,High School,57300.0,Private,36.0,MNC,Family,0.0,4,3,2500.0,0.0,3300.0,11000.0,6800.0,No,0.0,738.0,63400.0,28700.0,Education EMI,100000.0,40,Eligible,13480.0
27.0,Female,Married,High School,26600.0,Private,3.6,Mid-size,Rented,4800.0,3,2,0.0,0.0,2000.0,7000.0,5200.0,Yes,6800.0,,187400.0,53100.0,Education EMI,82000.0,27,Not_Eligible,500.0
38.0,Male,Married,High School,24900.0,Private,2.4,Large Indian,Family,0.0,4,3,0.0,14800.0,2800.0,4600.0,4000.0,No,0.0,680.0,36400.0,9400.0,Home Appliances EMI,133000.0,15,Not_Eligible,500.0
38.0,Male,Married,Graduate,18000.0,Self-employed,3.4,Large Indian,Family,0.0,2,1,2200.0,12500.0,1300.0,5000.0,3400.0,No,0.0,596.0,,19200.0,Home Appliances EMI,102000.0,22,Not_Eligible,500.0
48.0,Female,Married,Graduate,18000.0,Private,18.3,Mid-size,Rented,4400.0,5,4,11900.0,0.0,1000.0,3200.0,3200.0,No,0.0,710.0,118000.0,66600.0,E-commerce Shopping EMI,170000.0,23,Not_Eligible,500.0
27.0,Male,Single,Post Graduate,95900.0,Government,0.5,Large Indian,Family,0.0,2,1,0.0,0.0,10100.0,17500.0,12600.0,Yes,9900.0,599.0,293700.0,63300.0,Vehicle EMI,1051000.0,34,Not_Eligible,12824.0
48.0,Female,Married,Post Graduate,42700.0,Government,1.2,Large Indian,Own,0.0,3,2,0.0,0.0,2500.0,12700.0,5500.0,No,0.0,770.0,151200.0,,Home Appliances EMI,118000.0,8,Not_Eligible,13200.0
38.0,Female,Married,Post Graduate,52200.0,Private,2.7,MNC,Family,0.0,2,1,0.0,0.0,5600.0,13800.0,7900.0,No,0.0,747.0,335200.0,152800.0,Vehicle EMI,1220000.0,39,Not_Eligible,13695.0
48.0,Female,Married,Professional,73600.0,Private,13.6,MNC,Own,0.0,3,2,2400.0,0.0,8900.0,20600.0,12400.0,Yes,18000.0,644.0,88700.0,42900.0,E-commerce Shopping EMI,186000.0,22,Not_Eligible,2531.2
38.0,Female,Married,Graduate,28300.0,Private,7.6,Startup,Own,0.0,4,3,0.0,0.0,3200.0,6500.0,2200.0,No,0.0,748.0,67600.0,35100.0,Personal Loan EMI,418000.0,52,Not_Eligible,8200.0
32.0,Male,Single,Graduate,20700.0,Self-employed,8.0,Large Indian,Own,0.0,2,1,0.0,0.0,1100.0,3900.0,3700.0,No,0.0,811.0,12700.0,7100.0,Personal Loan EMI,520000.0,54,Not_Eligible,5184.0
38.0,Male,Single,Graduate,22900.0,Private,0.7,Small,Rented,4000.0,3,2,11800.0,0.0,3100.0,6700.0,3900.0,Yes,3900.0,618.0,88400.0,41600.0,Personal Loan EMI,499000.0,53,Not_Eligible,500.0
48.0,Male,Single,High School,29600.0,Private,17.8,Large Indian,Rented,6200.0,3,2,14500.0,7200.0,2300.0,8200.0,3800.0,Yes,4700.0,579.0,157200.0,61200.0,Home Appliances EMI,83000.0,33,Not_Eligible,500.0
27.0,Male,Single,High School,42700.0,Private,2.1,Large Indian,Family,0.0,2,1,0.0,0.0,2800.0,8100.0,2700.0,No,0.0,653.0,147100.0,68300.0,Vehicle EMI,497000.0,37,Not_Eligible,14550.0
48.0,Female,Married,Professional,71700.0,Government,5.3,Mid-size,Own,0.0,4,3,9900.0,0.0,7400.0,15800.0,12500.0,No,0.0,768.0,217800.0,121300.0,Home Appliances EMI,82000.0,28,Eligible,17226.0
27.0,Female,Married,Professional,76400.0,Government,5.0,Large Indian,Rented,25900.0,3,2,11200.0,0.0,6500.0,22800.0,11600.0,Yes,20200.0,669.0,400100.0,218700.0,E-commerce Shopping EMI,71000.0,24,Not_Eligible,500.0
38.0,Female,Married,Graduate,70100.0,Government,1.8,Mid-size,Own,0.0,4,3,11600.0,0.0,4800.0,19500.0,5800.0,Yes,9200.0,826.0,183400.0,74300.0,Home Appliances EMI,293000.0,16,Not_Eligible,8064.0
32.0,Female,Single,Post Graduate,90500.0,Private,2.8,Startup,Family,0.0,2,1,0.0,0.0,12900.0,20500.0,5600.0,No,0.0,680.0,522400.0,296600.0,Personal Loan EMI,967000.0,40,Not_Eligible,25750.0
48.0,Male,Married,Graduate,33500.0,Private,0.5,Mid-size,Rented,8800.0,4,3,12500.0,0.0,3300.0,7600.0,5100.0,No,0.0,736.0,188000.0,70500.0,Personal Loan EMI,93000.0,19,Not_Eligible,500.0
32.0,Male,Married,High School,32700.0,Private,10.0,MNC,Family,0.0,4,3,0.0,0.0,4300.0,8400.0,4300.0,No,0.0,770.0,27700.0,12000.0,Home Appliances EMI,105000.0,10,Not_Eligible,7536.0
38.0,Male,Married,Post Graduate,80200.0,Private,1.1,Startup,Own,0.0,2,1,10000.0,0.0,7100.0,13400.0,10600.0,No,0.0,770.0,326700.0,122700.0,Education EMI,75000.0,13,Eligible,23460.0
48.0,Female,Married,High School,63200.0,Government,12.2,MNC,Family,0.0,2,1,4500.0,0.0,7100.0,15600.0,5100.0,No,0.0,727.0,183100.0,86600.0,Personal Loan EMI,221000.0,25,Eligible,16995.0
32.0,Male,Single,Professional,111200.0,Private,1.8,Startup,Family,0.0,2,1,0.0,0.0,9400.0,28100.0,15600.0,No,0.0,727.0,434700.0,209600.0,E-commerce Shopping EMI,160000.0,18,Eligible,29050.0
38.0,Male,Married,Post Graduate,153800.0,Private,0.5,Large Indian,Rented,41700.0,2,1,0.0,0.0,14200.0,42100.0,21300.0,No,0.0,705.0,999200.0,383200.0,Home Appliances EMI,93000.0,28,Eligible,15180.0
32.0,Male,Single,Graduate,39600.0,Private,7.9,Mid-size,Rented,10200.0,2,1,11600.0,0.0,4900.0,11700.0,5200.0,No,0.0,783.0,228200.0,135800.0,Personal Loan EMI,817000.0,20,Not_Eligible,500.0
48.0,Female,Married,Graduate,499409.0,Private,7.9,Large Indian,Rented,12000.0,2,1,0.0,20400.0,2900.0,7100.0,2400.0,Yes,7700.0,654.0,110800.0,42800.0,E-commerce Shopping EMI,88000.0,4,Not_Eligible,500.0
32.0,Female,Married,Graduate,45400.0,Private,0.9,Large Indian,Own,0.0,2,1,0.0,19700.0,3300.0,11700.0,7800.0,Yes,5900.0,611.0,240800.0,109700.0,E-commerce Shopping EMI,139000.0,18,Not_Eligible,500.0
48.0,Male,Married,Graduate,20000.0,Government,5.8,Large Indian,Own,0.0,4,3,8300.0,0.0,1600.0,3500.0,1500.0,Yes,3800.0,662.0,82900.0,37600.0,Home Appliances EMI,147000.0,13,Not_Eligible,500.5
48.0,Female,Married,,23400.0,Private,1.8,MNC,Rented,7200.0,3,2,0.0,5700.0,1300.0,4300.0,2300.0,Yes,3200.0,624.0,92900.0,21700.0,Personal Loan EMI,342000.0,50,Not_Eligible,500.0
48.0,Male,Married,High School,16000.0,Private,0.8,Large Indian,Rented,2700.0,2,1,5600.0,0.0,1000.0,3000.0,2600.0,No,0.0,727.0,61000.0,21800.0,Personal Loan EMI,125000.0,48,Not_Eligible,500.0
48.0,Male,Married,Graduate,51500.0,Private,0.6,Startup,Own,0.0,4,3,0.0,0.0,5300.0,15100.0,9400.0,Yes,11900.0,662.0,269800.0,159500.0,Personal Loan EMI,710000.0,16,Not_Eligible,2744.0
48.0,Female,Married,Post Graduate,51900.0,Private,1.5,Mid-size,Rented,14200.0,4,3,0.0,6500.0,3200.0,14300.0,5900.0,No,0.0,653.0,199000.0,55300.0,Education EMI,461000.0,19,Not_Eligible,3900.0
32.0,Female,Married,Post Graduate,48900.0,Private,3.7,Mid-size,Rented,16500.0,4,3,7500.0,0.0,5000.0,10900.0,3900.0,Yes,10300.0,773.0,254500.0,61200.0,Personal Loan EMI,420000.0,31,Not_Eligible,500.0
27.0,Male,Single,Graduate,78300.0,Private,1.6,Startup,Rented,16700.0,1,0,0.0,0.0,5700.0,13800.0,14300.0,No,0.0,738.0,312100.0,71000.0,Personal Loan EMI,250000.0,50,Eligible,13900.0
38.0,Female,Married,Post Graduate,48800.0,Government,16.0,Large Indian,Rented,8600.0,4,3,0.0,11100.0,5400.0,7600.0,8200.0,No,0.0,751.0,,43900.0,Vehicle EMI,1385000.0,16,Not_Eligible,4171.2
48.0,Male,Married,Post Graduate,26000.0,Government,8.6,Startup,Family,0.0,2,1,10500.0,0.0,2300.0,6300.0,2300.0,Yes,4200.0,756.0,72900.0,31900.0,E-commerce Shopping EMI,31000.0,16,Not_Eligible,500.0
48.0,Male,Married,Graduate,51700.0,Private,3.5,MNC,Rented,10700.0,2,1,10800.0,0.0,7500.0,10000.0,5600.0,Yes,9500.0,644.0,326200.0,141900.0,Vehicle EMI,107000.0,17,Not_Eligible,500.0
27.0,Male,Single,Professional,94500.0,Private,2.7,Mid-size,Own,0.0,3,2,0.0,9200.0,13600.0,23500.0,9900.0,Yes,27100.0,735.0,738100.0,330100.0,Vehicle EMI,905000.0,72,Not_Eligible,4312.0
32.0,Male,Married,Post Graduate,19500.0,Government,2.0,Large Indian,Own,0.0,5,4,0.0,0.0,2700.0,5300.0,1100.0,Yes,2200.0,712.0,79000.0,26700.0,Home Appliances EMI,168000.0,11,Not_Eligible,2870.0
58.0,Male,Married,High School,34900.0,Self-employed,14.8,Mid-size,Rented,11100.0,4,3,0.0,0.0,1800.0,8800.0,2700.0,Yes,6700.0,750.0,165700.0,93400.0,Vehicle EMI,1422000.0,14,Not_Eligible,1436.4
58.0,Male,Married,Professional,147100.0,Private,36.0,MNC,Family,0.0,3,2,0.0,18700.0,19300.0,36900.0,14500.0,No,0.0,743.0,179400.0,54400.0,E-commerce Shopping EMI,23000.0,3,Eligible,23080.0
32.0,Male,Single,Graduate,86700.0,Self-employed,0.5,MNC,Own,0.0,3,2,2100.0,0.0,12600.0,17900.0,14000.0,Yes,15700.0,670.0,449100.0,230000.0,Home Appliances EMI,43000.0,21,Eligible,7686.0
48.0,Female,Married,Graduate,26800.0,Government,8.2,Mid-size,Own,0.0,4,3,7500.0,8500.0,2300.0,5800.0,3600.0,No,0.0,628.0,211600.0,94600.0,E-commerce Shopping EMI,171000.0,17,Not_Eligible,500.0
58.0,Male,Married,High School,30000.0,Private,11.8,Mid-size,Rented,4700.0,4,3,3600.0,0.0,1800.0,8500.0,4100.0,No,0.0,774.0,167500.0,37900.0,Home Appliances EMI,28000.0,10,Eligible,4380.0
58.0,Female,Married,Graduate,46600.0,Private,6.2,Startup,Rented,11800.0,2,1,0.0,10400.0,5200.0,7800.0,5000.0,No,0.0,761.0,150200.0,79400.0,Education EMI,110000.0,26,Not_Eligible,3840.0
32.0,Male,Married,Professional,72800.0,Private,1.1,Large Indian,Rented,20100.0,3,2,0.0,0.0,4900.0,18200.0,12800.0,No,0.0,582.0,130900.0,72500.0,Vehicle EMI,860000.0,26,Not_Eligible,5376.0
38.0,Female,Married,Post Graduate,46200.0,Private,12.3,Large Indian,Own,0.0,3,2,11800.0,0.0,3300.0,7700.0,7700.0,Yes,6600.0,598.0,331900.0,87400.0,Personal Loan EMI,757000.0,30,Not_Eligible,2802.8
38.0,Female,Married,Professional,53700.0,Government,1.1,Startup,Rented,9300.0,4,3,0.0,7400.0,6900.0,10400.0,9200.0,No,0.0,762.0,360900.0,166700.0,E-commerce Shopping EMI,95000.0,19,High_Risk,6930.0
27.0,Female,Married,Graduate,21600.0,Self-employed,2.3,MNC,Family,0.0,3,2,0.0,0.0,3000.0,3800.0,3700.0,No,0.0,664.0,113600.0,38700.0,Vehicle EMI,253000.0,80,High_Risk,4995.0
38.0,Male,Married,Graduate,48000.0,Government,10.6,Startup,Family,0.0,4,3,0.0,10800.0,5700.0,11100.0,9000.0,Yes,14300.0,641.0,121200.0,30400.0,Personal Loan EMI,814000.0,37,Not_Eligible,500.0
32.0,Male,Married,Graduate,82000.0,Government,2.6,Large Indian,Family,0.0,4,3,3400.0,0.0,4500.0,18100.0,10500.0,Yes,9500.0,627.0,255200.0,120500.0,Vehicle EMI,683000.0,19,Not_Eligible,10080.0
38.0,Male,Single,Post Graduate,44400.0,Private,3.3,Large Indian,Family,0.0,2,1,12900.0,0.0,5100.0,12400.0,8100.0,Yes,8200.0,632.0,335100.0,86900.0,E-commerce Shopping EMI,103000.0,21,Not_Eligible,500.0
27.0,Female,Single,High School,63000.0,Government,0.5,Mid-size,Rented,18000.0,2,1,10300.0,10200.0,7100.0,11600.0,8600.0,No,0.0,770.0,69900.0,38700.0,Education EMI,367000.0,42,Not_Eligible,500.0
38.0,Male,Married,Graduate,43500.0,Private,7.7,Large Indian,Own,0.0,4,3,11800.0,0.0,4700.0,9700.0,8100.0,Yes,9700.0,664.0,221900.0,69900.0,Home Appliances EMI,80000.0,16,Not_Eligible,500.0
32.0,Male,Single,High School,37400.0,Private,2.9,Large Indian,Rented,11900.0,1,0,0.0,0.0,4500.0,7500.0,3000.0,Yes,7000.0,494.0,70000.0,39900.0,E-commerce Shopping EMI,63000.0,3,Not_Eligible,500.0
32.0,Female,Married,Graduate,21900.0,Private,1.2,Large Indian,Own,0.0,3,2,0.0,0.0,3300.0,5300.0,2800.0,No,0.0,638.0,58200.0,29900.0,E-commerce Shopping EMI,141000.0,24,Not_Eligible,4200.0
48.0,Male,Married,Graduate,66500.0,Private,4.4,Mid-size,Family,0.0,4,3,11000.0,23500.0,8200.0,15800.0,3800.0,No,0.0,678.0,190200.0,101400.0,Education EMI,280000.0,14,Not_Eligible,2100.0
58.0,Male,Married,Post Graduate,10072.0,Government,18.9,Mid-size,Family,0.0,3,2,14100.0,0.0,12300.0,28300.0,29400.0,No,0.0,752.0,1056900.0,605900.0,E-commerce Shopping EMI,176000.0,5,Eligible,60330.6
32.0,Female,Married,Graduate,56300.0,Private,4.6,Large Indian,Family,0.0,4,3,7900.0,0.0,5000.0,13200.0,3000.0,No,0.0,668.0,43300.0,19000.0,Vehicle EMI,528000.0,35,Not_Eligible,10880.0
38.0,Female,Married,Graduate,48100.0,Self-employed,1.3,MNC,Own,0.0,3,2,11800.0,0.0,2700.0,7900.0,7500.0,Yes,8000.0,639.0,94700.0,24200.0,Education EMI,147000.0,31,Not_Eligible,2056.32
48.0,Male,Married,Graduate,71200.0,Private,5.7,MNC,Rented,16000.0,3,2,12600.0,6400.0,10100.0,13300.0,6800.0,Yes,12600.0,651.0,479300.0,259400.0,Education EMI,163000.0,43,Not_Eligible,500.0
38.0,Male,Married,Graduate,20000.0,Private,1.6,Mid-size,Rented,5600.0,2,1,2800.0,0.0,1200.0,3800.0,2200.0,No,0.0,616.0,11200.0,6700.0,Personal Loan EMI,972000.0,42,Not_Eligible,1408.0
58.0,Female,Married,Professional,140000.0,Government,2.9,Large Indian,Rented,30100.0,3,2,11100.0,7700.0,8800.0,33000.0,17200.0,Yes,37300.0,740.0,559600.0,144800.0,E-commerce Shopping EMI,80000.0,4,Not_Eligible,500.0
38.0,Male,Married,Professional,109100.0,Private,4.4,MNC,Family,0.0,3,2,0.0,0.0,12400.0,29600.0,16200.0,No,0.0,647.0,679700.0,318800.0,E-commerce Shopping EMI,84000.0,6,Eligible,22396.0
38.0,Female,Married,Graduate,34800.0,Private,2.7,Large Indian,Family,0.0,4,3,0.0,19100.0,5000.0,8100.0,4400.0,No,0.0,659.0,183300.0,50100.0,Vehicle EMI,994000.0,78,Not_Eligible,500.0
58.0,Male,Married,Graduate,28600.0,Government,8.0,Mid-size,Rented,9700.0,5,4,0.0,0.0,2100.0,8200.0,2700.0,No,0.0,740.0,128200.0,42800.0,E-commerce Shopping EMI,119000.0,21,Not_Eligible,3245.0
27.0,Male,Single,Professional,85900.0,Private,0.5,Large Indian,Family,0.0,2,1,8200.0,0.0,12600.0,19700.0,12000.0,Yes,9100.0,612.0,630500.0,186800.0,Vehicle EMI,182000.0,15,Not_Eligible,5987.52
48.0,Male,Married,Graduate,65500.0,Government,4.9,Mid-size,Own,0.0,3,2,0.0,0.0,3500.0,10600.0,11000.0,No,0.0,834.0,243300.0,56900.0,E-commerce Shopping EMI,65000.0,15,Eligible,26664.0
38.0,Female,Married,Graduate,402439.0,Government,15.5,Startup,Rented,9200.0,2,1,9100.0,0.0,1800.0,7900.0,5000.0,No,0.0,850.0,81100.0,32600.0,E-commerce Shopping EMI,99000.0,18,Not_Eligible,500.0
48.0,Female,Married,High School,81900.0,Private,0.5,MNC,Rented,14200.0,4,3,12300.0,0.0,9800.0,22800.0,8700.0,Yes,22600.0,734.0,554500.0,234800.0,Personal Loan EMI,586000.0,12,Not_Eligible,500.0
38.0,Male,Married,Graduate,21900.0,Private,8.6,Small,Rented,5300.0,3,2,2300.0,0.0,2200.0,5600.0,2400.0,No,0.0,735.0,166800.0,80400.0,Home Appliances EMI,253000.0,34,Not_Eligible,2255.0
32.0,Male,Single,Post Graduate,110800.0,Private,6.4,Mid-size,Own,0.0,3,2,15000.0,0.0,15100.0,32100.0,18400.0,No,0.0,714.0,351100.0,89700.0,Vehicle EMI,1380000.0,28,Not_Eligible,15100.0
48.0,Male,Married,Graduate,50700.0,Private,9.1,MNC,Rented,16400.0,4,3,4700.0,0.0,5600.0,13600.0,3500.0,Yes,10800.0,628.0,392800.0,101400.0,E-commerce Shopping EMI,59000.0,7,Not_Eligible,500.0
27.0,Female,Married,High School,58800.0,Private,0.8,Mid-size,Rented,12300.0,5,4,13500.0,0.0,8300.0,12000.0,7900.0,No,0.0,705.0,191200.0,103600.0,Education EMI,457000.0,16,Not_Eligible,1920.0
48.0,Male,Married,Professional,110300.0,Government,5.1,Startup,Rented,32600.0,3,2,13400.0,0.0,14800.0,22300.0,16800.0,Yes,20600.0,688.0,435700.0,97300.0,E-commerce Shopping EMI,117000.0,19,Not_Eligible,500.0
27.0,Male,Single,Graduate,89400.0,Private,1.2,Large Indian,Own,0.0,1,0,0.0,0.0,9500.0,20900.0,14000.0,No,0.0,671.0,502000.0,296800.0,E-commerce Shopping EMI,186000.0,18,Eligible,22500.0
48.0,Male,Married,High School,63200.0,Private,9.7,Startup,Own,0.0,4,3,0.0,0.0,8500.0,18900.0,5000.0,No,0.0,637.0,279800.0,,Home Appliances EMI,40000.0,15,Eligible,12320.0
32.0,Female,Married,Graduate,65100.0,Private,2.7,Startup,Family,0.0,2,1,6000.0,0.0,7900.0,10300.0,9400.0,No,0.0,725.0,434900.0,202000.0,Home Appliances EMI,144000.0,16,Eligible,17325.0
58.0,Male,Married,High School,31100.0,Private,14.9,Mid-size,Rented,7700.0,3,2,0.0,8100.0,4500.0,4800.0,2400.0,Yes,3300.0,757.0,80600.0,33300.0,Home Appliances EMI,146000.0,13,Not_Eligible,500.0
27.0,Female,Single,Graduate,71000.0,Government,1.2,Large Indian,Own,0.0,1,0,0.0,0.0,7200.0,19100.0,13900.0,No,0.0,763.0,209200.0,74000.0,Personal Loan EMI,996000.0,20,Not_Eligible,18480.0
32.0,Male,Single,Graduate,33500.0,Private,1.7,Large Indian,Own,7498.0,1,0,0.0,0.0,3500.0,6200.0,3000.0,No,0.0,701.0,152200.0,65100.0,E-commerce Shopping EMI,99000.0,23,Eligible,10400.0
38.0,Male,Married,Post Graduate,37100.0,Private,2.3,MNC,Rented,9400.0,4,3,9800.0,0.0,4500.0,10200.0,4600.0,No,0.0,697.0,201400.0,73300.0,Vehicle EMI,1252000.0,64,Not_Eligible,500.0
58.0,Male,Married,Graduate,44100.0,Private,20.2,Mid-size,Family,0.0,4,3,12700.0,6700.0,4300.0,8700.0,4500.0,Yes,12400.0,635.0,166400.0,92000.0,Personal Loan EMI,475000.0,26,Not_Eligible,500.0
38.0,Male,Married,Graduate,57900.0,Self-employed,13.8,Large Indian,Family,0.0,3,2,2300.0,0.0,7600.0,9200.0,4400.0,Yes,10800.0,683.0,268800.0,144900.0,Education EMI,68000.0,14,Eligible,7434.0
38.0,Male,Married,Post Graduate,79400.0,Private,12.3,Small,Rented,18000.0,2,1,12000.0,12500.0,8600.0,15300.0,15000.0,No,0.0,837.0,508300.0,109600.0,E-commerce Shopping EMI,60000.0,15,Not_Eligible,500.0
38.0,Male,Married,Graduate,62300.0,Self-employed,5.4,Large Indian,Own,0.0,4,3,0.0,0.0,4500.0,17000.0,7600.0,Yes,10000.0,691.0,385700.0,192500.0,Education EMI,242000.0,24,Not_Eligible,8038.8
32.0,Female,Single,,34700.0,Private,1.2,Startup,Family,0.0,1,0,0.0,0.0,3300.0,6600.0,2600.0,Yes,6700.0,717.0,250900.0,100400.0,Education EMI,453000.0,26,Not_Eligible,5967.5
48.0,Male,Married,Professional,165800.0,Government,2.0,MNC,Own,0.0,4,3,0.0,0.0,12800.0,37400.0,26300.0,No,0.0,762.0,240500.0,126400.0,Personal Loan EMI,316000.0,38,Eligible,42864.0
27.0,Male,Single,Post Graduate,112300.0,Private,3.2,MNC,Own,0.0,1,0,0.0,0.0,14000.0,22700.0,9300.0,No,0.0,698.0,298300.0,137200.0,Personal Loan EMI,746000.0,33,High_Risk,33150.0
38.0,Female,Married,High School,14400.0,Private,1.2,Startup,Rented,3100.0,3,2,0.0,0.0,700.0,2400.0,1700.0,Yes,3500.0,583.0,98300.0,34900.0,Education EMI,106000.0,48,Not_Eligible,924.0
32.0,Male,Married,Post Graduate,73300.0,Private,5.0,Mid-size,Rented,17700.0,4,3,10800.0,0.0,10800.0,20900.0,5200.0,Yes,14100.0,701.0,38700.0,18200.0,Vehicle EMI,535000.0,61,Not_Eligible,500.0
38.0,Female,Married,Professional,484417.0,Government,13.2,Large Indian,Rented,52200.0,4,3,6800.0,5800.0,8500.0,25800.0,8600.0,No,0.0,713.0,825900.0,247400.0,Vehicle EMI,664000.0,79,Eligible,22880.0
27.0,Male,Single,Graduate,33800.0,Self-employed,1.8,Mid-size,Family,0.0,2,1,0.0,13100.0,2100.0,6600.0,2900.0,No,0.0,741.0,126400.0,51600.0,Personal Loan EMI,900000.0,26,Not_Eligible,4095.0
38.0,Female,Married,Graduate,43700.0,Private,3.0,MNC,Rented,14200.0,3,2,0.0,23700.0,5900.0,9600.0,8100.0,No,0.0,999.0,29900.0,6500.0,Personal Loan EMI,560000.0,43,Not_Eligible,500.0
48.0,Male,Married,Graduate,29600.0,Government,26.0,MNC,Rented,7000.0,2,1,10600.0,22300.0,3200.0,8800.0,5300.0,No,0.0,763.0,214200.0,115500.0,Personal Loan EMI,507000.0,16,Not_Eligible,500.0
58.0,Male,Married,High School,51100.0,Private,2.6,Mid-size,Own,0.0,3,2,0.0,0.0,5100.0,14700.0,8300.0,Yes,9700.0,719.0,329400.0,75700.0,Personal Loan EMI,159000.0,34,Not_Eligible,5120.5
58.0,Female,Married,Graduate,66500.0,Private,12.0,Large Indian,Own,0.0,2,1,0.0,13600.0,7300.0,11000.0,11200.0,No,0.0,850.0,217700.0,44700.0,Vehicle EMI,1394000.0,27,Not_Eligible,14040.0
32.0,Male,Married,Post Graduate,487419.0,Private,2.2,Startup,Family,0.0,5,4,10300.0,0.0,5600.0,18500.0,11600.0,No,0.0,669.0,434300.0,119900.0,Vehicle EMI,911000.0,50,Not_Eligible,11275.0
38.0,Male,Married,Post Graduate,85800.0,Private,14.2,Startup,Rented,23000.0,2,1,9900.0,0.0,7700.0,20400.0,16300.0,Yes,15600.0,776.0,399200.0,228500.0,E-commerce Shopping EMI,60000.0,13,Not_Eligible,500.0
48.0,Female,Single,Graduate,52300.0,Private,5.8,MNC,Own,0.0,3,2,0.0,0.0,3300.0,11200.0,7000.0,No,0.0,714.0,302900.0,61000.0,Home Appliances EMI,96000.0,36,Eligible,15400.0
32.0,Female,Married,Graduate,66900.0,Private,5.0,Mid-size,Own,0.0,4,3,7200.0,16800.0,7100.0,14600.0,11900.0,Yes,7400.0,613.0,176100.0,67900.0,Home Appliances EMI,108000.0,35,Not_Eligible,532.0
58.0,Male,Single,High School,43600.0,Government,23.0,Large Indian,Rented,7100.0,2,1,7600.0,0.0,5300.0,8500.0,6800.0,Yes,5000.0,850.0,169700.0,46200.0,E-commerce Shopping EMI,34000.0,11,Not_Eligible,1524.6
27.0,Male,Single,Graduate,54500.0,Government,2.1,Mid-size,Rented,16700.0,1,0,0.0,0.0,7800.0,14700.0,9200.0,No,0.0,720.0,246500.0,106000.0,Home Appliances EMI,245000.0,10,Not_Eligible,3050.0
38.0,Male,Married,Graduate,38900.0,Private,2.7,MNC,Own,0.0,3,2,13500.0,0.0,4300.0,8900.0,4200.0,No,0.0,,82100.0,25300.0,E-commerce Shopping EMI,115000.0,9,Not_Eligible,4000.0
38.0,Male,Married,High School,55600.0,Private,3.0,Large Indian,Rented,19300.0,3,2,6300.0,0.0,6600.0,16000.0,6500.0,Yes,8500.0,636.0,119400.0,71200.0,Vehicle EMI,153000.0,48,Not_Eligible,500.0
38.0,Male,Married,Professional,101600.0,Private,4.2,Small,Own,0.0,2,1,0.0,24800.0,10600.0,27900.0,9300.0,Yes,25000.0,747.0,599200.0,340600.0,Personal Loan EMI,757000.0,26,Not_Eligible,1400.0
38.0,Male,Single,Graduate,93100.0,Private,1.3,Large Indian,Own,7140.0,1,0,0.0,0.0,10400.0,19100.0,9400.0,No,0.0,755.0,660300.0,319800.0,Home Appliances EMI,200000.0,11,Eligible,35772.0
32.0,Female,Married,Graduate,34000.0,Private,7.5,Startup,Own,0.0,4,3,7600.0,0.0,2600.0,9000.0,5300.0,No,0.0,690.0,160800.0,34200.0,Vehicle EMI,350000.0,36,Not_Eligible,4750.0
32.0,Female,Single,High School,34900.0,Private,3.4,Large Indian,Own,0.0,2,1,9300.0,0.0,2300.0,10200.0,6500.0,Yes,3800.0,758.0,71500.0,30400.0,Home Appliances EMI,248000.0,31,Not_Eligible,1176.0
27.0,Male,Single,High School,28300.0,Private,0.5,Mid-size,Family,0.0,1,0,0.0,0.0,4000.0,7600.0,3500.0,Yes,6800.0,609.0,166200.0,85800.0,Home Appliances EMI,204000.0,15,Not_Eligible,1433.6
38.0,Female,Married,Graduate,20400.0,Private,7.5,MNC,Own,0.0,2,1,13200.0,0.0,1500.0,4300.0,3900.0,No,0.0,684.0,37800.0,9400.0,E-commerce Shopping EMI,156000.0,8,Not_Eligible,500.0
32.0,Female,Single,Graduate,30100.0,Private,5.5,Large Indian,Own,0.0,1,0,0.0,0.0,2100.0,7300.0,3100.0,No,0.0,,20100.0,9700.0,Vehicle EMI,736000.0,50,Not_Eligible,7040.0
32.0,Female,Single,Post Graduate,72300.0,Private,2.8,MNC,Own,0.0,2,1,0.0,0.0,6400.0,21200.0,10800.0,No,0.0,639.0,294400.0,96600.0,Personal Loan EMI,870000.0,57,Not_Eligible,13560.0
38.0,Female,Married,Post Graduate,114000.0,Private,7.5,Startup,Own,0.0,3,2,0.0,0.0,10500.0,28200.0,11400.0,Yes,24900.0,634.0,420000.0,191300.0,Vehicle EMI,1282000.0,15,Not_Eligible,10920.0
58.0,Female,Married,Professional,58600.0,Private,33.5,Startup,Rented,15400.0,2,1,2400.0,24700.0,7500.0,12600.0,11000.0,No,0.0,820.0,136100.0,40000.0,E-commerce Shopping EMI,110000.0,21,Not_Eligible,500.0
27.0,Female,Single,Graduate,58700.0,Government,0.5,Mid-size,Own,0.0,3,2,13400.0,20700.0,7000.0,16800.0,6600.0,No,0.0,633.0,128400.0,27900.0,Personal Loan EMI,96000.0,50,Not_Eligible,500.0
48.0,Male,Married,Post Graduate,62200.0,Private,18.3,Large Indian,Own,0.0,4,3,3500.0,0.0,6300.0,17000.0,10200.0,Yes,16400.0,716.0,363600.0,171700.0,E-commerce Shopping EMI,153000.0,10,Not_Eligible,3080.0
38.0,Female,Single,Graduate,77400.0,Private,16.0,Large Indian,Family,0.0,1,0,0.0,0.0,8000.0,19300.0,13900.0,Yes,8100.0,728.0,354800.0,115000.0,Home Appliances EMI,191000.0,33,Eligible,9835.0
38.0,Male,Married,High School,43400.0,Private,1.0,MNC,Own,0.0,4,3,0.0,0.0,5900.0,7100.0,3700.0,No,0.0,834.0,93700.0,31500.0,Home Appliances EMI,267000.0,13,Not_Eligible,16020.0
48.0,Male,Married,Graduate,21700.0,Private,17.6,Mid-size,Family,0.0,3,2,0.0,10400.0,2400.0,5800.0,2400.0,No,0.0,644.0,40300.0,16400.0,Education EMI,223000.0,6,Not_Eligible,500.0
38.0,Male,Single,Post Graduate,59500.0,Private,8.6,Large Indian,Own,0.0,1,0,0.0,0.0,7900.0,16800.0,9400.0,Yes,10100.0,708.0,161800.0,36500.0,E-commerce Shopping EMI,20000.0,16,Eligible,5355.0
38.0,Male,Married,Post Graduate,123600.0,Private,0.5,MNC,Rented,20900.0,4,3,8700.0,0.0,9700.0,24300.0,14800.0,Yes,29400.0,622.0,898900.0,470700.0,Personal Loan EMI,126000.0,33,Not_Eligible,3893.12
58.0,Female,Married,High School,86200.0,Private,2.1,Mid-size,Own,0.0,4,3,8500.0,0.0,7600.0,24300.0,14400.0,No,0.0,686.0,184400.0,36900.0,Vehicle EMI,246000.0,53,Eligible,15700.0
32.0,Male,Single,Graduate,31800.0,Private,0.5,Large Indian,Own,0.0,2,1,10100.0,24400.0,4500.0,8400.0,5900.0,No,0.0,699.0,83400.0,17500.0,E-commerce Shopping EMI,163000.0,9,Not_Eligible,500.0
38.0,Male,Married,Graduate,94300.0,Private,1.0,Startup,Family,0.0,4,3,0.0,0.0,5300.0,19000.0,5000.0,No,0.0,724.0,237100.0,101100.0,E-commerce Shopping EMI,46000.0,9,Eligible,32500.0
48.0,Female,Married,Professional,76200.0,Private,6.9,Mid-size,Rented,16000.0,2,1,10800.0,0.0,7600.0,21200.0,12100.0,No,0.0,776.0,191500.0,38900.0,Personal Loan EMI,480000.0,49,Not_Eligible,5100.0
38.0,Male,Married,Graduate,87900.0,Government,4.5,Large Indian,Own,0.0,4,3,2600.0,7700.0,8800.0,21400.0,5100.0,No,0.0,850.0,433600.0,188700.0,Personal Loan EMI,269000.0,12,High_Risk,27918.0
48.0,Male,Married,Post Graduate,39900.0,Government,5.4,Mid-size,Rented,10700.0,2,1,0.0,0.0,3300.0,10300.0,2400.0,Yes,7100.0,713.0,240900.0,57100.0,Vehicle EMI,137000.0,29,Not_Eligible,2583.35
38.0,Male,Married,Graduate,56500.0,Private,2.9,Large Indian,Rented,11500.0,3,2,0.0,0.0,6900.0,13900.0,4100.0,No,0.0,676.0,325900.0,,E-commerce Shopping EMI,81000.0,19,Eligible,10050.0
27.0,Male,Single,Post Graduate,59300.0,Private,0.5,MNC,Rented,11500.0,1,0,0.0,0.0,7100.0,16700.0,5000.0,No,0.0,691.0,412100.0,128300.0,E-commerce Shopping EMI,21000.0,5,Eligible,8360.0
38.0,Female,Married,Graduate,67200.0,Private,1.3,Mid-size,Own,0.0,3,2,0.0,0.0,7400.0,16000.0,7700.0,No,0.0,628.0,501900.0,193100.0,Home Appliances EMI,231000.0,15,Not_Eligible,15884.0
32.0,Male,Married,Post Graduate,36300.0,Private,6.5,Mid-size,Rented,8100.0,2,1,0.0,0.0,4200.0,8400.0,4700.0,Yes,4000.0,661.0,169100.0,47600.0,Home Appliances EMI,106000.0,30,Not_Eligible,2415.0
27.0,Female,Married,Post Graduate,50800.0,Private,0.6,MNC,Family,0.0,3,2,14100.0,9900.0,7600.0,14400.0,7500.0,No,0.0,543.0,219600.0,86900.0,Personal Loan EMI,944000.0,45,Not_Eligible,500.0
37.0,Male,Married,High School,28663.0,Private,1.7,Large Indian,Own,0.0,3,2,0.0,0.0,2800.0,4200.0,2400.0,No,0.0,676.0,197900.0,46400.0,Home Appliances EMI,194000.0,30,Eligible,9515.0
38.0,Male,Married,Post Graduate,82800.0,Private,1.9,MNC,Rented,15200.0,4,3,14900.0,0.0,6600.0,23800.0,8800.0,No,0.0,668.0,60600.0,20500.0,Vehicle EMI,109000.0,19,Not_Eligible,5400.0
48.0,Female,Married,Graduate,123700.0,Government,11.7,Large Indian,Rented,27400.0,4,3,0.0,0.0,9500.0,34200.0,24400.0,Yes,17600.0,752.0,961600.0,262800.0,Vehicle EMI,221000.0,37,Not_Eligible,5386.92
32.0,Female,Single,Graduate,79100.0,Self-employed,1.3,Small,Rented,27200.0,3,2,5300.0,21100.0,9200.0,12600.0,7200.0,No,0.0,782.0,42200.0,11800.0,Education EMI,80000.0,37,Not_Eligible,500.0
38.0,Male,Single,Graduate,88300.0,Private,1.2,MNC,Family,0.0,2,1,9800.0,6400.0,6900.0,23000.0,6500.0,No,0.0,624.0,349700.0,79200.0,Vehicle EMI,136000.0,75,Eligible,14280.0
32.0,Male,Married,Post Graduate,41300.0,Government,4.5,Mid-size,Own,0.0,2,1,9500.0,19500.0,5300.0,10600.0,6900.0,Yes,9800.0,648.0,260000.0,90700.0,Education EMI,74000.0,20,Not_Eligible,500.0
58.0,Male,Married,Post Graduate,109100.0,Self-employed,3.5,Mid-size,Rented,20500.0,3,2,3500.0,0.0,11500.0,20000.0,5600.0,No,0.0,769.0,719900.0,238500.0,Personal Loan EMI,967000.0,51,High_Risk,28512.0
38.0,Male,Married,Graduate,30400.0,Government,3.1,Small,Rented,6900.0,4,3,5600.0,0.0,4400.0,5700.0,2300.0,No,0.0,745.0,187500.0,58000.0,Personal Loan EMI,196000.0,38,Not_Eligible,3327.5
32.0,Male,Single,Post Graduate,52200.0,Private,2.9,Startup,Own,0.0,2,1,0.0,17100.0,4800.0,12100.0,4600.0,Yes,8300.0,608.0,243500.0,98400.0,Personal Loan EMI,788000.0,39,Not_Eligible,1484.0
32.0,Female,Married,High School,21300.0,Government,3.5,MNC,Rented,6200.0,5,4,4800.0,8000.0,2800.0,4700.0,1900.0,No,0.0,730.0,93500.0,45600.0,Personal Loan EMI,449000.0,42,Not_Eligible,500.0
48.0,Female,Married,Graduate,38100.0,Government,3.9,MNC,Family,0.0,3,2,8000.0,0.0,4100.0,10600.0,2600.0,No,0.0,781.0,66000.0,27800.0,Education EMI,63000.0,29,Eligible,6758.4
58.0,Male,Married,Post Graduate,90000.0,Government,5.3,Large Indian,Family,0.0,4,3,6500.0,13500.0,12800.0,25300.0,14200.0,Yes,10300.0,681.0,543900.0,150900.0,Vehicle EMI,1425000.0,63,Not_Eligible,3133.9
48.0,Female,Married,Graduate,37400.0,Private,2.4,Large Indian,Own,0.0,4,3,0.0,0.0,4600.0,11000.0,6500.0,No,0.0,716.0,125100.0,72500.0,Education EMI,307000.0,45,Not_Eligible,7650.0
38.0,Male,Married,Graduate,15000.0,Government,6.9,Mid-size,Rented,4600.0,4,3,10700.0,0.0,2000.0,4300.0,1700.0,Yes,3500.0,714.0,18200.0,7100.0,Home Appliances EMI,53000.0,15,Not_Eligible,500.0
58.0,Male,Married,Graduate,36500.0,Self-employed,6.7,Startup,Own,0.0,2,1,7500.0,0.0,4400.0,10700.0,3400.0,No,0.0,829.0,288500.0,,Personal Loan EMI,515000.0,58,Not_Eligible,6237.0
38.0,Male,Married,Graduate,75200.0,Private,2.1,Large Indian,Own,0.0,3,2,0.0,0.0,11100.0,16900.0,9100.0,No,0.0,738.0,542300.0,186200.0,Education EMI,121000.0,34,Eligible,20955.0
38.0,Male,Married,Post Graduate,30800.0,Private,1.9,Mid-size,Own,0.0,2,1,0.0,0.0,3000.0,6600.0,4100.0,Yes,4300.0,623.0,229100.0,132500.0,Home Appliances EMI,251000.0,35,Not_Eligible,3942.4
32.0,Male,Married,Graduate,29500.0,Self-employed,0.8,MNC,Rented,8800.0,2,1,0.0,0.0,4000.0,8800.0,1700.0,Yes,8500.0,640.0,29700.0,11900.0,E-commerce Shopping EMI,194000.0,14,Not_Eligible,500.0
48.0,Male,Single,Graduate,51300.0,Government,13.3,Mid-size,Family,0.0,2,1,3500.0,6200.0,5000.0,13500.0,6700.0,No,0.0,850.0,181500.0,58000.0,Education EMI,447000.0,30,Not_Eligible,10824.0
48.0,Female,Married,High School,29600.0,Self-employed,5.1,Large Indian,Family,0.0,2,1,3300.0,0.0,1600.0,5300.0,2600.0,Yes,6600.0,726.0,78300.0,26100.0,Home Appliances EMI,91000.0,34,High_Risk,3213.0
38.0,Female,Married,Graduate,52600.0,Private,2.4,Mid-size,Rented,15800.0,4,3,0.0,0.0,4000.0,14300.0,5900.0,No,0.0,646.0,32700.0,18100.0,Personal Loan EMI,716000.0,13,Not_Eligible,4032.0
58.0,Female,Married,Graduate,69800.0,Private,3.6,MNC,Own,0.0,4,3,2200.0,0.0,7900.0,15100.0,9700.0,No,0.0,652.0,268800.0,106900.0,E-commerce Shopping EMI,85000.0,24,Eligible,17450.0
38.0,Female,Married,Graduate,66800.0,Private,3.9,Large Indian,Own,0.0,3,2,0.0,0.0,4700.0,14400.0,10100.0,No,0.0,601.0,504300.0,141300.0,E-commerce Shopping EMI,162000.0,24,Eligible,16544.0
38.0,Male,Married,Graduate,45200.0,Private,10.2,Startup,Rented,7800.0,4,3,0.0,0.0,5300.0,11700.0,7100.0,Yes,8400.0,631.0,158300.0,37500.0,Home Appliances EMI,219000.0,23,Not_Eligible,1372.0
38.0,Female,Married,Post Graduate,114000.0,Private,4.4,Large Indian,Rented,31800.0,3,2,14100.0,0.0,14500.0,24700.0,7000.0,Yes,31200.0,770.0,682900.0,381100.0,Vehicle EMI,680000.0,51,Not_Eligible,500.0
58.0,Female,Married,Post Graduate,62500.0,Private,3.9,MNC,Rented,16700.0,3,2,13200.0,0.0,3400.0,15900.0,10000.0,Yes,13300.0,613.0,149800.0,84800.0,Vehicle EMI,889000.0,15,Not_Eligible,500.0
38.0,Female,Married,High School,56000.0,Private,5.2,Mid-size,Family,0.0,4,3,10800.0,8800.0,5000.0,16600.0,8500.0,No,0.0,705.0,317400.0,146300.0,Home Appliances EMI,126000.0,11,Not_Eligible,3150.0
48.0,Male,Married,Post Graduate,23400.0,Private,7.1,Mid-size,Rented,6200.0,3,2,0.0,0.0,2400.0,6300.0,1200.0,No,0.0,806.0,176300.0,58900.0,Personal Loan EMI,253000.0,46,Not_Eligible,4818.0
27.0,Female,Married,Graduate,60000.0,Private,3.3,Mid-size,Family,0.0,3,2,4800.0,0.0,4800.0,10500.0,6900.0,No,0.0,1200.0,78100.0,33100.0,E-commerce Shopping EMI,154000.0,12,Not_Eligible,13200.0
27.0,Female,Single,Post Graduate,26000.0,Private,1.0,MNC,Rented,5600.0,1,0,0.0,0.0,1700.0,6000.0,2200.0,Yes,5700.0,740.0,48000.0,26100.0,Vehicle EMI,153000.0,31,Not_Eligible,1344.0
32.0,Male,Single,Graduate,41600.0,Private,1.5,Startup,Rented,7100.0,1,0,0.0,0.0,3400.0,6300.0,7600.0,No,0.0,684.0,291800.0,106600.0,Personal Loan EMI,491000.0,37,Not_Eligible,9460.0
38.0,Female,Married,High School,50000.0,Private,6.3,Large Indian,Family,0.0,4,3,13900.0,24100.0,4700.0,9600.0,5100.0,Yes,10700.0,637.0,218600.0,99500.0,Education EMI,347000.0,46,Not_Eligible,500.0
48.0,Female,Married,High School,46300.0,Private,1.7,Startup,Own,0.0,2,1,0.0,7900.0,6600.0,13100.0,4700.0,No,0.0,758.0,93900.0,23400.0,Personal Loan EMI,309000.0,27,Not_Eligible,8400.0
58.0,Male,Married,Post Graduate,70400.0,Private,3.0,Large Indian,Family,0.0,4,3,11400.0,19900.0,9700.0,19100.0,12500.0,Yes,16200.0,639.0,503500.0,112700.0,Vehicle EMI,805000.0,70,Not_Eligible,500.0
32.0,Female,Married,Graduate,41600.0,Government,3.0,Startup,Own,0.0,2,1,7300.0,0.0,4800.0,10700.0,2900.0,No,0.0,837.0,321000.0,95700.0,Vehicle EMI,1491000.0,81,Not_Eligible,11543.4
58.0,Male,Married,Graduate,39000.0,Private,4.8,Small,Family,0.0,4,3,5800.0,0.0,5600.0,11400.0,6000.0,No,0.0,578.0,200700.0,102200.0,Home Appliances EMI,258000.0,10,Not_Eligible,4080.0
38.0,Male,Married,High School,25700.0,Private,1.4,Mid-size,Rented,8900.0,2,1,0.0,0.0,3100.0,5400.0,2300.0,No,0.0,664.0,191300.0,57200.0,Personal Loan EMI,679000.0,59,Not_Eligible,3300.0
32.0,Female,Married,Graduate,37500.0,Private,3.2,MNC,Rented,6700.0,3,2,0.0,0.0,4200.0,9600.0,2900.0,Yes,8800.0,678.0,103500.0,59500.0,Vehicle EMI,534000.0,38,Not_Eligible,1855.0
38.0,Female,Married,Graduate,41800.0,Private,13.1,Mid-size,Rented,14300.0,3,2,0.0,0.0,4100.0,7400.0,7700.0,No,0.0,674.0,119800.0,57300.0,Personal Loan EMI,174000.0,50,Not_Eligible,4150.0
48.0,Female,Married,Graduate,22700.0,Private,2.2,MNC,Family,0.0,4,3,0.0,23200.0,3000.0,6300.0,1300.0,No,0.0,720.0,141800.0,33400.0,Home Appliances EMI,248000.0,33,Not_Eligible,500.0
38.0,Female,Married,Graduate,84000.0,Private,4.1,Mid-size,Rented,18800.0,2,1,0.0,18200.0,4800.0,16900.0,6900.0,No,0.0,715.0,471700.0,160000.0,Education EMI,408000.0,24,Not_Eligible,9200.0
32.0,Female,Married,Post Graduate,69600.0,Private,5.6,Mid-size,Own,0.0,3,2,14900.0,0.0,9900.0,14100.0,6000.0,Yes,10400.0,596.0,275100.0,90900.0,Vehicle EMI,963000.0,70,Not_Eligible,4004.0
38.0,Male,Single,Professional,140100.0,Private,0.5,Small,Own,0.0,1,0,0.0,0.0,12500.0,27000.0,14100.0,No,0.0,750.0,148900.0,62400.0,Personal Loan EMI,128000.0,14,Eligible,33216.0
48.0,Female,Married,Professional,141300.0,Private,4.6,Large Indian,Own,0.0,2,1,14800.0,18900.0,21000.0,28000.0,24900.0,Yes,17200.0,683.0,899000.0,463800.0,Personal Loan EMI,975000.0,51,Not_Eligible,6352.5
48.0,Male,Married,Post Graduate,104200.0,Private,3.8,Large Indian,Own,0.0,2,1,3200.0,24500.0,5800.0,17100.0,6600.0,Yes,30200.0,656.0,447200.0,180100.0,Home Appliances EMI,63000.0,36,Eligible,5880.0
38.0,Male,Married,Post Graduate,26000.0,Private,3.8,Large Indian,Own,0.0,3,2,3300.0,0.0,2700.0,5000.0,2300.0,No,0.0,646.0,56700.0,21900.0,Personal Loan EMI,207000.0,34,Not_Eligible,5080.0
27.0,Male,Married,Professional,62900.0,Private,4.4,Startup,Own,0.0,3,2,0.0,0.0,7900.0,11800.0,3300.0,Yes,15400.0,619.0,174600.0,71500.0,E-commerce Shopping EMI,96000.0,6,Not_Eligible,6860.0
48.0,Female,Married,Graduate,39400.0,Private,6.2,MNC,Rented,7500.0,4,3,0.0,16000.0,4100.0,6200.0,6400.0,No,0.0,643.0,221000.0,64600.0,Home Appliances EMI,224000.0,7,Not_Eligible,500.0
32.0,Male,Married,Graduate,56400.0,Private,4.9,MNC,Rented,19200.0,3,2,0.0,0.0,3300.0,12500.0,9600.0,No,0.0,621.0,227900.0,118000.0,Personal Loan EMI,664000.0,28,Not_Eligible,4720.0
38.0,Male,Married,Graduate,20200.0,Private,0.5,Large Indian,Own,0.0,3,2,3100.0,20800.0,1800.0,4200.0,2200.0,No,0.0,706.0,93700.0,47900.0,Education EMI,245000.0,17,Not_Eligible,500.0
32.0,Female,Married,Post Graduate,127100.0,Private,0.5,Mid-size,Rented,20600.0,4,3,10000.0,0.0,8400.0,29300.0,11000.0,No,0.0,743.0,235100.0,58800.0,Education EMI,261000.0,42,Eligible,15296.0
48.0,Male,Married,Graduate,39300.0,Private,2.5,Large Indian,Rented,11000.0,2,1,0.0,0.0,2800.0,6900.0,6200.0,Yes,10700.0,567.0,35300.0,20300.0,Personal Loan EMI,918000.0,26,Not_Eligible,500.0
38.0,Female,Married,Post Graduate,42400.0,Private,1.6,Large Indian,Family,0.0,3,2,0.0,0.0,3900.0,12600.0,5800.0,No,0.0,615.0,312100.0,100400.0,Personal Loan EMI,911000.0,47,Not_Eligible,8844.0
32.0,Female,Married,Graduate,34100.0,Private,4.1,Large Indian,Rented,9400.0,4,3,3300.0,0.0,3900.0,8100.0,6700.0,No,0.0,582.0,106400.0,53600.0,E-commerce Shopping EMI,192000.0,19,Not_Eligible,1080.0
48.0,Male,Married,Post Graduate,121500.0,Private,2.6,MNC,Own,0.0,4,3,3800.0,0.0,14000.0,28400.0,12400.0,Yes,19100.0,648.0,405900.0,210200.0,Vehicle EMI,1120000.0,27,Not_Eligible,12264.0
48.0,Male,Married,Professional,54900.0,Government,23.8,MNC,Rented,9300.0,3,2,0.0,0.0,4800.0,11000.0,5400.0,No,0.0,749.0,210400.0,105200.0,Personal Loan EMI,553000.0,54,Not_Eligible,13420.0
38.0,Male,Married,Graduate,37600.0,Government,1.3,Large Indian,Rented,10400.0,2,1,0.0,6500.0,3300.0,8400.0,3300.0,No,0.0,713.0,114500.0,57400.0,Personal Loan EMI,343000.0,25,Not_Eligible,2850.0
48.0,Female,Married,Post Graduate,87000.0,Private,2.5,Startup,Own,0.0,2,1,10700.0,0.0,12100.0,25900.0,14300.0,No,0.0,850.0,321600.0,82600.0,Home Appliances EMI,108000.0,21,Eligible,14400.0
58.0,Female,Married,Graduate,33600.0,Private,18.6,Large Indian,Own,0.0,2,1,3500.0,0.0,4900.0,9500.0,3500.0,No,0.0,676.0,142600.0,51400.0,Personal Loan EMI,250000.0,41,Not_Eligible,6100.0
48.0,Male,Married,Professional,114800.0,Self-employed,20.1,Mid-size,Family,0.0,3,2,2500.0,0.0,7000.0,24300.0,14800.0,Yes,15500.0,732.0,723700.0,150500.0,E-commerce Shopping EMI,121000.0,17,Eligible,17567.55
38.0,Male,Married,Graduate,46100.0,Self-employed,0.5,Large Indian,Family,0.0,4,3,14100.0,0.0,5000.0,11100.0,6700.0,Yes,5100.0,686.0,302600.0,76100.0,Vehicle EMI,85000.0,66,Not_Eligible,1420.65
27.0,Male,Single,High School,31500.0,Private,0.5,Mid-size,Rented,6000.0,3,2,0.0,0.0,4100.0,6700.0,2300.0,Yes,8900.0,662.0,102400.0,58800.0,E-commerce Shopping EMI,147000.0,13,Not_Eligible,980.0
27.0,Male,Single,Graduate,68000.0,Private,2.5,Startup,Own,0.0,1,0,0.0,0.0,10000.0,18400.0,10200.0,No,0.0,642.0,106500.0,43900.0,Education EMI,144000.0,26,Eligible,9408.0
27.0,Male,Single,Graduate,29900.0,Government,0.5,MNC,Rented,7000.0,3,2,12400.0,14300.0,1900.0,7300.0,4300.0,No,0.0,850.0,158600.0,71300.0,Vehicle EMI,789000.0,59,Not_Eligible,500.0
38.0,Male,Married,Graduate,48000.0,Private,6.4,MNC,Own,0.0,4,3,0.0,22600.0,3900.0,8100.0,9400.0,No,0.0,791.0,380900.0,208100.0,Vehicle EMI,1243000.0,33,Not_Eligible,2640.0
48.0,Female,Married,Post Graduate,106900.0,Private,1.2,Startup,Rented,23300.0,3,2,0.0,0.0,6600.0,31700.0,6300.0,No,0.0,837.0,180100.0,85900.0,Education EMI,449000.0,38,Eligible,18720.0
38.0,Female,Married,Post Graduate,35100.0,Government,1.3,Startup,Own,0.0,3,2,0.0,0.0,4900.0,7600.0,3800.0,No,0.0,732.0,263700.0,114600.0,Education EMI,318000.0,33,Not_Eligible,10340.0
27.0,Male,Single,Professional,48100.0,Private,5.0,Startup,Own,0.0,1,0,0.0,0.0,3000.0,11400.0,9200.0,Yes,5400.0,658.0,180200.0,100400.0,Home Appliances EMI,34000.0,35,Eligible,6685.0
38.0,Female,Married,Graduate,123500.0,Private,3.4,MNC,Rented,23000.0,5,4,0.0,0.0,11900.0,30600.0,17800.0,No,0.0,688.0,689400.0,283800.0,Home Appliances EMI,257000.0,27,Eligible,20100.0
27.0,Male,Single,Professional,69700.0,Self-employed,2.4,Mid-size,Rented,22700.0,3,2,0.0,8400.0,4100.0,15500.0,5300.0,Yes,8400.0,652.0,212800.0,69900.0,Home Appliances EMI,209000.0,25,Not_Eligible,1669.5
32.0,Male,Married,High School,48700.0,Private,3.0,Mid-size,Own,0.0,4,3,4100.0,19600.0,4900.0,8900.0,2900.0,No,0.0,647.0,261100.0,54800.0,Personal Loan EMI,100000.0,25,Not_Eligible,3320.0
38.0,Male,Married,Post Graduate,38100.0,Government,2.6,Mid-size,Family,0.0,4,3,0.0,0.0,4700.0,10800.0,7500.0,No,0.0,739.0,143800.0,77700.0,Education EMI,306000.0,29,Not_Eligible,7550.0
58.0,Female,Single,Post Graduate,111700.0,Private,7.5,Large Indian,Own,0.0,2,1,4100.0,0.0,8100.0,32100.0,15800.0,Yes,17700.0,691.0,548100.0,234600.0,Vehicle EMI,926000.0,38,Not_Eligible,11865.0
27.0,Female,Married,Post Graduate,123500.0,Private,2.0,MNC,Own,0.0,4,3,10300.0,19000.0,8400.0,21900.0,15700.0,No,0.0,721.0,950000.0,494800.0,Education EMI,247000.0,29,Eligible,26510.0
48.0,Male,Married,Post Graduate,19500.0,Private,8.0,Startup,Own,0.0,3,2,0.0,16100.0,2600.0,4600.0,2500.0,Yes,2200.0,712.0,36900.0,17300.0,E-commerce Shopping EMI,66000.0,24,Not_Eligible,500.0
27.0,Female,Single,Graduate,51600.0,Government,0.8,Large Indian,Family,0.0,2,1,14600.0,0.0,7500.0,8800.0,7600.0,Yes,9900.0,674.0,314400.0,69200.0,Personal Loan EMI,151000.0,37,Not_Eligible,1232.0
32.0,Male,Married,Post Graduate,427067.0,Private,0.5,Mid-size,Family,0.0,2,1,0.0,14700.0,2800.0,7800.0,6600.0,No,0.0,690.0,283200.0,92000.0,E-commerce Shopping EMI,39000.0,14,Not_Eligible,2288.0
32.0,Male,Single,Graduate,30300.0,Private,5.0,Startup,Rented,6200.0,1,0,0.0,0.0,3600.0,5500.0,4800.0,Yes,5200.0,688.0,46200.0,9500.0,Personal Loan EMI,994000.0,32,Not_Eligible,1400.0
48.0,Female,Married,Post Graduate,122000.0,Private,9.4,MNC,Rented,28900.0,4,3,11900.0,0.0,16100.0,20100.0,18500.0,Yes,31600.0,702.0,429000.0,200000.0,E-commerce Shopping EMI,188000.0,22,Not_Eligible,500.0
48.0,Female,Married,Graduate,36800.0,Private,15.6,Large Indian,Own,0.0,2,1,0.0,19800.0,4200.0,7700.0,5900.0,Yes,9500.0,793.0,65500.0,15300.0,Education EMI,294000.0,37,Not_Eligible,500.0
38.0,Male,Married,Graduate,47800.0,Private,0.7,Large Indian,Rented,9100.0,2,1,0.0,0.0,2800.0,11700.0,5500.0,Yes,6900.0,637.0,216100.0,69300.0,Vehicle EMI,425000.0,56,Not_Eligible,2643.2
58.0,Male,Married,Graduate,44200.0,Private,8.3,MNC,Own,0.0,2,1,5100.0,19700.0,3200.0,7000.0,3300.0,No,0.0,850.0,181300.0,58400.0,Education EMI,152000.0,21,Not_Eligible,3540.0
27.0,Male,Single,Graduate,55300.0,Government,0.5,Large Indian,Family,0.0,1,0,0.0,0.0,8000.0,10900.0,4700.0,Yes,9800.0,569.0,369600.0,194400.0,Home Appliances EMI,208000.0,26,Not_Eligible,6745.2
27.0,Male,Single,Professional,80600.0,Private,0.7,Large Indian,Rented,17700.0,1,0,0.0,0.0,6800.0,20900.0,4100.0,No,0.0,656.0,546800.0,304800.0,Vehicle EMI,311000.0,57,Eligible,13684.0
27.0,Female,Single,Graduate,75100.0,Private,0.7,MNC,Own,0.0,1,0,0.0,0.0,9300.0,13500.0,13200.0,Yes,19500.0,735.0,137300.0,37100.0,Education EMI,56000.0,28,Eligible,4390.4
27.0,Male,Single,High School,44200.0,Government,1.7,MNC,Rented,8600.0,2,1,0.0,0.0,4100.0,7700.0,2600.0,No,0.0,764.0,246500.0,73600.0,Education EMI,214000.0,6,Not_Eligible,12720.0
27.0,Male,Single,Post Graduate,98100.0,Private,1.0,Large Indian,Family,0.0,2,1,0.0,0.0,10100.0,21900.0,12900.0,No,0.0,639.0,303300.0,171900.0,Vehicle EMI,1135000.0,77,High_Risk,21280.0
27.0,Male,Single,High School,16500.0,Government,0.5,Mid-size,Own,0.0,1,0,0.0,0.0,900.0,4000.0,1900.0,Yes,2700.0,697.0,106200.0,47400.0,Education EMI,268000.0,30,Not_Eligible,2695.0
58.0,Female,Married,Graduate,49800.0,Private,17.1,Small,Own,0.0,3,2,0.0,0.0,5700.0,8600.0,6400.0,No,0.0,842.0,29400.0,13800.0,Personal Loan EMI,91000.0,38,Eligible,13968.0
32.0,Female,Married,Post Graduate,20800.0,Government,0.8,Large Indian,Family,0.0,4,3,11500.0,0.0,2000.0,5200.0,4000.0,No,0.0,788.0,105200.0,22300.0,Personal Loan EMI,725000.0,13,Not_Eligible,500.0
38.0,Male,Married,Post Graduate,141600.0,Private,1.3,MNC,Rented,38600.0,3,2,2700.0,0.0,15000.0,22500.0,10900.0,No,0.0,734.0,660200.0,390100.0,Vehicle EMI,994000.0,60,High_Risk,25950.0
27.0,Female,Married,Graduate,28400.0,Private,1.9,Mid-size,Own,0.0,4,3,6100.0,0.0,2000.0,7900.0,5000.0,Yes,7700.0,681.0,73200.0,41600.0,Personal Loan EMI,429000.0,37,Not_Eligible,500.0
58.0,Male,Married,Post Graduate,71000.0,Private,20.2,MNC,Family,0.0,4,3,0.0,17800.0,8700.0,14300.0,9800.0,No,0.0,767.0,217900.0,103100.0,Home Appliances EMI,159000.0,6,Not_Eligible,12240.0
48.0,Male,Married,High School,51200.0,Private,15.4,Mid-size,Family,0.0,4,3,13100.0,0.0,2800.0,10500.0,5700.0,No,0.0,739.0,349700.0,168400.0,Home Appliances EMI,43000.0,6,Eligible,10505.0
38.0,Male,Married,Professional,27000.0,Private,0.5,MNC,Own,0.0,5,4,0.0,0.0,2100.0,6800.0,1800.0,Yes,8000.0,677.0,85600.0,19300.0,Personal Loan EMI,122000.0,37,Not_Eligible,2324.0
48.0,Female,Married,Professional,57200.0,Self-employed,1.8,MNC,Family,0.0,3,2,9700.0,0.0,3500.0,12600.0,6000.0,No,0.0,757.0,373400.0,146200.0,E-commerce Shopping EMI,150000.0,17,Eligible,15087.6
32.0,Female,Married,Professional,63200.0,Private,10.0,Large Indian,Own,0.0,3,2,7800.0,0.0,8900.0,15200.0,10500.0,Yes,12100.0,691.0,408700.0,85100.0,Home Appliances EMI,202000.0,14,Not_Eligible,3349.5
48.0,Female,Married,High School,16000.0,Private,1.5,MNC,Rented,2500.0,5,4,0.0,0.0,2100.0,4300.0,1500.0,No,0.0,623.0,52700.0,18200.0,Personal Loan EMI,776000.0,57,Not_Eligible,2240.0
38.0,Male,Married,Professional,108200.0,Private,3.7,Startup,Family,0.0,4,3,4100.0,12400.0,6000.0,28900.0,19200.0,No,0.0,824.0,419400.0,138500.0,Home Appliances EMI,205000.0,35,Eligible,22560.0
32.0,Male,Single,Graduate,75600.0,Government,0.5,Startup,Rented,24300.0,1,0,0.0,0.0,8700.0,20200.0,12600.0,Yes,21700.0,700.0,338900.0,74400.0,Personal Loan EMI,776000.0,14,Not_Eligible,500.0
32.0,Male,Married,High School,32900.0,Private,1.7,Small,Own,0.0,4,3,3800.0,0.0,4800.0,5400.0,2300.0,No,0.0,620.0,217500.0,69300.0,Vehicle EMI,410000.0,74,Not_Eligible,7304.0
58.0,Female,Married,Post Graduate,46700.0,Private,4.9,Small,Rented,14100.0,3,2,0.0,0.0,2500.0,7200.0,4700.0,No,0.0,703.0,247200.0,98200.0,Home Appliances EMI,210000.0,8,Not_Eligible,9100.0
58.0,Male,Married,Post Graduate,328453.0,Private,1.8,MNC,Rented,18600.0,4,3,3600.0,0.0,7000.0,17800.0,9400.0,No,0.0,669.0,414900.0,163200.0,Home Appliances EMI,247000.0,18,Not_Eligible,5940.0
27.0,Male,Single,Post Graduate,26400.0,Private,0.5,Startup,Rented,4100.0,1,0,0.0,0.0,3500.0,7600.0,4100.0,Yes,4200.0,585.0,22300.0,11400.0,Personal Loan EMI,925000.0,51,Not_Eligible,519.68
38.0,Male,Married,Graduate,19300.0,Government,1.8,MNC,Family,0.0,3,2,0.0,0.0,1200.0,4600.0,1300.0,Yes,2200.0,700.0,39500.0,15100.0,Personal Loan EMI,454000.0,60,Not_Eligible,3500.0
32.0,Male,Single,Graduate,49800.0,Private,6.3,Mid-size,Own,0.0,1,0,0.0,0.0,6400.0,8700.0,6700.0,No,0.0,734.0,130700.0,70500.0,Home Appliances EMI,153000.0,8,Not_Eligible,14000.0
48.0,Male,Married,Graduate,21100.0,Private,4.1,Mid-size,Own,0.0,3,2,12100.0,13200.0,1700.0,4300.0,1800.0,Yes,5900.0,598.0,128600.0,42100.0,Personal Loan EMI,697000.0,60,Not_Eligible,500.0
38.0,Female,Married,Graduate,31300.0,Private,9.0,MNC,Rented,6700.0,2,1,14500.0,11300.0,4600.0,8900.0,3200.0,No,0.0,713.0,222700.0,51800.0,Home Appliances EMI,22000.0,17,Not_Eligible,500.0
38.0,Male,Married,High School,56000.0,Private,9.2,Startup,Family,0.0,2,1,9400.0,0.0,5100.0,12500.0,6800.0,No,0.0,804.0,75700.0,26200.0,Education EMI,381000.0,10,Not_Eligible,10656.0
38.0,Female,Married,Professional,100100.0,Private,6.2,MNC,Rented,26500.0,3,2,0.0,0.0,8500.0,19800.0,15100.0,Yes,16900.0,736.0,564400.0,327900.0,Home Appliances EMI,194000.0,32,Not_Eligible,4655.0
58.0,Female,Married,Post Graduate,102900.0,Private,26.1,MNC,Own,0.0,3,2,0.0,0.0,11700.0,16700.0,19800.0,Yes,16800.0,728.0,463700.0,258800.0,Education EMI,239000.0,37,Eligible,13265.0
48.0,Female,Married,Graduate,115400.0,Government,0.9,Mid-size,Family,0.0,4,3,6800.0,0.0,12800.0,19500.0,17000.0,No,0.0,688.0,832400.0,255300.0,E-commerce Shopping EMI,73000.0,22,Eligible,32615.0
38.0,Female,Married,Post Graduate,137000.0,Self-employed,1.9,MNC,Rented,21700.0,4,3,4200.0,0.0,16900.0,38700.0,9600.0,Yes,21900.0,709.0,445900.0,90000.0,Personal Loan EMI,422000.0,53,Not_Eligible,7560.0
38.0,Female,Married,High School,42000.0,Private,4.9,Large Indian,Family,0.0,3,2,9300.0,0.0,3200.0,9200.0,8000.0,Yes,9000.0,534.0,316300.0,139100.0,Education EMI,277000.0,36,Not_Eligible,635.25
32.0,Male,Single,Graduate,85497.0,Private,10.0,Mid-size,Own,0.0,3,2,0.0,0.0,11600.0,16900.0,8200.0,No,0.0,809.0,182200.0,62400.0,Personal Loan EMI,869000.0,16,Not_Eligible,30360.0
38.0,Male,Married,Graduate,40200.0,Private,2.1,Mid-size,Own,0.0,4,3,8900.0,0.0,5900.0,7600.0,5900.0,Yes,10500.0,701.0,110000.0,57900.0,Vehicle EMI,800000.0,47,Not_Eligible,500.0
32.0,Male,Married,Post Graduate,8017.0,Government,1.8,Large Indian,Rented,11000.0,2,1,4500.0,12500.0,6400.0,7000.0,7500.0,Yes,10000.0,718.0,96800.0,36700.0,Home Appliances EMI,48000.0,34,Not_Eligible,500.0
48.0,Female,Married,Post Graduate,50100.0,Private,16.3,Mid-size,Own,0.0,3,2,14800.0,17000.0,5900.0,14200.0,4400.0,Yes,9900.0,686.0,39400.0,12500.0,Education EMI,466000.0,47,Not_Eligible,500.0
38.0,Female,Married,Post Graduate,58300.0,Private,3.0,MNC,Rented,12100.0,3,2,2800.0,6700.0,3300.0,12000.0,6200.0,No,0.0,792.0,248200.0,147900.0,Personal Loan EMI,737000.0,34,Not_Eligible,9120.0
38.0,Male,Married,High School,38200.0,Government,3.1,Mid-size,Own,0.0,2,1,2200.0,0.0,2100.0,6800.0,2900.0,No,0.0,666.0,213000.0,71700.0,Vehicle EMI,692000.0,51,Not_Eligible,13310.0
38.0,Male,Married,High School,16800.0,Private,4.4,Small,Own,0.0,5,4,9800.0,14000.0,1700.0,3900.0,2100.0,Yes,2400.0,607.0,96600.0,25600.0,Personal Loan EMI,152000.0,27,Not_Eligible,500.0
27.0,Male,Married,,89500.0,Government,1.1,Small,Rented,21800.0,5,4,5400.0,0.0,7500.0,26000.0,15700.0,Yes,14400.0,646.0,520800.0,236700.0,Vehicle EMI,896000.0,30,Not_Eligible,500.0
48.0,Male,Married,Graduate,35700.0,Self-employed,0.5,MNC,Own,0.0,4,3,3800.0,0.0,3500.0,10000.0,3500.0,No,0.0,678.0,37500.0,18500.0,Home Appliances EMI,59000.0,6,Not_Eligible,5364.0
38.0,Male,Married,Post Graduate,44100.0,Government,1.1,MNC,Own,0.0,3,2,0.0,5200.0,4000.0,7200.0,3700.0,Yes,9900.0,712.0,104900.0,39500.0,Education EMI,424000.0,18,Not_Eligible,4935.0
48.0,Male,Married,Graduate,26300.0,Private,0.5,Large Indian,Family,0.0,3,2,3000.0,22400.0,3500.0,7600.0,3300.0,Yes,7500.0,598.0,118400.0,42600.0,E-commerce Shopping EMI,137000.0,19,Not_Eligible,500.0
32.0,Male,Single,Graduate,455344.0,Private,5.7,Mid-size,Own,0.0,3,2,0.0,11800.0,6900.0,13100.0,8200.0,Yes,12500.0,733.0,187500.0,74400.0,Education EMI,220000.0,9,Not_Eligible,500.0
32.0,Male,Single,Graduate,54900.0,Private,1.2,Mid-size,Rented,10600.0,1,0,0.0,0.0,2900.0,13000.0,4000.0,No,0.0,733.0,402400.0,122800.0,E-commerce Shopping EMI,93000.0,9,High_Risk,13420.0
27.0,Male,Single,Professional,156200.0,Private,0.7,Large Indian,Family,0.0,2,1,12100.0,0.0,19800.0,42900.0,30000.0,No,0.0,622.0,1166900.0,448400.0,Personal Loan EMI,766000.0,47,Not_Eligible,18092.8
48.0,Male,Married,High School,52200.0,Private,0.8,Small,Rented,9200.0,5,4,9100.0,13700.0,3500.0,11600.0,9200.0,No,0.0,702.0,108700.0,64100.0,Vehicle EMI,1500000.0,17,Not_Eligible,500.0
48.0,Female,Married,High School,64600.0,Government,1.1,Large Indian,Rented,17900.0,2,1,6300.0,0.0,3300.0,16200.0,9900.0,No,0.0,685.0,205300.0,89400.0,E-commerce Shopping EMI,90000.0,4,Not_Eligible,5500.0
38.0,Male,Married,Professional,65500.0,Private,0.6,Mid-size,Family,0.0,4,3,10800.0,22400.0,4700.0,18500.0,11700.0,Yes,8300.0,555.0,39000.0,17300.0,E-commerce Shopping EMI,53000.0,16,Not_Eligible,500.0
32.0,Male,Married,High School,25100.0,Private,6.6,Small,Family,0.0,2,1,0.0,0.0,2000.0,4000.0,1600.0,Yes,5400.0,0.0,127300.0,50800.0,Vehicle EMI,174000.0,61,High_Risk,4235.0
58.0,Male,Married,Professional,10664.0,Private,6.9,Large Indian,Own,0.0,3,2,7200.0,0.0,6200.0,9400.0,3300.0,No,0.0,761.0,263600.0,131000.0,Home Appliances EMI,36000.0,18,Eligible,11550.0
48.0,Male,Married,Graduate,19400.0,Private,2.9,Large Indian,Own,,2,1,12500.0,0.0,1700.0,4100.0,2900.0,No,0.0,627.0,89600.0,35400.0,Vehicle EMI,472000.0,52,Not_Eligible,500.0
38.0,Female,Married,Graduate,67500.0,Private,2.6,Small,Rented,20100.0,4,3,13400.0,9400.0,4100.0,13000.0,4700.0,Yes,18100.0,666.0,285800.0,69700.0,E-commerce Shopping EMI,190000.0,18,Not_Eligible,500.0
27.0,Female,Single,Graduate,42800.0,Private,0.7,Large Indian,Rented,10100.0,1,0,0.0,0.0,3000.0,8900.0,4400.0,Yes,7600.0,662.0,191100.0,59300.0,Vehicle EMI,1302000.0,47,Not_Eligible,2464.0
27.0,Female,Single,High School,57500.0,Private,0.5,Mid-size,Own,0.0,3,2,0.0,9800.0,7500.0,10300.0,9600.0,Yes,12900.0,676.0,148600.0,60800.0,Personal Loan EMI,616000.0,21,Not_Eligible,2072.0
38.0,Male,Married,High School,10633.0,Private,5.5,Startup,Own,0.0,3,2,2100.0,0.0,2200.0,6100.0,2300.0,No,0.0,770.0,60500.0,17600.0,Personal Loan EMI,915000.0,35,Not_Eligible,5100.0
38.0,Male,Married,Graduate,30700.0,Private,0.8,Startup,Rented,9100.0,5,4,0.0,16100.0,3700.0,8600.0,2500.0,No,0.0,772.0,70800.0,40400.0,Vehicle EMI,604000.0,78,Not_Eligible,500.0
48.0,Male,Married,Post Graduate,88900.0,Private,11.5,MNC,Family,0.0,4,3,11700.0,0.0,5400.0,13800.0,13200.0,Yes,19600.0,663.0,240200.0,90100.0,Vehicle EMI,842000.0,55,Not_Eligible,8820.0
48.0,Male,Married,High School,44300.0,Private,6.6,Small,Family,0.0,5,4,0.0,10500.0,5200.0,10200.0,7200.0,No,0.0,674.0,352500.0,140500.0,Vehicle EMI,1204000.0,80,Not_Eligible,6160.0
48.0,Male,Married,Graduate,40900.0,Private,9.8,Mid-size,Own,0.0,5,4,0.0,7500.0,2800.0,9300.0,2200.0,No,0.0,733.0,193100.0,70700.0,Personal Loan EMI,841000.0,48,Not_Eligible,9550.0
38.0,Male,Married,High School,81200.0,Government,13.7,MNC,Rented,27300.0,5,4,0.0,0.0,7700.0,16500.0,4100.0,Yes,10300.0,732.0,95800.0,57000.0,Vehicle EMI,1026000.0,76,Not_Eligible,4712.4
48.0,Female,Married,Graduate,24800.0,Private,6.9,Mid-size,Own,0.0,3,2,13000.0,0.0,2400.0,7300.0,3400.0,No,0.0,738.0,23800.0,12500.0,Home Appliances EMI,88000.0,24,Not_Eligible,500.0
32.0,Male,Single,Graduate,25300.0,Private,1.6,Startup,Rented,5100.0,2,1,9400.0,0.0,3600.0,7400.0,1800.0,Yes,3100.0,694.0,40000.0,17600.0,Home Appliances EMI,152000.0,20,Not_Eligible,500.0
48.0,Male,Married,Professional,124900.0,Government,4.8,Mid-size,Family,0.0,5,4,5300.0,8900.0,14600.0,22600.0,22800.0,No,0.0,773.0,857200.0,290100.0,Personal Loan EMI,613000.0,42,Eligible,36808.2
58.0,Male,Married,Graduate,73500.0,Private,10.9,Small,Own,0.0,3,2,0.0,0.0,8500.0,16200.0,9800.0,Yes,19900.0,598.0,325700.0,102300.0,Home Appliances EMI,255000.0,31,Not_Eligible,5348.0
27.0,Male,Single,Post Graduate,136300.0,Government,0.6,Mid-size,Rented,45300.0,2,1,6800.0,0.0,15900.0,28200.0,8100.0,Yes,31500.0,711.0,899800.0,254400.0,Personal Loan EMI,658000.0,28,Not_Eligible,500.0
27.0,Female,Single,Graduate,43600.0,Private,3.6,Large Indian,Family,0.0,1,0,0.0,0.0,3000.0,11700.0,5900.0,No,0.0,586.0,318200.0,99900.0,Home Appliances EMI,138000.0,23,Eligible,10120.0
38.0,Male,Married,High School,32300.0,Private,0.8,MNC,Family,0.0,4,3,6800.0,8400.0,1700.0,6000.0,4700.0,No,0.0,723.0,90100.0,28000.0,Home Appliances EMI,94000.0,7,Not_Eligible,1880.0
38.0,Male,Married,Professional,64200.0,Self-employed,0.7,Large Indian,Rented,11200.0,3,2,0.0,0.0,8000.0,12600.0,9000.0,No,0.0,704.0,157800.0,52100.0,E-commerce Shopping EMI,105000.0,14,Eligible,10530.0
27.0,Female,Single,Professional,111400.0,Private,1.5,Mid-size,Rented,37400.0,1,0,0.0,0.0,6300.0,27400.0,18000.0,Yes,17000.0,670.0,234700.0,74400.0,Personal Loan EMI,982000.0,15,Not_Eligible,1855.0
48.0,Male,Married,Professional,47900.0,Private,26.0,MNC,Family,0.0,2,1,0.0,0.0,4900.0,12900.0,8400.0,Yes,7400.0,735.0,127700.0,50300.0,E-commerce Shopping EMI,139000.0,24,Not_Eligible,5005.0
38.0,Male,Married,High School,37500.0,Government,16.0,MNC,Rented,9500.0,3,2,8300.0,0.0,2400.0,7400.0,5700.0,Yes,10600.0,753.0,,33200.0,Home Appliances EMI,123000.0,35,Not_Eligible,500.0
38.0,Female,Single,Professional,27000.0,Private,1.3,Mid-size,Family,0.0,1,0,0.0,0.0,1900.0,4300.0,3200.0,Yes,8100.0,630.0,197100.0,82500.0,E-commerce Shopping EMI,47000.0,7,Not_Eligible,2926.0
48.0,Male,Married,Post Graduate,104200.0,Private,2.0,Mid-size,Rented,33200.0,2,1,2300.0,0.0,5800.0,28900.0,20800.0,No,0.0,635.0,108900.0,40100.0,Vehicle EMI,753000.0,69,Not_Eligible,4224.0
38.0,Female,Married,Graduate,33600.0,Government,16.0,MNC,Own,0.0,3,2,9100.0,0.0,4100.0,6000.0,4200.0,No,0.0,850.0,211500.0,109800.0,Home Appliances EMI,279000.0,21,Not_Eligible,7405.2
38.0,Female,Married,Post Graduate,35000.0,Government,3.0,Mid-size,Own,0.0,2,1,5800.0,0.0,4500.0,8200.0,2100.0,No,0.0,678.0,248600.0,119200.0,Vehicle EMI,312000.0,51,High_Risk,8712.0
27.0,Female,Married,Post Graduate,31300.0,Government,0.5,Startup,Family,0.0,4,3,0.0,0.0,4700.0,4800.0,5600.0,No,0.0,731.0,207100.0,70400.0,E-commerce Shopping EMI,125000.0,13,Not_Eligible,8910.0
38.0,Female,Married,Professional,52200.0,Private,1.1,Mid-size,Rented,15800.0,2,1,8500.0,5700.0,5100.0,14800.0,5800.0,Yes,9500.0,671.0,309000.0,66900.0,E-commerce Shopping EMI,16000.0,9,Not_Eligible,500.0
38.0,Male,Married,Post Graduate,95400.0,Private,9.0,Small,Own,0.0,2,1,5600.0,19800.0,8500.0,21900.0,13700.0,Yes,12400.0,643.0,118100.0,63900.0,E-commerce Shopping EMI,81000.0,11,Not_Eligible,3024.0
58.0,Male,Married,Post Graduate,45500.0,Private,2.3,Mid-size,Rented,14100.0,2,1,5000.0,0.0,3800.0,8300.0,7900.0,No,0.0,791.0,213500.0,73100.0,Education EMI,64000.0,21,High_Risk,3840.0
38.0,Male,Married,Post Graduate,51000.0,Government,14.3,Large Indian,Rented,10800.0,3,2,0.0,0.0,5900.0,8700.0,7100.0,No,0.0,646.0,324000.0,155900.0,Home Appliances EMI,164000.0,12,Not_Eligible,8954.0
32.0,Female,Married,High School,37900.0,Private,6.3,Mid-size,Rented,7200.0,2,1,0.0,20400.0,5300.0,10800.0,2900.0,No,0.0,598.0,253800.0,63100.0,E-commerce Shopping EMI,60000.0,8,Not_Eligible,500.0
38.0,Female,Married,Post Graduate,49600.0,Private,1.8,Mid-size,Rented,8300.0,4,3,0.0,0.0,2500.0,8300.0,9700.0,No,0.0,579.0,384200.0,153200.0,Home Appliances EMI,262000.0,26,Not_Eligible,9152.0
38.0,Female,Married,Graduate,41600.0,Private,0.6,Large Indian,Own,0.0,3,2,13100.0,0.0,4100.0,6900.0,7500.0,No,0.0,774.0,265800.0,135800.0,E-commerce Shopping EMI,59000.0,18,Eligible,5280.0
32.0,Male,Married,Post Graduate,69500.0,Private,6.5,Startup,Rented,13700.0,3,2,3900.0,0.0,9100.0,14700.0,4100.0,No,0.0,677.0,87500.0,49700.0,Home Appliances EMI,55000.0,27,Eligible,9600.0
58.0,Male,Married,Professional,91200.0,Private,4.1,Startup,Family,0.0,3,2,5400.0,0.0,8000.0,27200.0,14400.0,No,0.0,662.0,489000.0,275100.0,Personal Loan EMI,473000.0,41,High_Risk,18100.0
27.0,Male,Single,Graduate,64500.0,Private,0.5,Small,Own,0.0,2,1,0.0,23500.0,4400.0,18800.0,7400.0,No,0.0,746.0,298100.0,148600.0,Vehicle EMI,923000.0,50,Not_Eligible,4160.0
38.0,Male,Married,High School,15400.0,Private,3.5,Startup,Rented,4400.0,2,1,4300.0,0.0,1500.0,3800.0,1700.0,No,0.0,662.0,62100.0,23900.0,E-commerce Shopping EMI,132000.0,4,Not_Eligible,500.0
48.0,Female,Married,Post Graduate,30600.0,Private,14.4,Mid-size,Own,0.0,2,1,0.0,0.0,3600.0,8500.0,5000.0,No,0.0,680.0,123600.0,33600.0,Education EMI,117000.0,8,Not_Eligible,6750.0
48.0,Male,Married,Post Graduate,45900.0,Private,0.8,Mid-size,Own,0.0,5,4,5400.0,22000.0,6400.0,9500.0,2800.0,No,0.0,748.0,330800.0,101700.0,Home Appliances EMI,194000.0,6,Not_Eligible,500.0
38.0,Male,Married,High School,40500.0,Private,3.0,MNC,Own,0.0,4,3,13700.0,6300.0,3000.0,10800.0,5300.0,No,0.0,695.0,171000.0,95000.0,Education EMI,315000.0,39,Not_Eligible,700.0
27.0,Female,Married,Post Graduate,82500.0,Private,3.4,Mid-size,Own,0.0,2,1,0.0,16300.0,8000.0,21300.0,15500.0,Yes,12200.0,702.0,630900.0,360600.0,Personal Loan EMI,626000.0,44,Not_Eligible,3542.0
38.0,Male,Married,Graduate,65900.0,Government,0.5,Large Indian,Own,0.0,4,3,14600.0,0.0,7300.0,19600.0,12500.0,No,0.0,673.0,104200.0,41000.0,Home Appliances EMI,245000.0,36,Not_Eligible,4760.0
38.0,Female,Married,Graduate,44700.0,Private,9.2,Large Indian,Family,0.0,5,4,0.0,0.0,3000.0,11700.0,3700.0,No,0.0,719.0,228900.0,109000.0,Education EMI,416000.0,12,Not_Eligible,13150.0
48.0,Male,Married,High School,79200.0,Government,22.3,Small,Family,0.0,5,4,5700.0,0.0,7700.0,12600.0,4400.0,No,0.0,715.0,316700.0,184900.0,Vehicle EMI,406000.0,76,Eligible,26840.0
27.0,Female,Single,Post Graduate,31200.0,Private,0.5,Large Indian,Own,0.0,1,0,0.0,0.0,3000.0,7600.0,6000.0,Yes,3200.0,673.0,160900.0,45600.0,E-commerce Shopping EMI,12000.0,14,Eligible,3192.0
27.0,Male,Single,High School,32900.0,Private,3.1,MNC,Rented,10800.0,1,0,0.0,0.0,2100.0,6900.0,1800.0,Yes,4300.0,519.0,104600.0,55300.0,Personal Loan EMI,125000.0,32,Not_Eligible,1225.0
48.0,Female,Married,Graduate,33800.0,Self-employed,2.2,Mid-size,Family,0.0,2,1,0.0,0.0,3000.0,9900.0,3000.0,Yes,4500.0,719.0,93900.0,56300.0,Home Appliances EMI,174000.0,19,Not_Eligible,4221.0
58.0,Female,Married,Graduate,63900.0,Private,1.6,Mid-size,Family,0.0,2,1,0.0,11600.0,7900.0,12100.0,7100.0,No,0.0,655.0,439700.0,191400.0,E-commerce Shopping EMI,12000.0,17,Eligible,13860.0
38.0,Male,Married,Graduate,38200.0,Private,4.0,Startup,Own,0.0,4,3,0.0,0.0,4800.0,7000.0,2300.0,Yes,5100.0,617.0,232700.0,115200.0,Personal Loan EMI,714000.0,48,Not_Eligible,5852.0
38.0,Female,Married,Professional,59800.0,Private,8.4,Large Indian,Own,0.0,4,3,7500.0,0.0,6800.0,12900.0,7000.0,No,0.0,682.0,39000.0,15300.0,E-commerce Shopping EMI,70000.0,19,Eligible,10240.0
38.0,Male,Married,Graduate,36700.0,Private,0.5,MNC,Rented,9100.0,3,2,7800.0,0.0,5000.0,8600.0,3500.0,No,0.0,739.0,257000.0,93500.0,E-commerce Shopping EMI,91000.0,18,Not_Eligible,1188.0
27.0,Male,Married,Professional,46600.0,Private,3.7,Large Indian,Rented,8100.0,3,2,0.0,0.0,4500.0,7900.0,9000.0,No,0.0,687.0,95100.0,50400.0,Personal Loan EMI,90000.0,60,Eligible,8550.0
38.0,Male,Married,Professional,22500.0,Government,1.8,Large Indian,Rented,4900.0,3,2,0.0,0.0,2800.0,5600.0,2800.0,No,0.0,,110300.0,42500.0,Personal Loan EMI,607000.0,26,Not_Eligible,3200.0
48.0,Female,Married,Post Graduate,43400.0,Private,26.0,Large Indian,Rented,11600.0,2,1,0.0,0.0,4400.0,9300.0,3800.0,Yes,12400.0,710.0,243600.0,108300.0,E-commerce Shopping EMI,194000.0,19,Not_Eligible,665.0
58.0,Male,Married,Graduate,22500.0,Private,7.6,Mid-size,Rented,6200.0,3,2,8000.0,16700.0,1200.0,6200.0,2900.0,Yes,4200.0,605.0,58800.0,19800.0,Education EMI,229000.0,25,Not_Eligible,500.0
27.0,Female,Single,High School,43100.0,Government,1.7,Startup,Own,0.0,1,0,0.0,0.0,3800.0,8700.0,5600.0,No,0.0,755.0,200600.0,46800.0,Home Appliances EMI,177000.0,11,Not_Eligible,15000.0
48.0,Female,Married,Graduate,60500.0,Private,2.7,Mid-size,Own,0.0,5,4,3600.0,0.0,7200.0,16300.0,12000.0,Yes,8800.0,704.0,156100.0,73300.0,Education EMI,394000.0,6,Not_Eligible,4410.0
58.0,Male,Married,High School,30600.0,Private,1.1,Large Indian,Rented,5900.0,4,3,0.0,21100.0,4500.0,8200.0,1600.0,No,0.0,716.0,187900.0,86800.0,Vehicle EMI,338000.0,28,Not_Eligible,500.0
27.0,Male,Single,Graduate,40800.0,Private,0.7,MNC,Own,0.0,1,0,0.0,0.0,4900.0,8100.0,3200.0,No,0.0,716.0,282800.0,81600.0,Education EMI,340000.0,42,High_Risk,10824.0
58.0,Male,Single,High School,39000.0,Private,6.8,MNC,Rented,6700.0,2,1,4400.0,13400.0,5100.0,10100.0,2300.0,No,0.0,821.0,281800.0,71100.0,Vehicle EMI,340000.0,27,Not_Eligible,500.0
58.0,Female,Married,Post Graduate,57900.0,Private,3.3,MNC,Rented,13000.0,5,4,12400.0,0.0,7600.0,13600.0,8600.0,No,0.0,624.0,180500.0,73400.0,Home Appliances EMI,152000.0,6,Not_Eligible,1080.0
38.0,Male,Married,Graduate,66000.0,Government,0.5,Mid-size,Family,0.0,4,3,12100.0,0.0,9400.0,18400.0,6300.0,No,0.0,773.0,166000.0,62900.0,Home Appliances EMI,289000.0,8,Not_Eligible,11880.0
27.0,Male,Single,Graduate,45600.0,Self-employed,0.5,MNC,Family,0.0,1,0,0.0,0.0,6000.0,8000.0,5100.0,No,0.0,799.0,182300.0,80900.0,E-commerce Shopping EMI,146000.0,18,Eligible,14310.0
27.0,Female,Married,Graduate,25300.0,Private,0.6,Mid-size,Rented,4100.0,3,2,14800.0,8000.0,3500.0,5800.0,3100.0,No,0.0,625.0,119800.0,47700.0,E-commerce Shopping EMI,119000.0,16,Not_Eligible,500.0
32.0,Male,Married,Graduate,16500.0,Private,0.5,Large Indian,Rented,3900.0,3,2,0.0,0.0,1200.0,4400.0,2400.0,No,0.0,763.0,25200.0,5800.0,Personal Loan EMI,854000.0,55,Not_Eligible,1766.4
27.0,Male,Single,Post Graduate,49900.0,Private,1.1,Mid-size,Family,0.0,1,0,0.0,0.0,7000.0,11200.0,8400.0,No,0.0,742.0,201800.0,65700.0,Personal Loan EMI,856000.0,24,Not_Eligible,11650.0
38.0,Male,Married,High School,17400.0,Government,16.0,Mid-size,Rented,5400.0,3,2,7000.0,0.0,1000.0,4600.0,3000.0,No,0.0,713.0,82500.0,44200.0,Home Appliances EMI,270000.0,8,Not_Eligible,500.0
32.0,Female,Married,Graduate,52200.0,Private,0.5,Small,Family,0.0,4,3,12900.0,0.0,4100.0,14700.0,2700.0,No,0.0,746.0,361600.0,124800.0,Education EMI,315000.0,11,Not_Eligible,7832.0
38.0,Male,Married,Professional,109000.0,Private,1.3,Large Indian,Rented,34600.0,2,1,0.0,0.0,8500.0,18400.0,20600.0,Yes,29700.0,666.0,71900.0,35000.0,Vehicle EMI,1183000.0,83,Not_Eligible,500.0
27.0,Male,Single,Graduate,79700.0,Private,3.5,Mid-size,Rented,17900.0,2,1,6400.0,0.0,7700.0,14200.0,13900.0,Yes,22200.0,734.0,455300.0,245700.0,Home Appliances EMI,240000.0,13,Not_Eligible,500.0
27.0,Male,Single,Graduate,38300.0,Government,1.6,Mid-size,Rented,10200.0,1,0,0.0,0.0,3100.0,8400.0,3300.0,Yes,10200.0,,281200.0,94400.0,Education EMI,442000.0,7,Not_Eligible,1193.5
32.0,Male,Single,Graduate,86600.0,Government,1.0,Mid-size,Own,0.0,2,1,0.0,0.0,9100.0,21400.0,14600.0,Yes,19400.0,774.0,638300.0,212900.0,Vehicle EMI,1342000.0,42,Not_Eligible,10210.2
32.0,Female,Married,Graduate,62900.0,Private,0.9,Mid-size,Own,0.0,3,2,7600.0,0.0,5500.0,12200.0,8800.0,No,0.0,727.0,365700.0,85300.0,Home Appliances EMI,157000.0,15,High_Risk,11520.0
27.0,Male,Single,Post Graduate,37800.0,Private,1.3,Startup,Family,0.0,2,1,4400.0,7600.0,3200.0,9900.0,6000.0,No,0.0,689.0,217200.0,97100.0,E-commerce Shopping EMI,200000.0,17,Not_Eligible,3350.0
32.0,Male,Single,Graduate,44500.0,Private,7.4,Mid-size,Family,0.0,1,0,0.0,0.0,5800.0,11100.0,7600.0,No,0.0,698.0,173900.0,88600.0,Education EMI,119000.0,25,Eligible,10000.0
38.0,Female,Married,High School,382671.0,Private,3.5,Mid-size,Rented,6400.0,4,3,7300.0,0.0,3100.0,7000.0,4200.0,Yes,7900.0,586.0,85600.0,38500.0,Vehicle EMI,435000.0,34,Not_Eligible,500.0
58.0,Male,Married,Graduate,74200.0,Private,1.5,Small,Rented,16200.0,4,3,0.0,0.0,7700.0,15800.0,13900.0,Yes,15500.0,515.0,301000.0,118200.0,Personal Loan EMI,396000.0,20,Not_Eligible,892.5
32.0,Male,Married,Graduate,78300.0,Government,0.7,MNC,Family,0.0,3,2,10200.0,0.0,6300.0,17800.0,6000.0,No,0.0,835.0,66500.0,26500.0,Education EMI,267000.0,37,Eligible,18240.0
38.0,Male,Single,Graduate,32200.0,Government,2.6,Large Indian,Rented,8400.0,2,1,2200.0,0.0,1900.0,9300.0,3400.0,Yes,5900.0,671.0,16800.0,7700.0,Home Appliances EMI,298000.0,25,Not_Eligible,500.0
32.0,Female,Married,Professional,97800.0,Private,0.5,Mid-size,Own,0.0,3,2,9400.0,0.0,11500.0,26200.0,7700.0,Yes,25900.0,643.0,389800.0,125600.0,E-commerce Shopping EMI,31000.0,3,Not_Eligible,3830.4
27.0,Female,Single,Post Graduate,50100.0,Private,2.9,MNC,Rented,16100.0,1,0,0.0,0.0,2800.0,12500.0,2900.0,No,0.0,761.0,97500.0,29300.0,Vehicle EMI,955000.0,75,Not_Eligible,7584.0
48.0,Female,Married,Post Graduate,65300.0,Self-employed,3.3,Mid-size,Family,0.0,5,4,0.0,11500.0,3400.0,17200.0,3700.0,No,0.0,631.0,90800.0,24400.0,E-commerce Shopping EMI,101000.0,23,Eligible,8496.0
27.0,Female,Single,Graduate,87500.0,Private,0.9,Startup,Family,0.0,1,0,0.0,0.0,12000.0,21000.0,16400.0,No,0.0,660.0,429200.0,175800.0,Vehicle EMI,1171000.0,33,Not_Eligible,15240.0
38.0,Female,Single,Post Graduate,90900.0,Government,3.1,Large Indian,Rented,16200.0,2,1,13700.0,0.0,13600.0,19500.0,6400.0,No,0.0,670.0,170500.0,94400.0,Personal Loan EMI,894000.0,45,Not_Eligible,9460.0
48.0,Female,Married,Graduate,35300.0,Private,16.3,Large Indian,Rented,9500.0,2,1,0.0,0.0,2700.0,7200.0,2600.0,No,0.0,719.0,111300.0,57300.0,E-commerce Shopping EMI,108000.0,19,High_Risk,6650.0
27.0,Female,Married,Graduate,17500.0,Government,0.7,Startup,Rented,5700.0,3,2,12700.0,0.0,2500.0,3100.0,3000.0,No,0.0,763.0,78900.0,29500.0,Vehicle EMI,1324000.0,21,Not_Eligible,500.0
38.0,Male,Married,Graduate,63300.0,Private,0.8,MNC,Rented,14000.0,3,2,5800.0,0.0,6700.0,13600.0,8200.0,No,0.0,650.0,237000.0,89300.0,Home Appliances EMI,143000.0,17,Not_Eligible,6000.0
32.0,Male,Single,Graduate,27700.0,Private,0.5,Startup,Family,0.0,3,2,6800.0,0.0,4000.0,5000.0,3200.0,No,0.0,651.0,,103100.0,Vehicle EMI,665000.0,59,Not_Eligible,3828.0
32.0,Male,Married,Post Graduate,81500.0,Private,1.7,Startup,Family,0.0,3,2,10200.0,0.0,4600.0,18600.0,8500.0,No,0.0,671.0,448200.0,128000.0,Education EMI,311000.0,27,Eligible,19800.0
38.0,Male,Married,Professional,39900.0,Private,0.5,Large Indian,Rented,7000.0,2,1,8100.0,7500.0,3300.0,9700.0,6200.0,No,0.0,639.0,121800.0,59900.0,Vehicle EMI,236000.0,20,Not_Eligible,500.0
38.0,Female,Married,Graduate,36600.0,Private,0.5,Mid-size,Own,0.0,4,3,13100.0,0.0,3200.0,10200.0,5900.0,No,0.0,767.0,245300.0,85100.0,Home Appliances EMI,271000.0,35,Not_Eligible,2217.6
27.0,Female,Single,Professional,80400.0,Private,1.2,Mid-size,Own,0.0,1,0,0.0,0.0,6800.0,15900.0,9900.0,No,0.0,672.0,274600.0,136500.0,Vehicle EMI,386000.0,26,Eligible,23900.0
38.0,Male,Married,Post Graduate,26000.0,Government,0.5,Startup,Family,0.0,3,2,0.0,0.0,1900.0,4100.0,3700.0,No,0.0,798.0,139000.0,54900.0,Home Appliances EMI,68000.0,33,Eligible,9780.0
38.0,Male,Married,Graduate,62100.0,Government,3.8,MNC,Family,0.0,2,1,5100.0,0.0,7900.0,11400.0,11200.0,Yes,9600.0,724.0,346900.0,164400.0,Vehicle EMI,1211000.0,18,Not_Eligible,6506.5
48.0,Female,Married,High School,16000.0,Self-employed,21.9,MNC,Own,0.0,4,3,0.0,0.0,2200.0,3500.0,900.0,No,0.0,805.0,48200.0,17100.0,E-commerce Shopping EMI,66000.0,10,Not_Eligible,5076.0
27.0,Male,Single,Professional,9637.0,Private,2.0,Small,Own,0.0,1,0,0.0,0.0,5200.0,13800.0,13300.0,Yes,24000.0,681.0,133400.0,33700.0,Education EMI,376000.0,18,Not_Eligible,8064.0
32.0,Male,Single,Graduate,37900.0,Private,0.5,Startup,Rented,10700.0,1,0,0.0,0.0,3600.0,10400.0,6900.0,Yes,4300.0,662.0,73700.0,40400.0,Personal Loan EMI,400000.0,37,Not_Eligible,500.0
32.0,Female,Married,Graduate,72600.0,Private,2.6,Large Indian,Rented,14300.0,4,3,0.0,0.0,3700.0,20300.0,10600.0,No,0.0,724.0,110500.0,60800.0,E-commerce Shopping EMI,11000.0,12,Eligible,9480.0
27.0,Male,Single,Post Graduate,45400.0,Private,1.8,MNC,Rented,9900.0,2,1,12500.0,23700.0,4400.0,12800.0,2900.0,Yes,6200.0,673.0,218200.0,89300.0,Vehicle EMI,1017000.0,20,Not_Eligible,500.0
48.0,Male,Married,Graduate,38000.0,Self-employed,0.8,Large Indian,Family,0.0,3,2,12100.0,0.0,2000.0,8300.0,4600.0,No,0.0,826.0,54800.0,14600.0,Education EMI,213000.0,37,Not_Eligible,4752.0
48.0,Male,Married,High School,25700.0,Self-employed,2.7,Mid-size,Family,0.0,3,2,2500.0,6400.0,3800.0,4100.0,5100.0,No,0.0,708.0,68500.0,35100.0,Education EMI,215000.0,16,Not_Eligible,1710.0
32.0,Male,Single,Post Graduate,84600.0,Private,3.4,Large Indian,Rented,16600.0,3,2,0.0,0.0,9100.0,20900.0,11300.0,No,0.0,739.0,317600.0,67500.0,Personal Loan EMI,104000.0,19,Eligible,13350.0
32.0,Male,Married,Graduate,91300.0,Private,3.5,MNC,Rented,22100.0,4,3,0.0,0.0,5000.0,14100.0,9700.0,Yes,14800.0,755.0,226000.0,117100.0,Vehicle EMI,919000.0,30,Not_Eligible,10752.0
48.0,Female,Married,Post Graduate,55100.0,Government,0.5,Large Indian,Own,0.0,4,3,6900.0,0.0,6500.0,13000.0,7300.0,No,0.0,750.0,167000.0,95400.0,Home Appliances EMI,285000.0,14,Not_Eligible,12840.0
38.0,Male,Single,Graduate,109300.0,Private,7.3,Mid-size,Own,0.0,1,0,0.0,0.0,6600.0,29400.0,16200.0,Yes,30600.0,713.0,184500.0,52200.0,Personal Loan EMI,360000.0,47,Not_Eligible,7420.0
38.0,Male,Married,Graduate,102000.0,Private,7.4,Startup,Rented,27800.0,5,4,5200.0,0.0,10900.0,29500.0,16900.0,Yes,26200.0,651.0,189400.0,93000.0,Vehicle EMI,1401000.0,72,Not_Eligible,500.0
48.0,Female,Married,Graduate,32700.0,Government,10.4,Startup,Own,0.0,2,1,0.0,7200.0,3700.0,9500.0,4400.0,No,0.0,785.0,113000.0,40500.0,Personal Loan EMI,735000.0,39,Not_Eligible,5214.0
58.0,Female,Married,Graduate,26300.0,Private,15.2,Startup,Own,0.0,3,2,7400.0,0.0,3100.0,7300.0,4600.0,No,0.0,644.0,202100.0,94100.0,Vehicle EMI,224000.0,22,Not_Eligible,1716.0
48.0,Male,Married,Graduate,15550.0,Self-employed,11.1,MNC,Family,0.0,4,3,11100.0,0.0,2000.0,4500.0,1900.0,Yes,1700.0,624.0,27800.0,6800.0,Education EMI,462000.0,36,Not_Eligible,500.0
27.0,Female,Married,Post Graduate,88000.0,Self-employed,5.0,MNC,Rented,24900.0,2,1,2500.0,0.0,11600.0,25300.0,13500.0,Yes,9800.0,647.0,553600.0,275600.0,Home Appliances EMI,278000.0,16,Not_Eligible,500.0
38.0,Female,Married,Graduate,68900.0,Private,0.5,Mid-size,Family,0.0,4,3,0.0,0.0,3900.0,13100.0,7000.0,Yes,9800.0,778.0,234400.0,79500.0,Personal Loan EMI,487000.0,18,Not_Eligible,11793.6
48.0,Male,Single,Professional,68400.0,Private,1.6,Mid-size,Rented,16400.0,1,0,0.0,0.0,4900.0,20000.0,9400.0,No,0.0,757.0,34600.0,17300.0,Home Appliances EMI,144000.0,31,Eligible,8496.0
27.0,Male,Married,Graduate,96700.0,Government,0.7,Startup,Own,24192.0,4,3,13800.0,0.0,11300.0,25500.0,13200.0,Yes,26300.0,713.0,484500.0,242200.0,Vehicle EMI,1466000.0,41,Not_Eligible,2310.0
38.0,Female,Married,Graduate,120800.0,Private,0.7,Large Indian,Own,0.0,2,1,9100.0,21000.0,16600.0,29100.0,14500.0,No,0.0,681.0,140700.0,31400.0,Education EMI,496000.0,47,Not_Eligible,9760.0
48.0,Male,Married,High School,75000.0,Private,6.7,Startup,Own,0.0,3,2,12400.0,8900.0,8600.0,16700.0,11300.0,Yes,18800.0,628.0,314400.0,84400.0,E-commerce Shopping EMI,28000.0,16,Not_Eligible,500.0
38.0,Female,Married,Post Graduate,81300.0,Private,1.1,Mid-size,Own,0.0,4,3,7700.0,0.0,9200.0,23200.0,10400.0,Yes,10200.0,561.0,76100.0,21900.0,Personal Loan EMI,188000.0,22,Not_Eligible,4614.4
32.0,Male,Married,High School,18300.0,Private,3.2,MNC,Rented,5400.0,4,3,0.0,0.0,1600.0,2900.0,1800.0,Yes,4000.0,668.0,73700.0,27000.0,E-commerce Shopping EMI,11000.0,16,High_Risk,910.0
38.0,Male,Married,Professional,71100.0,Private,1.1,Large Indian,Family,0.0,4,3,6900.0,0.0,9500.0,17200.0,7000.0,No,0.0,653.0,212900.0,87900.0,Personal Loan EMI,897000.0,45,Not_Eligible,15250.0
38.0,Male,Married,Graduate,18000.0,Private,2.7,MNC,Family,0.0,4,3,7400.0,0.0,1600.0,4000.0,3100.0,No,0.0,691.0,55600.0,28400.0,Education EMI,291000.0,14,Not_Eligible,950.0
27.0,Female,Married,Graduate,24000.0,Private,1.7,Mid-size,Family,0.0,4,3,0.0,0.0,2100.0,3800.0,3400.0,No,0.0,608.0,138400.0,28700.0,Personal Loan EMI,788000.0,58,Not_Eligible,5880.0
32.0,Female,Single,Graduate,34800.0,Private,4.7,MNC,Family,0.0,2,1,7700.0,0.0,3500.0,7000.0,6900.0,No,0.0,613.0,49700.0,11000.0,Education EMI,364000.0,44,Not_Eligible,3104.0
58.0,Female,Married,Graduate,104300.0,Private,0.5,Small,Own,0.0,3,2,0.0,11200.0,11900.0,30400.0,19000.0,Yes,22100.0,669.0,257700.0,152700.0,E-commerce Shopping EMI,118000.0,24,Not_Eligible,2716.0
38.0,Female,Married,Professional,54000.0,Private,2.4,MNC,Rented,13300.0,4,3,9200.0,0.0,5100.0,14600.0,4200.0,No,0.0,636.0,179600.0,53400.0,Personal Loan EMI,746000.0,57,Not_Eligible,3040.0
38.0,Male,Married,Graduate,38900.0,Private,5.8,Startup,Rented,8700.0,3,2,7200.0,0.0,4500.0,7600.0,6500.0,No,0.0,742.0,180000.0,80900.0,Personal Loan EMI,887000.0,31,Not_Eligible,2200.0
48.0,Female,Married,High School,18700.0,Private,7.2,Large Indian,Rented,4900.0,3,2,12600.0,0.0,2500.0,3900.0,1600.0,No,0.0,651.0,45600.0,24500.0,E-commerce Shopping EMI,44000.0,19,Not_Eligible,500.0
27.0,Female,Single,Professional,60000.0,Private,3.2,Small,Own,0.0,2,1,0.0,0.0,6800.0,9300.0,3600.0,No,0.0,999.0,103500.0,59300.0,E-commerce Shopping EMI,17000.0,5,Eligible,19344.0
27.0,Male,Married,Professional,34400.0,Private,0.5,Large Indian,Family,0.0,2,1,10900.0,0.0,3200.0,6800.0,2100.0,Yes,10200.0,652.0,82300.0,17700.0,Education EMI,424000.0,43,Not_Eligible,500.0
58.0,Female,Married,Graduate,31232.0,Private,1.6,Mid-size,Rented,8500.0,3,2,11900.0,0.0,3000.0,9100.0,6300.0,No,0.0,642.0,102800.0,21600.0,Education EMI,126000.0,14,Not_Eligible,500.0
38.0,Male,Married,Post Graduate,99400.0,Private,1.8,Startup,Own,0.0,3,2,2000.0,0.0,7800.0,28700.0,14700.0,Yes,24700.0,630.0,160200.0,41800.0,Vehicle EMI,1189000.0,73,Not_Eligible,4816.0
48.0,Female,Married,Graduate,86700.0,Private,2.4,MNC,Own,0.0,3,2,0.0,18600.0,7000.0,25200.0,10500.0,No,0.0,739.0,466100.0,110200.0,E-commerce Shopping EMI,172000.0,20,Eligible,12700.0
38.0,Female,Married,High School,39100.0,Private,4.6,MNC,Rented,6600.0,3,2,5900.0,0.0,5400.0,8000.0,5100.0,No,0.0,609.0,117000.0,41900.0,Home Appliances EMI,182000.0,29,Not_Eligible,3240.0
38.0,Female,Married,Graduate,57900.0,Government,11.5,Mid-size,Rented,9700.0,3,2,8100.0,14700.0,4000.0,11700.0,9300.0,Yes,10400.0,724.0,222800.0,75100.0,Home Appliances EMI,189000.0,30,Not_Eligible,500.0
32.0,Female,Married,Post Graduate,47200.0,Private,2.5,MNC,Rented,11100.0,4,3,9700.0,0.0,3700.0,10600.0,8200.0,No,0.0,646.0,206200.0,118500.0,Vehicle EMI,1255000.0,70,Not_Eligible,1560.0
38.0,Female,Married,Graduate,33200.0,Government,4.4,Large Indian,Own,0.0,2,1,12900.0,24000.0,1700.0,6100.0,3600.0,No,0.0,571.0,41400.0,20200.0,Education EMI,345000.0,27,Not_Eligible,500.0
32.0,Male,Married,Graduate,23400.0,Private,1.1,Mid-size,Rented,4900.0,3,2,5200.0,23300.0,2100.0,4500.0,2000.0,Yes,5400.0,614.0,170800.0,49000.0,Vehicle EMI,1083000.0,66,Not_Eligible,500.0
32.0,Female,Single,Graduate,20000.0,Government,7.9,Mid-size,Rented,6100.0,3,2,8600.0,0.0,2800.0,3100.0,3000.0,No,0.0,738.0,114900.0,38700.0,E-commerce Shopping EMI,75000.0,14,Not_Eligible,500.0
58.0,Male,Married,Graduate,42200.0,Private,2.4,Startup,Rented,7600.0,2,1,6500.0,0.0,2700.0,10400.0,6300.0,Yes,6200.0,670.0,49400.0,18700.0,E-commerce Shopping EMI,162000.0,11,Not_Eligible,700.0
48.0,Male,Married,Post Graduate,23400.0,Government,2.9,Large Indian,Rented,3500.0,4,3,0.0,17800.0,3100.0,5900.0,3400.0,No,0.0,751.0,51800.0,22500.0,Home Appliances EMI,177000.0,21,Not_Eligible,500.0
58.0,Male,Married,Graduate,60200.0,Government,0.5,Mid-size,Rented,12000.0,3,2,13400.0,15900.0,5200.0,11200.0,10800.0,No,0.0,688.0,198300.0,64200.0,Vehicle EMI,227000.0,43,Not_Eligible,500.0
48.0,Male,Married,Graduate,54400.0,Private,4.3,MNC,Own,0.0,4,3,5200.0,0.0,3900.0,14800.0,3400.0,No,0.0,743.0,208500.0,70500.0,Home Appliances EMI,42000.0,36,Eligible,13550.0
27.0,Male,Married,Graduate,37400.0,Private,0.5,MNC,Own,0.0,2,1,11800.0,0.0,1900.0,9900.0,6800.0,Yes,5800.0,675.0,261900.0,114300.0,Home Appliances EMI,113000.0,12,Not_Eligible,500.0
32.0,Female,Married,High School,34000.0,Government,10.0,Large Indian,Rented,7400.0,3,2,0.0,0.0,3000.0,6400.0,1800.0,No,0.0,792.0,202400.0,86300.0,Education EMI,318000.0,45,High_Risk,10164.0
38.0,Female,Married,Professional,30000.0,Private,14.3,MNC,Rented,10100.0,2,1,0.0,0.0,3200.0,8300.0,3700.0,No,0.0,742.0,235700.0,81800.0,Home Appliances EMI,115000.0,20,Not_Eligible,2585.0
38.0,Female,Married,Post Graduate,52000.0,Government,16.0,MNC,Family,0.0,5,4,9300.0,0.0,5500.0,11800.0,4100.0,Yes,5800.0,691.0,201800.0,93900.0,Home Appliances EMI,117000.0,6,Not_Eligible,5967.5
38.0,Female,Married,High School,56800.0,Private,4.3,Large Indian,Own,0.0,2,1,0.0,10500.0,4000.0,15400.0,8600.0,Yes,15000.0,606.0,365000.0,158300.0,Home Appliances EMI,164000.0,28,Not_Eligible,1016.4
27.0,Male,Single,Graduate,70700.0,Government,3.3,Startup,Own,0.0,3,2,0.0,5800.0,7500.0,13700.0,9000.0,Yes,12700.0,672.0,259500.0,146600.0,E-commerce Shopping EMI,57000.0,13,Eligible,8470.0
32.0,Male,Single,Graduate,89700.0,Government,0.5,Mid-size,Rented,31300.0,2,1,10500.0,0.0,10200.0,18500.0,17700.0,No,0.0,818.0,71300.0,14500.0,E-commerce Shopping EMI,34000.0,22,Not_Eligible,720.0
32.0,Male,Married,Post Graduate,94500.0,Private,0.5,Large Indian,Own,0.0,2,1,9500.0,0.0,4900.0,17100.0,11300.0,Yes,13100.0,633.0,522000.0,118400.0,Vehicle EMI,625000.0,73,Not_Eligible,8646.4
58.0,Male,Single,Professional,81700.0,Government,6.4,Startup,Rented,13600.0,2,1,0.0,12100.0,7000.0,23800.0,11600.0,No,0.0,788.0,294600.0,143000.0,Education EMI,419000.0,13,Not_Eligible,8976.0
32.0,Male,Married,High School,78800.0,Government,5.2,Startup,Family,0.0,4,3,7700.0,0.0,9500.0,18200.0,14800.0,No,0.0,840.0,478600.0,107400.0,Personal Loan EMI,189000.0,32,Eligible,20763.6
48.0,Male,Married,Post Graduate,147000.0,Self-employed,4.6,Large Indian,Rented,25700.0,3,2,0.0,0.0,9300.0,25100.0,22300.0,No,0.0,679.0,177400.0,36200.0,Vehicle EMI,395000.0,76,Eligible,23256.0
38.0,Female,Married,Graduate,39900.0,Private,0.6,Large Indian,Family,0.0,4,3,4500.0,0.0,4300.0,9400.0,7300.0,No,0.0,642.0,66600.0,17700.0,Education EMI,216000.0,45,Not_Eligible,3686.4
32.0,Male,Single,Graduate,18000.0,Private,5.2,Startup,Family,0.0,1,0,0.0,0.0,2000.0,3100.0,2900.0,No,0.0,582.0,115400.0,29000.0,Education EMI,422000.0,7,Not_Eligible,4400.0
58.0,Male,Married,Post Graduate,43800.0,Government,8.3,MNC,Rented,14600.0,5,4,2900.0,0.0,5300.0,9800.0,4300.0,Yes,9300.0,741.0,74500.0,37100.0,Home Appliances EMI,123000.0,17,Not_Eligible,500.0
58.0,Male,Married,Post Graduate,87000.0,Private,7.5,MNC,Family,0.0,3,2,7300.0,0.0,4500.0,16200.0,5000.0,Yes,11400.0,708.0,398800.0,80100.0,Personal Loan EMI,178000.0,46,Eligible,14910.0
38.0,Male,Married,Graduate,43400.0,Self-employed,5.2,Mid-size,Own,0.0,4,3,13800.0,0.0,5100.0,7100.0,5800.0,Yes,9800.0,700.0,250000.0,71800.0,Home Appliances EMI,165000.0,22,Not_Eligible,567.0
32.0,Female,Married,Graduate,40200.0,Government,1.2,MNC,Own,0.0,3,2,11500.0,0.0,4600.0,6400.0,7300.0,No,0.0,674.0,61700.0,32800.0,Home Appliances EMI,77000.0,18,Not_Eligible,4160.0
48.0,Male,Married,Graduate,81100.0,Private,14.3,MNC,Own,0.0,3,2,0.0,0.0,7700.0,20100.0,15700.0,No,0.0,793.0,596300.0,328400.0,Personal Loan EMI,801000.0,25,Not_Eligible,24816.0
27.0,Female,Married,Graduate,36800.0,Private,0.5,Large Indian,Rented,9000.0,3,2,13200.0,0.0,4600.0,7800.0,2000.0,No,0.0,769.0,282300.0,137000.0,Home Appliances EMI,183000.0,16,Not_Eligible,500.0
32.0,Female,Single,Graduate,49300.0,Private,2.7,MNC,Own,0.0,1,0,0.0,0.0,3100.0,9300.0,8200.0,No,0.0,670.0,154100.0,38800.0,Home Appliances EMI,138000.0,32,Eligible,14350.0
38.0,Male,Married,Graduate,18000.0,Private,2.1,MNC,Family,20385.0,3,2,11800.0,0.0,2200.0,4000.0,1000.0,Yes,2900.0,651.0,9800.0,5000.0,Education EMI,432000.0,25,Not_Eligible,500.0
32.0,Female,Single,Graduate,40200.0,Self-employed,10.0,Small,Rented,12700.0,1,0,0.0,0.0,3800.0,11100.0,4800.0,No,0.0,753.0,122700.0,68400.0,Education EMI,214000.0,24,Not_Eligible,4212.0
48.0,Female,Married,Graduate,57600.0,Private,4.2,MNC,Own,0.0,2,1,10000.0,0.0,6200.0,9300.0,8200.0,No,0.0,696.0,407300.0,104900.0,Home Appliances EMI,90000.0,8,High_Risk,13145.0
32.0,Male,Married,Post Graduate,70800.0,Private,1.1,Large Indian,Own,0.0,5,4,0.0,0.0,6700.0,14600.0,8500.0,No,0.0,617.0,337200.0,153200.0,E-commerce Shopping EMI,108000.0,6,Not_Eligible,16400.0
58.0,Male,Married,Professional,130700.0,Private,3.5,Startup,Own,0.0,2,1,8100.0,17800.0,8500.0,27500.0,13400.0,No,0.0,642.0,195500.0,70100.0,Education EMI,91000.0,21,Eligible,17728.0
38.0,Male,Single,Graduate,82100.0,Self-employed,4.3,Small,Family,0.0,2,1,5900.0,18000.0,8200.0,15300.0,14100.0,No,0.0,721.0,213100.0,60100.0,Home Appliances EMI,39000.0,15,Eligible,9270.0
58.0,Female,Single,Graduate,26600.0,Government,3.8,Small,Own,0.0,2,1,0.0,0.0,1400.0,6900.0,1800.0,No,0.0,790.0,175100.0,44000.0,E-commerce Shopping EMI,161000.0,15,High_Risk,11979.0
48.0,Male,Married,Graduate,74200.0,Private,4.4,Mid-size,Family,0.0,2,1,4000.0,15200.0,7000.0,19900.0,12400.0,No,0.0,700.0,92600.0,41000.0,E-commerce Shopping EMI,30000.0,6,High_Risk,6280.0
48.0,Female,Married,Graduate,69000.0,Private,1.3,Mid-size,Own,0.0,4,3,7100.0,15300.0,5500.0,18100.0,13400.0,No,0.0,671.0,366100.0,165400.0,E-commerce Shopping EMI,158000.0,13,Not_Eligible,4800.0
48.0,Male,Married,Graduate,36200.0,Private,3.5,Startup,Rented,11100.0,4,3,0.0,13500.0,3100.0,5600.0,2200.0,No,0.0,669.0,119400.0,62800.0,Home Appliances EMI,154000.0,32,Not_Eligible,500.0
32.0,Male,Single,Professional,105200.0,Self-employed,5.7,Mid-size,Rented,28600.0,2,1,0.0,0.0,10000.0,29100.0,8300.0,Yes,28600.0,688.0,195800.0,96300.0,Personal Loan EMI,907000.0,30,Not_Eligible,500.0
48.0,Male,Married,Graduate,79400.0,Government,4.4,MNC,Rented,19500.0,3,2,0.0,0.0,6000.0,15000.0,10600.0,No,0.0,850.0,130800.0,46400.0,Education EMI,361000.0,44,Eligible,14942.4
58.0,Male,Single,Graduate,27100.0,Private,7.8,Mid-size,Own,,2,1,0.0,13300.0,4000.0,5900.0,4000.0,Yes,3800.0,726.0,26100.0,10700.0,E-commerce Shopping EMI,190000.0,3,Not_Eligible,500.0
38.0,Male,Married,Graduate,66700.0,Private,2.2,Large Indian,Family,0.0,4,3,12500.0,20200.0,5000.0,17800.0,6200.0,No,0.0,674.0,320900.0,173000.0,Vehicle EMI,552000.0,67,Not_Eligible,2500.0
32.0,Male,Single,Graduate,86800.0,Self-employed,5.1,Large Indian,Rented,14200.0,1,0,0.0,0.0,5100.0,14700.0,17100.0,No,0.0,756.0,84200.0,16900.0,E-commerce Shopping EMI,31000.0,10,Eligible,15422.4
58.0,Female,Single,Graduate,58100.0,Government,0.5,Startup,Rented,11100.0,2,1,0.0,15500.0,3600.0,8900.0,9100.0,No,0.0,846.0,344100.0,108600.0,Personal Loan EMI,823000.0,50,Not_Eligible,5940.0
38.0,Male,Married,Post Graduate,65000.0,Private,3.5,Large Indian,Own,0.0,3,2,0.0,11100.0,9400.0,12100.0,11000.0,Yes,14100.0,0.0,77300.0,28100.0,E-commerce Shopping EMI,192000.0,16,Not_Eligible,1635.2
38.0,Male,Married,,63500.0,Private,2.7,Large Indian,Rented,12800.0,4,3,10700.0,0.0,3200.0,18200.0,7200.0,No,0.0,716.0,394500.0,202600.0,Vehicle EMI,760000.0,26,Not_Eligible,6270.0
38.0,Female,Married,Post Graduate,45600.0,Self-employed,1.3,MNC,Own,0.0,2,1,0.0,0.0,2300.0,10700.0,7100.0,No,0.0,632.0,108300.0,27700.0,E-commerce Shopping EMI,148000.0,17,Not_Eligible,9180.0
32.0,Male,Single,High School,12000.0,Self-employed,0.5,Large Indian,Rented,2900.0,2,1,0.0,17100.0,1000.0,2000.0,1500.0,No,0.0,600.0,42500.0,8600.0,Education EMI,277000.0,24,Not_Eligible,500.0
38.0,Male,Married,Graduate,30200.0,Private,16.0,Large Indian,Rented,9900.0,2,1,0.0,18900.0,2500.0,6300.0,5700.0,No,0.0,785.0,219300.0,105100.0,Home Appliances EMI,113000.0,27,Not_Eligible,500.0
32.0,Female,Single,Graduate,79800.0,Private,1.7,MNC,Rented,22100.0,1,0,0.0,0.0,6300.0,16200.0,7400.0,Yes,11500.0,673.0,425400.0,199100.0,Education EMI,498000.0,39,Not_Eligible,5705.0
48.0,Male,Married,Graduate,31100.0,Private,2.2,Mid-size,Own,0.0,3,2,0.0,0.0,1800.0,8300.0,3000.0,Yes,7900.0,591.0,61800.0,13800.0,Vehicle EMI,225000.0,12,Not_Eligible,2262.4
48.0,Female,Single,High School,53900.0,Private,15.4,Large Indian,Rented,13200.0,1,0,0.0,0.0,4300.0,15300.0,7700.0,No,0.0,721.0,428500.0,164800.0,Home Appliances EMI,116000.0,16,Not_Eligible,7370.0
32.0,Male,Married,Graduate,71500.0,Government,2.7,Small,Rented,22600.0,3,2,0.0,8100.0,6200.0,14800.0,4700.0,Yes,14700.0,566.0,452700.0,177100.0,Personal Loan EMI,501000.0,60,Not_Eligible,500.0
58.0,Male,Married,Graduate,38000.0,Private,32.4,Large Indian,Own,0.0,4,3,11500.0,12200.0,4200.0,8800.0,6600.0,No,0.0,786.0,228200.0,86800.0,Education EMI,125000.0,47,Not_Eligible,500.0
48.0,Male,Married,High School,31400.0,Private,2.1,MNC,Family,0.0,3,2,0.0,0.0,4000.0,5400.0,4600.0,Yes,8000.0,646.0,246600.0,112600.0,Personal Loan EMI,881000.0,55,Not_Eligible,2895.2
48.0,Female,Married,Graduate,61700.0,Private,12.7,Mid-size,Rented,16600.0,3,2,9200.0,8300.0,5800.0,15600.0,5500.0,Yes,9900.0,650.0,47400.0,15700.0,Vehicle EMI,954000.0,61,Not_Eligible,500.0
32.0,Male,Married,High School,32600.0,Private,0.6,Mid-size,Family,0.0,4,3,9800.0,0.0,2500.0,7000.0,4500.0,No,0.0,722.0,89000.0,45000.0,Personal Loan EMI,477000.0,19,Not_Eligible,3520.0
48.0,Male,Married,Graduate,35600.0,Private,2.6,Mid-size,Own,0.0,4,3,13800.0,0.0,4900.0,8000.0,7000.0,No,0.0,743.0,238800.0,85800.0,Personal Loan EMI,779000.0,60,Not_Eligible,1045.0
32.0,Female,Single,Graduate,20000.0,Self-employed,2.1,Mid-size,Own,0.0,3,2,0.0,0.0,1500.0,3200.0,3600.0,No,0.0,713.0,144900.0,73100.0,E-commerce Shopping EMI,22000.0,6,Eligible,5791.5
32.0,Male,Married,Professional,27000.0,Private,0.5,Large Indian,Rented,,3,2,0.0,9500.0,2100.0,5300.0,3700.0,No,0.0,698.0,80000.0,37900.0,Home Appliances EMI,92000.0,22,Not_Eligible,680.0
32.0,Male,Married,Post Graduate,100200.0,Government,0.9,Mid-size,Own,0.0,3,2,0.0,0.0,11600.0,27000.0,7600.0,No,0.0,802.0,468700.0,108600.0,Home Appliances EMI,157000.0,8,Eligible,32400.0
27.0,Male,Single,Post Graduate,90300.0,Private,0.5,Mid-size,Family,0.0,2,1,13100.0,0.0,7700.0,23900.0,4600.0,No,0.0,764.0,433800.0,144500.0,E-commerce Shopping EMI,96000.0,9,Eligible,19680.0
58.0,Male,Married,Graduate,84400.0,Private,3.7,Startup,Own,0.0,2,1,0.0,0.0,10500.0,25200.0,14500.0,Yes,17800.0,787.0,106700.0,63000.0,Personal Loan EMI,431000.0,45,Not_Eligible,5510.4
48.0,Male,Married,High School,63900.0,Private,13.0,MNC,Rented,19400.0,4,3,12100.0,0.0,4400.0,11200.0,7800.0,Yes,11600.0,803.0,242000.0,139900.0,Home Appliances EMI,169000.0,34,Not_Eligible,500.0
38.0,Female,Married,Graduate,28000.0,Self-employed,2.7,MNC,Rented,8200.0,2,1,7500.0,14800.0,3900.0,4400.0,3400.0,No,0.0,717.0,90900.0,46500.0,E-commerce Shopping EMI,23000.0,6,Not_Eligible,500.0
38.0,Male,Married,High School,36000.0,Private,2.1,MNC,Rented,6100.0,2,1,12700.0,0.0,2500.0,6400.0,6400.0,No,0.0,721.0,284900.0,153300.0,Education EMI,392000.0,41,Not_Eligible,1045.0
38.0,Female,Married,Post Graduate,79900.0,Government,7.5,MNC,Own,0.0,4,3,0.0,24700.0,5600.0,17000.0,10700.0,No,0.0,850.0,565700.0,120100.0,Education EMI,240000.0,44,Eligible,15899.4
58.0,Male,Married,Post Graduate,76800.0,Self-employed,36.0,Large Indian,Family,0.0,3,2,0.0,0.0,7900.0,14900.0,15000.0,No,0.0,714.0,455300.0,148200.0,Personal Loan EMI,291000.0,14,Not_Eligible,17550.0
27.0,Female,Single,Graduate,58500.0,Private,4.6,Mid-size,Rented,8800.0,2,1,11500.0,0.0,4100.0,15600.0,9200.0,Yes,16500.0,612.0,179800.0,38900.0,Personal Loan EMI,247000.0,18,Not_Eligible,500.0
32.0,Female,Single,High School,23700.0,Private,5.6,MNC,Rented,4600.0,2,1,2300.0,24400.0,2000.0,4400.0,3300.0,No,0.0,773.0,118100.0,56000.0,Education EMI,131000.0,46,Not_Eligible,500.0
38.0,Male,Married,Professional,70000.0,Private,8.7,Startup,Own,0.0,3,2,4300.0,0.0,9700.0,13800.0,9100.0,No,0.0,726.0,248500.0,124400.0,Personal Loan EMI,375000.0,60,Eligible,16550.0
38.0,Female,Married,High School,52500.0,Private,1.5,Mid-size,Family,0.0,4,3,0.0,0.0,3800.0,9200.0,5300.0,No,0.0,691.0,149200.0,88800.0,Personal Loan EMI,956000.0,31,Not_Eligible,17100.0
32.0,Female,Single,Professional,11608.0,Private,1.7,Mid-size,Rented,20100.0,1,0,0.0,0.0,7300.0,11700.0,10600.0,Yes,17200.0,663.0,69000.0,15400.0,Home Appliances EMI,103000.0,20,Not_Eligible,2352.0
38.0,Male,Married,High School,42900.0,Private,8.4,Large Indian,Own,0.0,3,2,0.0,20200.0,2500.0,11100.0,6000.0,No,0.0,689.0,55400.0,30800.0,Home Appliances EMI,64000.0,9,Not_Eligible,1240.0
27.0,Male,Single,Graduate,21000.0,Private,2.1,MNC,Family,0.0,3,2,13400.0,0.0,2300.0,4500.0,4100.0,No,0.0,653.0,40000.0,20200.0,E-commerce Shopping EMI,58000.0,16,Not_Eligible,500.0
38.0,Male,Married,Professional,30400.0,Government,1.2,Startup,Own,0.0,3,2,4800.0,0.0,1800.0,6800.0,2200.0,Yes,8600.0,777.0,186900.0,67800.0,Home Appliances EMI,238000.0,6,Not_Eligible,2864.4
32.0,Male,Married,Graduate,46600.0,Private,1.4,Large Indian,Family,0.0,3,2,8800.0,20800.0,2800.0,8700.0,3900.0,Yes,8500.0,638.0,205300.0,103500.0,Personal Loan EMI,691000.0,58,Not_Eligible,500.0
32.0,Male,Married,Professional,56000.0,Private,0.6,Large Indian,Family,0.0,4,3,8500.0,14800.0,7800.0,8700.0,5600.0,Yes,14100.0,710.0,316700.0,173300.0,Vehicle EMI,903000.0,51,Not_Eligible,500.0
38.0,Female,Married,High School,65300.0,Private,13.8,Small,Rented,17500.0,2,1,12700.0,0.0,4400.0,13400.0,3300.0,No,0.0,690.0,70300.0,22300.0,Personal Loan EMI,891000.0,55,Not_Eligible,5600.0
48.0,Male,Married,Graduate,31600.0,Government,5.6,Startup,Rented,5300.0,4,3,10800.0,0.0,4500.0,7500.0,5000.0,Yes,3700.0,723.0,166800.0,71000.0,Home Appliances EMI,117000.0,35,Not_Eligible,500.0
48.0,Male,Married,Graduate,69200.0,Government,2.5,Large Indian,Own,0.0,3,2,0.0,0.0,4100.0,14500.0,10600.0,Yes,13400.0,688.0,64300.0,36900.0,Education EMI,459000.0,8,Not_Eligible,7448.0
27.0,Male,Married,Graduate,50000.0,Private,0.9,Large Indian,Rented,10700.0,2,1,0.0,14500.0,3400.0,13400.0,6200.0,Yes,6800.0,709.0,354000.0,189500.0,Home Appliances EMI,78000.0,32,Not_Eligible,500.0
38.0,Male,Married,Post Graduate,23400.0,Government,3.1,MNC,Own,0.0,3,2,12700.0,21800.0,2700.0,5900.0,1700.0,No,0.0,721.0,17000.0,7700.0,E-commerce Shopping EMI,57000.0,6,Not_Eligible,500.0
38.0,Male,Married,Post Graduate,41700.0,Private,4.5,MNC,Rented,13500.0,3,2,0.0,0.0,5800.0,9100.0,5400.0,Yes,6600.0,676.0,244800.0,55600.0,Education EMI,51000.0,30,Not_Eligible,500.0
58.0,Female,Married,Post Graduate,19800.0,Government,27.9,Large Indian,Rented,3300.0,3,2,0.0,0.0,1400.0,3500.0,3300.0,Yes,4600.0,779.0,27500.0,12700.0,E-commerce Shopping EMI,145000.0,7,Not_Eligible,1367.52
38.0,Male,Married,Graduate,62800.0,Self-employed,5.5,Large Indian,Rented,18100.0,3,2,12200.0,10700.0,6000.0,14400.0,8600.0,Yes,10100.0,676.0,283100.0,161000.0,Home Appliances EMI,47000.0,10,Not_Eligible,500.0
38.0,Male,Married,Graduate,42300.0,Private,9.5,MNC,Own,0.0,3,2,11800.0,14400.0,4600.0,10300.0,3200.0,No,0.0,707.0,29000.0,16700.0,Home Appliances EMI,45000.0,15,Not_Eligible,500.0
32.0,Male,Married,Post Graduate,99000.0,Private,1.5,Startup,Rented,16500.0,2,1,0.0,7500.0,10600.0,16300.0,11800.0,No,0.0,708.0,623300.0,126600.0,Vehicle EMI,217000.0,19,Eligible,19965.0
38.0,Male,Single,High School,25100.0,Self-employed,2.2,Mid-size,Family,0.0,2,1,0.0,20100.0,1500.0,4400.0,4700.0,No,0.0,746.0,167600.0,68000.0,Vehicle EMI,602000.0,80,Not_Eligible,500.0
48.0,Male,Married,Graduate,46600.0,Private,22.3,Mid-size,Rented,11300.0,5,4,3500.0,0.0,3000.0,9600.0,3700.0,Yes,13000.0,743.0,366000.0,128900.0,Vehicle EMI,1068000.0,57,Not_Eligible,962.5
38.0,Female,Married,High School,31000.0,Private,6.0,Mid-size,Family,0.0,4,3,2500.0,16300.0,1700.0,8000.0,4800.0,Yes,3900.0,808.0,45000.0,25400.0,E-commerce Shopping EMI,148000.0,21,Not_Eligible,500.0
38.0,Male,Married,Post Graduate,70400.0,Private,8.5,Large Indian,Rented,15200.0,3,2,8800.0,0.0,8500.0,18500.0,5300.0,No,0.0,792.0,175800.0,96000.0,Vehicle EMI,261000.0,42,High_Risk,8460.0
38.0,Male,Single,Graduate,44300.0,Private,10.4,Large Indian,Rented,14100.0,1,0,0.0,0.0,6600.0,11500.0,4800.0,No,0.0,830.0,48000.0,13900.0,Vehicle EMI,278000.0,77,Not_Eligible,3504.0
58.0,Female,Married,Post Graduate,80300.0,Private,1.1,Large Indian,Family,0.0,3,2,4600.0,11200.0,4200.0,23000.0,12800.0,No,0.0,999.0,474300.0,97600.0,Vehicle EMI,185000.0,71,Eligible,12250.0
48.0,Female,Married,High School,51100.0,Private,2.5,Mid-size,Own,0.0,2,1,0.0,0.0,5300.0,12200.0,3600.0,No,0.0,692.0,249100.0,88000.0,Vehicle EMI,570000.0,47,High_Risk,15000.0
48.0,Female,Married,High School,15900.0,Government,13.0,Large Indian,Rented,3600.0,4,3,13500.0,11700.0,900.0,3200.0,2200.0,No,0.0,850.0,114700.0,56900.0,Home Appliances EMI,147000.0,35,Not_Eligible,500.0
32.0,Female,Married,Post Graduate,46100.0,Private,2.3,Large Indian,Own,0.0,3,2,13400.0,9600.0,5300.0,11700.0,8300.0,Yes,9700.0,603.0,83400.0,23800.0,E-commerce Shopping EMI,150000.0,24,Not_Eligible,500.0
32.0,Female,Married,Professional,100000.0,Private,7.5,Large Indian,Own,0.0,4,3,5900.0,7100.0,11900.0,16700.0,17500.0,No,0.0,602.0,222700.0,129400.0,Vehicle EMI,799000.0,52,Not_Eligible,16360.0
58.0,Male,Married,Professional,47300.0,Private,8.5,Mid-size,Rented,7100.0,3,2,2300.0,0.0,5500.0,9700.0,6700.0,Yes,7800.0,657.0,29300.0,12900.0,E-commerce Shopping EMI,107000.0,6,Not_Eligible,2296.0
58.0,Female,Married,Post Graduate,83500.0,Private,0.8,Mid-size,Family,0.0,3,2,6800.0,10900.0,12500.0,13000.0,15400.0,Yes,20000.0,637.0,73600.0,43900.0,Personal Loan EMI,791000.0,53,Not_Eligible,878.08
32.0,Female,Married,Graduate,35800.0,Private,10.0,Large Indian,Rented,9900.0,3,2,0.0,20300.0,2300.0,7800.0,4600.0,Yes,8700.0,770.0,56700.0,20100.0,Home Appliances EMI,177000.0,34,Not_Eligible,500.0
32.0,Female,Married,Graduate,24800.0,Government,2.0,Startup,Family,0.0,4,3,3200.0,0.0,3100.0,7300.0,3300.0,No,0.0,721.0,146500.0,35600.0,Vehicle EMI,426000.0,57,Not_Eligible,3950.0
38.0,Female,Married,Graduate,31300.0,Private,3.6,MNC,Family,0.0,5,4,10300.0,0.0,2100.0,7300.0,2600.0,No,0.0,779.0,124600.0,42700.0,E-commerce Shopping EMI,72000.0,24,Eligible,5400.0
32.0,Female,Married,Post Graduate,26000.0,Private,1.6,Startup,Family,0.0,3,2,6300.0,17500.0,1400.0,5200.0,4300.0,No,0.0,681.0,82900.0,38800.0,Vehicle EMI,1321000.0,82,Not_Eligible,500.0
32.0,Female,Single,Graduate,26100.0,Private,1.1,Small,Family,0.0,1,0,0.0,0.0,1600.0,5300.0,3600.0,No,0.0,744.0,202200.0,101200.0,E-commerce Shopping EMI,124000.0,16,Not_Eligible,8580.0
27.0,Female,Single,High School,31800.0,Self-employed,2.0,Mid-size,Own,0.0,1,0,0.0,0.0,4600.0,9200.0,2900.0,No,0.0,725.0,138500.0,53500.0,Personal Loan EMI,480000.0,32,Not_Eligible,6795.0
58.0,Male,Married,Professional,65100.0,Private,7.5,Mid-size,Family,0.0,2,1,0.0,7600.0,4300.0,15800.0,9200.0,No,0.0,835.0,237800.0,118000.0,Education EMI,351000.0,38,Eligible,16920.0
38.0,Male,Married,Post Graduate,38700.0,Private,0.8,MNC,Family,0.0,3,2,5500.0,9300.0,4300.0,9200.0,6300.0,Yes,10900.0,698.0,57800.0,33400.0,Education EMI,99000.0,41,Not_Eligible,500.0
48.0,Male,Married,Post Graduate,57100.0,Government,3.6,Startup,Family,0.0,4,3,8100.0,0.0,4100.0,11300.0,4100.0,No,0.0,623.0,234200.0,79400.0,E-commerce Shopping EMI,15000.0,11,Eligible,12980.0
32.0,Male,Single,Graduate,71200.0,Private,2.9,MNC,Own,0.0,1,0,0.0,0.0,4100.0,15300.0,11800.0,No,0.0,683.0,274000.0,114800.0,Home Appliances EMI,106000.0,29,Eligible,20000.0
48.0,Male,Married,Graduate,41900.0,Government,1.1,Large Indian,Rented,6800.0,5,4,0.0,0.0,5700.0,7300.0,7000.0,No,0.0,634.0,311800.0,89700.0,E-commerce Shopping EMI,89000.0,23,Eligible,6644.0
58.0,Male,Married,High School,44100.0,Private,4.8,Mid-size,Rented,6700.0,4,3,0.0,0.0,4300.0,8000.0,3200.0,No,0.0,721.0,185000.0,69000.0,Education EMI,363000.0,22,Not_Eligible,10950.0
58.0,Female,Married,Graduate,49900.0,Private,14.6,MNC,Rented,13500.0,5,4,8400.0,0.0,4000.0,11900.0,5500.0,No,0.0,701.0,260900.0,107000.0,Education EMI,162000.0,37,Not_Eligible,3300.0
27.0,Female,Single,High School,48300.0,Private,0.6,Mid-size,Rented,15600.0,2,1,0.0,0.0,4100.0,9200.0,6100.0,Yes,6600.0,739.0,311100.0,116400.0,E-commerce Shopping EMI,125000.0,17,Not_Eligible,2063.6
38.0,Male,Married,Graduate,77500.0,Private,1.6,MNC,Own,0.0,3,2,0.0,0.0,10500.0,22400.0,12900.0,No,0.0,795.0,333300.0,115500.0,E-commerce Shopping EMI,120000.0,12,Eligible,19020.0
48.0,Female,Married,Graduate,44700.0,Government,2.5,Mid-size,Own,0.0,4,3,0.0,14600.0,2700.0,12700.0,3600.0,No,0.0,741.0,82300.0,23200.0,Vehicle EMI,1034000.0,51,Not_Eligible,4440.0
38.0,Male,Married,Graduate,11937.0,Government,0.5,MNC,Own,0.0,2,1,6500.0,0.0,4100.0,12400.0,7300.0,No,0.0,723.0,111100.0,28400.0,Vehicle EMI,753000.0,83,Not_Eligible,10250.0
48.0,Female,Married,Professional,33200.0,Private,3.3,Large Indian,Rented,9900.0,4,3,0.0,0.0,2200.0,9500.0,6100.0,No,0.0,645.0,60800.0,26600.0,Vehicle EMI,1385000.0,48,Not_Eligible,1760.0
27.0,Male,Single,Post Graduate,38600.0,Self-employed,0.9,Large Indian,Own,0.0,2,1,12500.0,0.0,3500.0,11000.0,3700.0,No,0.0,685.0,129700.0,67900.0,Personal Loan EMI,131000.0,12,Not_Eligible,3555.0
38.0,Male,Married,Post Graduate,65300.0,Government,1.4,Mid-size,Rented,21000.0,2,1,0.0,6000.0,9300.0,11900.0,8200.0,No,0.0,690.0,216000.0,58700.0,E-commerce Shopping EMI,36000.0,4,Not_Eligible,4450.0
27.0,Male,Single,Graduate,87200.0,Private,0.5,Mid-size,Family,0.0,2,1,0.0,7400.0,4600.0,20300.0,4700.0,Yes,21700.0,655.0,604300.0,261100.0,Vehicle EMI,154000.0,50,Eligible,8778.0
38.0,Male,Single,High School,34000.0,Government,2.9,Large Indian,Family,0.0,2,1,12400.0,0.0,4900.0,7700.0,2800.0,No,0.0,802.0,92800.0,52800.0,Home Appliances EMI,128000.0,21,Not_Eligible,3720.0
27.0,Female,Married,Graduate,116400.0,Private,0.6,Large Indian,Family,0.0,4,3,7400.0,0.0,6400.0,22100.0,12500.0,No,0.0,782.0,580800.0,131900.0,Personal Loan EMI,205000.0,24,Eligible,32640.0
38.0,Male,Single,Graduate,52400.0,Private,3.9,Mid-size,Rented,14500.0,3,2,7700.0,0.0,6800.0,12700.0,7600.0,Yes,5500.0,659.0,39900.0,10800.0,Education EMI,351000.0,33,Not_Eligible,500.0
48.0,Female,Married,High School,30900.0,Private,11.0,Mid-size,Own,0.0,3,2,12000.0,0.0,4400.0,7000.0,5000.0,Yes,5000.0,706.0,218300.0,113500.0,Home Appliances EMI,205000.0,7,Not_Eligible,500.0
32.0,Male,Single,Graduate,37700.0,Government,0.5,Large Indian,Own,0.0,2,1,0.0,0.0,5400.0,8300.0,2100.0,No,0.0,715.0,67900.0,21600.0,Vehicle EMI,752000.0,23,Not_Eligible,8760.0
32.0,Male,Married,Graduate,81200.0,Private,0.5,MNC,Family,0.0,4,3,10900.0,0.0,8100.0,23600.0,4300.0,No,0.0,811.0,298400.0,68100.0,Vehicle EMI,1367000.0,58,Not_Eligible,16464.0
27.0,Male,Single,High School,40200.0,Private,0.5,Startup,Own,0.0,1,0,0.0,0.0,2600.0,10500.0,5700.0,Yes,6300.0,625.0,50900.0,17600.0,Home Appliances EMI,118000.0,33,Not_Eligible,2705.92
27.0,Male,Single,Post Graduate,5966.0,Private,0.5,MNC,Family,0.0,1,0,0.0,0.0,8500.0,20700.0,14900.0,No,0.0,681.0,178800.0,97000.0,Home Appliances EMI,48000.0,33,Eligible,19840.0
32.0,Male,Married,Professional,106600.0,Government,2.1,Mid-size,Rented,34800.0,3,2,12600.0,0.0,6200.0,26400.0,19400.0,No,0.0,656.0,759200.0,377600.0,Personal Loan EMI,553000.0,30,Not_Eligible,3960.0
27.0,Male,Married,Graduate,31800.0,Private,3.3,Large Indian,Family,0.0,2,1,13200.0,0.0,3400.0,9500.0,5000.0,Yes,9300.0,566.0,135800.0,74500.0,Home Appliances EMI,64000.0,13,Not_Eligible,500.0
38.0,Male,Married,High School,34700.0,Government,3.5,Large Indian,Own,0.0,3,2,3600.0,0.0,2800.0,7400.0,5400.0,No,0.0,711.0,180800.0,65800.0,Vehicle EMI,1370000.0,20,Not_Eligible,8525.0
48.0,Female,Married,Professional,75900.0,Government,1.0,MNC,Rented,14900.0,3,2,9300.0,0.0,9100.0,20900.0,5600.0,No,0.0,731.0,276200.0,120400.0,Personal Loan EMI,846000.0,47,Not_Eligible,8050.0
38.0,Female,Married,Graduate,66800.0,Private,5.8,Mid-size,Family,0.0,3,2,11700.0,22500.0,8400.0,11200.0,7300.0,No,0.0,708.0,354800.0,152800.0,Vehicle EMI,337000.0,63,Not_Eligible,2850.0
38.0,Male,Married,High School,44400.0,Private,7.6,Mid-size,Rented,12300.0,4,3,0.0,0.0,4400.0,10800.0,6400.0,No,0.0,701.0,150900.0,63200.0,Vehicle EMI,458000.0,78,Not_Eligible,5250.0
32.0,Male,Single,Professional,53300.0,Private,3.4,Mid-size,Own,0.0,2,1,5200.0,0.0,7600.0,10200.0,3100.0,No,0.0,659.0,209000.0,66300.0,Vehicle EMI,1420000.0,42,Not_Eligible,13600.0
58.0,Female,Married,Post Graduate,87200.0,Private,36.0,MNC,Rented,21500.0,3,2,0.0,0.0,10300.0,17300.0,14400.0,Yes,9400.0,704.0,381600.0,188200.0,Vehicle EMI,911000.0,14,Not_Eligible,5005.0
48.0,Male,Single,Graduate,83200.0,Government,6.6,Large Indian,Family,0.0,2,1,11400.0,0.0,12100.0,16900.0,5800.0,No,0.0,825.0,295000.0,165100.0,Home Appliances EMI,134000.0,14,Eligible,24420.0
38.0,Male,Single,Graduate,69300.0,Private,1.1,Large Indian,Rented,11700.0,1,0,0.0,0.0,3700.0,19000.0,10100.0,Yes,19800.0,667.0,552800.0,182700.0,Vehicle EMI,961000.0,79,Not_Eligible,1925.0
32.0,Male,Married,Graduate,63100.0,Private,1.0,Mid-size,Rented,14800.0,4,3,0.0,7600.0,4000.0,13700.0,12100.0,No,0.0,675.0,399600.0,132200.0,Vehicle EMI,1016000.0,33,Not_Eligible,5995.0
27.0,Male,Married,Graduate,71343.0,Government,0.6,Mid-size,Rented,18100.0,3,2,0.0,6000.0,7700.0,13900.0,11500.0,Yes,10300.0,639.0,149300.0,49700.0,E-commerce Shopping EMI,101000.0,16,Not_Eligible,868.0
27.0,Male,Married,,102300.0,Private,0.5,Mid-size,Rented,29900.0,4,3,0.0,0.0,13800.0,17900.0,15400.0,No,0.0,748.0,418000.0,144300.0,Home Appliances EMI,74000.0,10,Eligible,10120.0
32.0,Male,Married,Professional,54000.0,Private,6.7,Small,Family,0.0,5,4,13700.0,0.0,7100.0,12200.0,4400.0,No,0.0,607.0,99800.0,54300.0,Vehicle EMI,819000.0,50,Not_Eligible,5312.0
32.0,Male,Married,High School,49200.0,Private,1.3,Startup,Rented,13100.0,4,3,2600.0,12800.0,5400.0,8800.0,5100.0,No,0.0,725.0,177600.0,74700.0,Education EMI,93000.0,13,Not_Eligible,700.0
48.0,Male,Married,Graduate,28700.0,Private,19.2,Startup,Rented,7300.0,5,4,13600.0,0.0,4200.0,6600.0,5500.0,No,0.0,803.0,17400.0,8200.0,Personal Loan EMI,151000.0,16,Not_Eligible,500.0
58.0,Male,Single,Post Graduate,48700.0,Government,5.3,Startup,Own,0.0,3,2,0.0,0.0,3300.0,12300.0,9500.0,Yes,6500.0,642.0,140500.0,83800.0,Home Appliances EMI,275000.0,35,Not_Eligible,5266.8
27.0,Male,Single,High School,24000.0,Private,0.7,Mid-size,Family,0.0,1,0,0.0,0.0,3600.0,5000.0,3900.0,No,0.0,675.0,109500.0,48800.0,Education EMI,79000.0,15,Not_Eligible,4600.0
48.0,Female,Married,Graduate,24300.0,Private,4.4,Mid-size,Own,0.0,3,2,14400.0,0.0,1900.0,4000.0,1800.0,Yes,4200.0,626.0,165400.0,67100.0,E-commerce Shopping EMI,35000.0,7,Not_Eligible,500.0
38.0,Male,Married,Graduate,42300.0,Self-employed,2.9,Large Indian,Rented,9100.0,3,2,10900.0,7300.0,3000.0,10800.0,3100.0,No,0.0,691.0,318100.0,151400.0,Personal Loan EMI,271000.0,39,Not_Eligible,500.0
27.0,Female,Married,High School,53700.0,Private,2.5,MNC,Family,0.0,2,1,14300.0,0.0,7900.0,13100.0,8200.0,No,0.0,708.0,136100.0,54500.0,Vehicle EMI,770000.0,21,Not_Eligible,5100.0
27.0,Male,Single,Graduate,80800.0,Private,4.9,Large Indian,Rented,15800.0,3,2,8100.0,0.0,11800.0,19900.0,5800.0,No,0.0,635.0,177800.0,80900.0,Home Appliances EMI,153000.0,31,Eligible,7760.0
58.0,Male,Married,,19500.0,Private,4.3,Mid-size,Own,0.0,4,3,7800.0,0.0,2500.0,4100.0,2200.0,No,0.0,725.0,99900.0,43000.0,Education EMI,112000.0,26,Not_Eligible,1450.0
58.0,Male,Married,Post Graduate,44400.0,Self-employed,7.8,Mid-size,Own,0.0,4,3,0.0,0.0,6500.0,13100.0,8600.0,Yes,6900.0,675.0,181200.0,53300.0,E-commerce Shopping EMI,162000.0,19,Not_Eligible,2929.5
48.0,Male,Married,Graduate,41300.0,Private,3.1,MNC,Rented,12500.0,3,2,3200.0,7400.0,2400.0,7300.0,2800.0,Yes,8600.0,674.0,275700.0,154300.0,Personal Loan EMI,598000.0,53,Not_Eligible,500.0
38.0,Female,Married,Graduate,18000.0,Private,1.2,MNC,Rented,5300.0,3,2,0.0,0.0,1600.0,3100.0,2500.0,No,0.0,619.0,49400.0,18900.0,Home Appliances EMI,216000.0,17,Not_Eligible,2200.0
58.0,Male,Married,Graduate,55200.0,Government,32.8,MNC,Rented,11300.0,2,1,13500.0,0.0,2800.0,13300.0,6200.0,No,0.0,736.0,54600.0,12900.0,Vehicle EMI,928000.0,70,Not_Eligible,3564.0
27.0,Male,Married,Graduate,40500.0,Government,2.8,Mid-size,Family,0.0,2,1,8500.0,0.0,2200.0,11900.0,5500.0,No,0.0,816.0,26400.0,9400.0,Vehicle EMI,160000.0,76,Eligible,5952.0
27.0,Male,Single,Post Graduate,78600.0,Private,4.4,Large Indian,Rented,12600.0,1,0,0.0,0.0,5200.0,19700.0,10200.0,Yes,8300.0,717.0,142800.0,44500.0,Education EMI,455000.0,39,Not_Eligible,6328.0
27.0,Female,Single,High School,81600.0,Private,1.0,Large Indian,Own,0.0,2,1,0.0,0.0,11600.0,18700.0,12800.0,Yes,11000.0,723.0,538300.0,250500.0,Personal Loan EMI,318000.0,30,Not_Eligible,10587.5
27.0,Female,Single,Post Graduate,24500.0,Self-employed,1.0,Large Indian,Rented,7900.0,1,0,0.0,0.0,2400.0,3900.0,3200.0,Yes,5100.0,802.0,139900.0,58300.0,Personal Loan EMI,72000.0,13,Not_Eligible,756.0
27.0,Female,Single,Post Graduate,91500.0,Self-employed,2.6,MNC,Rented,24800.0,2,1,11700.0,5500.0,6700.0,21400.0,17200.0,Yes,18300.0,647.0,103500.0,41100.0,Personal Loan EMI,368000.0,56,Not_Eligible,500.0
38.0,Male,Married,Graduate,59900.0,Private,2.0,Large Indian,Own,0.0,4,3,5700.0,0.0,4600.0,13600.0,5400.0,No,0.0,716.0,352600.0,105700.0,E-commerce Shopping EMI,152000.0,20,Eligible,15300.0
32.0,Female,Married,Graduate,44800.0,Private,0.5,Mid-size,Family,0.0,2,1,7500.0,0.0,3800.0,13400.0,4500.0,No,0.0,736.0,136900.0,35200.0,Personal Loan EMI,251000.0,48,Not_Eligible,6240.0
58.0,Male,Married,Post Graduate,65400.0,Government,3.6,MNC,Rented,17700.0,4,3,2700.0,0.0,8500.0,18800.0,12500.0,Yes,18400.0,753.0,473400.0,254800.0,Home Appliances EMI,98000.0,23,Not_Eligible,500.0
38.0,Male,Married,Graduate,20300.0,Private,3.5,MNC,Rented,5600.0,5,4,11000.0,21000.0,2400.0,3800.0,1600.0,No,0.0,624.0,50300.0,26900.0,Vehicle EMI,465000.0,13,Not_Eligible,500.0
38.0,Male,Married,Graduate,57300.0,Private,16.0,Mid-size,Own,0.0,3,2,12000.0,24700.0,8000.0,11000.0,8000.0,Yes,17100.0,620.0,150000.0,81700.0,E-commerce Shopping EMI,157000.0,10,Not_Eligible,500.0
32.0,Male,Married,Graduate,32500.0,Private,0.5,Startup,Rented,7400.0,2,1,2700.0,0.0,3300.0,9100.0,3900.0,Yes,5500.0,516.0,248700.0,128100.0,Education EMI,97000.0,15,Not_Eligible,500.0
32.0,Female,Married,Graduate,36800.0,Private,1.6,Mid-size,Own,0.0,2,1,14300.0,23500.0,2500.0,8600.0,6900.0,No,0.0,574.0,33600.0,16900.0,Education EMI,330000.0,13,Not_Eligible,500.0
48.0,Female,Married,Post Graduate,81100.0,Private,2.7,MNC,Rented,14600.0,4,3,10900.0,0.0,6700.0,21400.0,13700.0,No,0.0,684.0,529600.0,293100.0,Personal Loan EMI,168000.0,20,Not_Eligible,7590.0
32.0,Male,Single,Graduate,43800.0,Private,4.0,Small,Rented,13000.0,2,1,6400.0,0.0,3200.0,11500.0,8100.0,No,0.0,639.0,311200.0,186400.0,Education EMI,433000.0,20,Not_Eligible,704.0
32.0,Male,Married,Post Graduate,43800.0,Private,1.0,MNC,Rented,10200.0,4,3,7800.0,0.0,3900.0,10900.0,2500.0,Yes,9100.0,638.0,57400.0,25400.0,Personal Loan EMI,245000.0,30,Not_Eligible,500.0
38.0,Female,Married,Post Graduate,92600.0,Government,3.7,Mid-size,Rented,18000.0,2,1,0.0,0.0,6100.0,19000.0,11900.0,No,0.0,0.0,289000.0,90700.0,E-commerce Shopping EMI,130000.0,9,Eligible,24816.0
58.0,Female,Married,Graduate,49800.0,Private,20.2,Startup,Rented,9500.0,2,1,5500.0,0.0,7200.0,13500.0,8300.0,Yes,13600.0,695.0,346100.0,87000.0,Personal Loan EMI,846000.0,40,Not_Eligible,500.0
32.0,Male,Married,Graduate,84900.0,Private,7.6,Large Indian,Own,0.0,4,3,0.0,0.0,9700.0,19500.0,15200.0,No,0.0,698.0,121600.0,61600.0,Home Appliances EMI,202000.0,30,Eligible,16200.0
32.0,Male,Single,Graduate,55500.0,Private,6.9,MNC,Rented,16400.0,3,2,14400.0,11200.0,7600.0,9600.0,7300.0,Yes,15400.0,806.0,429800.0,109100.0,Education EMI,464000.0,44,Not_Eligible,500.0
27.0,Male,Single,Graduate,372264.0,Private,1.6,Mid-size,Family,0.0,2,1,3300.0,0.0,4900.0,12200.0,9400.0,No,0.0,832.0,215000.0,80400.0,Home Appliances EMI,138000.0,14,Eligible,18600.0
38.0,Male,Married,Graduate,85900.0,Self-employed,5.2,MNC,Own,0.0,4,3,11000.0,0.0,8300.0,24800.0,13600.0,Yes,13700.0,729.0,224400.0,88800.0,Education EMI,470000.0,16,Not_Eligible,4567.5
38.0,Male,Single,High School,55800.0,Government,0.5,MNC,Own,0.0,1,0,0.0,0.0,6400.0,16600.0,4900.0,Yes,10000.0,603.0,273900.0,72300.0,Home Appliances EMI,84000.0,7,Not_Eligible,5012.0
58.0,Female,Married,Post Graduate,121500.0,Private,1.5,Startup,Rented,28500.0,5,4,0.0,0.0,17700.0,31800.0,22800.0,Yes,28900.0,668.0,192900.0,103900.0,Personal Loan EMI,746000.0,47,Not_Eligible,500.0
38.0,Female,Married,Professional,50600.0,Private,10.9,Mid-size,Rented,16900.0,3,2,0.0,0.0,3600.0,10600.0,7600.0,Yes,5500.0,758.0,260500.0,82700.0,Personal Loan EMI,429000.0,21,Not_Eligible,2688.0
38.0,Female,Married,Professional,142400.0,Private,4.4,Startup,Own,0.0,2,1,0.0,16700.0,18900.0,22500.0,11100.0,No,0.0,725.0,317300.0,99300.0,Personal Loan EMI,424000.0,19,Eligible,36600.0
32.0,Female,Married,Graduate,68800.0,Private,3.3,Large Indian,Rented,18700.0,2,1,11800.0,0.0,6200.0,14000.0,12300.0,Yes,7900.0,625.0,134100.0,64200.0,Personal Loan EMI,254000.0,60,Not_Eligible,500.0
27.0,Male,Single,Graduate,41100.0,Private,0.5,Large Indian,Family,0.0,3,2,11400.0,22800.0,5300.0,8100.0,4900.0,No,0.0,713.0,87300.0,21500.0,Education EMI,382000.0,36,Not_Eligible,500.0
58.0,Male,Married,Graduate,41000.0,Private,13.2,Mid-size,Rented,7200.0,5,4,0.0,0.0,5700.0,6800.0,2600.0,Yes,10700.0,702.0,230500.0,63100.0,Personal Loan EMI,465000.0,33,Not_Eligible,2800.0
27.0,Male,Single,Professional,76100.0,Government,0.5,MNC,Rented,22800.0,1,0,0.0,0.0,6200.0,16200.0,12600.0,No,0.0,781.0,298900.0,154500.0,E-commerce Shopping EMI,70000.0,4,Not_Eligible,10980.0
48.0,Male,Married,Post Graduate,101200.0,Private,12.9,Large Indian,Own,0.0,3,2,0.0,11500.0,9800.0,19000.0,5800.0,No,0.0,771.0,139900.0,57200.0,Personal Loan EMI,411000.0,13,Not_Eligible,26448.0
32.0,Male,Married,Professional,94700.0,Private,0.5,MNC,Family,0.0,3,2,11900.0,19000.0,14000.0,17400.0,18700.0,Yes,19200.0,746.0,297700.0,134500.0,Home Appliances EMI,128000.0,32,Not_Eligible,500.0
38.0,Male,Married,Graduate,39500.0,Private,11.4,Startup,Family,0.0,3,2,6400.0,0.0,2400.0,10800.0,3700.0,Yes,4100.0,641.0,291200.0,101400.0,Vehicle EMI,900000.0,33,Not_Eligible,3726.8
48.0,Male,Married,Graduate,40600.0,Private,5.5,Startup,Family,0.0,3,2,3500.0,17600.0,3900.0,10100.0,3600.0,No,0.0,689.0,25700.0,5200.0,E-commerce Shopping EMI,137000.0,19,Not_Eligible,760.0
38.0,Male,Married,Professional,61400.0,Private,4.8,Startup,Family,0.0,4,3,10500.0,0.0,5900.0,14800.0,6900.0,No,0.0,703.0,344000.0,82500.0,Personal Loan EMI,953000.0,19,Not_Eligible,11650.0
48.0,Male,Married,High School,51200.0,Private,4.7,Startup,Own,0.0,4,3,3200.0,0.0,7300.0,10900.0,4800.0,No,0.0,705.0,336800.0,137300.0,Education EMI,390000.0,6,Not_Eligible,13750.0
48.0,Female,Married,Graduate,95300.0,Private,5.4,MNC,Own,0.0,4,3,3600.0,0.0,12100.0,20600.0,18600.0,No,0.0,745.0,274300.0,164500.0,Vehicle EMI,438000.0,14,Not_Eligible,20200.0
32.0,Male,Single,Post Graduate,40500.0,Self-employed,3.9,Large Indian,Rented,6800.0,1,0,0.0,0.0,2900.0,11500.0,3400.0,No,0.0,715.0,33200.0,12200.0,Vehicle EMI,1149000.0,58,Not_Eligible,5724.0
32.0,Male,Single,Graduate,69900.0,Private,2.3,MNC,Rented,18900.0,1,0,0.0,0.0,9900.0,11500.0,4900.0,No,0.0,664.0,259700.0,154500.0,E-commerce Shopping EMI,144000.0,11,Not_Eligible,12350.0
32.0,Male,Married,Graduate,22600.0,Private,10.0,Large Indian,Family,0.0,3,2,5800.0,11400.0,1800.0,4100.0,3800.0,No,0.0,805.0,70000.0,16800.0,Home Appliances EMI,66000.0,21,Not_Eligible,500.0
27.0,Female,Single,Post Graduate,28300.0,Private,1.5,Mid-size,Family,0.0,2,1,5600.0,0.0,2500.0,7100.0,5000.0,Yes,6000.0,678.0,203600.0,90000.0,Education EMI,290000.0,13,Not_Eligible,808.5
58.0,Male,Married,High School,26500.0,Private,9.9,MNC,Own,0.0,3,2,4100.0,5400.0,1600.0,7300.0,3600.0,Yes,7900.0,669.0,93800.0,40700.0,Home Appliances EMI,234000.0,25,Not_Eligible,500.0
48.0,Male,Married,Graduate,48900.0,Private,20.8,MNC,Own,0.0,3,2,2900.0,0.0,5100.0,9000.0,2600.0,Yes,11500.0,598.0,41900.0,11800.0,Education EMI,71000.0,21,High_Risk,3987.2
32.0,Female,Married,Graduate,76200.0,Private,0.5,Mid-size,Rented,24400.0,3,2,5600.0,6800.0,11400.0,17100.0,8600.0,No,0.0,708.0,162000.0,56500.0,Home Appliances EMI,267000.0,26,Not_Eligible,920.0
38.0,Female,Married,Graduate,21300.0,Private,0.5,Large Indian,Own,0.0,5,4,0.0,14500.0,2000.0,4500.0,3200.0,Yes,4400.0,596.0,149500.0,47800.0,E-commerce Shopping EMI,178000.0,24,Not_Eligible,500.0
38.0,Female,Married,Professional,56500.0,Private,2.0,Large Indian,Family,0.0,2,1,12600.0,0.0,6300.0,13200.0,2800.0,Yes,15600.0,585.0,37700.0,13800.0,Vehicle EMI,1052000.0,53,Not_Eligible,1344.0
27.0,Male,Single,Graduate,43500.0,Private,2.7,Mid-size,Rented,13600.0,1,0,0.0,0.0,3200.0,8400.0,4900.0,Yes,13000.0,685.0,143900.0,76900.0,Home Appliances EMI,187000.0,30,Not_Eligible,500.0
48.0,Male,Married,Graduate,61000.0,Private,5.1,Large Indian,Rented,10400.0,3,2,14200.0,0.0,8000.0,15800.0,3400.0,No,0.0,715.0,58900.0,14900.0,Education EMI,335000.0,20,Not_Eligible,3680.0
58.0,Male,Married,Professional,71300.0,Private,8.3,MNC,Rented,13100.0,3,2,12000.0,0.0,7000.0,21100.0,7900.0,No,0.0,736.0,409300.0,152400.0,Education EMI,249000.0,21,Not_Eligible,5100.0
48.0,Male,Married,Graduate,79300.0,Government,14.7,Mid-size,Family,0.0,3,2,2800.0,7200.0,9600.0,20900.0,7600.0,Yes,22500.0,744.0,503500.0,173900.0,Personal Loan EMI,449000.0,23,Not_Eligible,3684.45
48.0,Male,Married,Post Graduate,58700.0,Self-employed,6.6,MNC,Rented,14300.0,3,2,8100.0,0.0,5900.0,17500.0,9300.0,Yes,6100.0,638.0,361400.0,179100.0,Personal Loan EMI,93000.0,43,Not_Eligible,500.0
32.0,Male,Married,Graduate,78800.0,Self-employed,0.5,Large Indian,Rented,14700.0,4,3,0.0,0.0,6000.0,12500.0,6200.0,Yes,8400.0,642.0,208000.0,86200.0,Personal Loan EMI,892000.0,59,Not_Eligible,7812.0
32.0,Female,Single,High School,55000.0,Private,5.1,MNC,Own,0.0,2,1,0.0,0.0,7800.0,9900.0,3400.0,Yes,10900.0,669.0,327000.0,95600.0,Home Appliances EMI,73000.0,16,Eligible,8050.0
27.0,Male,Married,Graduate,79800.0,Private,5.0,Mid-size,Own,0.0,4,3,0.0,0.0,5000.0,12800.0,10700.0,No,0.0,707.0,498600.0,211300.0,Vehicle EMI,542000.0,51,Eligible,28215.0
32.0,Female,Married,High School,6196.0,Government,1.7,Mid-size,Own,0.0,2,1,9000.0,0.0,1500.0,5100.0,1900.0,Yes,3600.0,734.0,76600.0,30500.0,Education EMI,156000.0,13,Not_Eligible,500.0
32.0,Female,Married,Professional,117200.0,Government,4.6,Large Indian,Own,0.0,3,2,9700.0,15000.0,11200.0,32600.0,13500.0,No,0.0,,536100.0,209700.0,Education EMI,127000.0,33,Eligible,19360.0
27.0,Male,Married,Post Graduate,43500.0,Private,0.5,Large Indian,Own,0.0,4,3,0.0,0.0,2900.0,7800.0,5800.0,No,0.0,702.0,83200.0,31300.0,Personal Loan EMI,548000.0,12,Not_Eligible,8640.0
48.0,Male,Married,Professional,87400.0,Government,6.2,MNC,Family,0.0,2,1,0.0,0.0,10300.0,14800.0,11400.0,Yes,25100.0,723.0,184000.0,40600.0,Personal Loan EMI,548000.0,60,Not_Eligible,9933.0
49.0,Male,Married,Post Graduate,38869.0,Private,3.6,Large Indian,Rented,10500.0,5,4,5900.0,0.0,5400.0,8600.0,4400.0,Yes,7300.0,636.0,261100.0,117600.0,E-commerce Shopping EMI,115000.0,7,Not_Eligible,500.0
58.0,Female,Married,Graduate,45100.0,Private,12.8,Mid-size,Rented,12100.0,3,2,0.0,0.0,6300.0,7000.0,3400.0,Yes,13000.0,701.0,164400.0,79300.0,E-commerce Shopping EMI,91000.0,12,Not_Eligible,1155.0
32.0,Female,Married,Post Graduate,66100.0,Private,6.2,MNC,Family,0.0,5,4,0.0,0.0,9800.0,17000.0,5000.0,No,0.0,675.0,112800.0,53700.0,Home Appliances EMI,72000.0,11,Eligible,13720.0
32.0,Female,Single,High School,77500.0,Private,2.5,Startup,Rented,24700.0,2,1,4400.0,0.0,10700.0,23100.0,10200.0,Yes,17700.0,730.0,387800.0,89500.0,Vehicle EMI,225000.0,70,Not_Eligible,500.0
58.0,Male,Married,Graduate,43700.0,Private,26.4,Small,Family,20318.0,2,1,5300.0,0.0,5000.0,9800.0,6300.0,No,0.0,831.0,72400.0,20500.0,Home Appliances EMI,238000.0,29,Not_Eligible,8304.0
38.0,Male,Married,Professional,99800.0,Private,3.7,Large Indian,Family,0.0,3,2,2100.0,0.0,6000.0,22600.0,8500.0,Yes,10300.0,644.0,89400.0,50300.0,Vehicle EMI,193000.0,69,Eligible,11267.2
48.0,Male,Married,Post Graduate,26000.0,Government,3.6,Small,Rented,5900.0,4,3,0.0,0.0,2200.0,7200.0,4200.0,Yes,5300.0,779.0,58600.0,33800.0,Personal Loan EMI,602000.0,37,Not_Eligible,554.4
32.0,Female,Single,Graduate,35000.0,Government,3.2,Startup,Family,0.0,3,2,0.0,0.0,2900.0,6400.0,2400.0,No,0.0,846.0,263300.0,117600.0,Education EMI,452000.0,20,Not_Eligible,16915.8
38.0,Female,Married,Post Graduate,50500.0,Government,3.3,Small,Rented,9300.0,2,1,6900.0,0.0,5700.0,11800.0,3400.0,Yes,13600.0,757.0,222200.0,66300.0,Personal Loan EMI,142000.0,14,Not_Eligible,500.0
48.0,Male,Married,Post Graduate,34300.0,Private,11.9,Large Indian,Family,0.0,2,1,15000.0,0.0,2600.0,7200.0,6700.0,Yes,10000.0,732.0,235000.0,56100.0,E-commerce Shopping EMI,104000.0,24,Not_Eligible,500.0
48.0,Male,Married,Graduate,138800.0,Self-employed,6.0,MNC,Family,0.0,4,3,11900.0,0.0,11800.0,30400.0,25500.0,No,0.0,701.0,509900.0,142400.0,E-commerce Shopping EMI,92000.0,7,Eligible,26640.0
48.0,Male,Married,Graduate,64000.0,Private,0.7,Startup,Family,0.0,3,2,12000.0,15800.0,5600.0,16300.0,6900.0,Yes,6700.0,606.0,313900.0,153000.0,Personal Loan EMI,635000.0,55,Not_Eligible,500.0
32.0,Female,Married,Graduate,37800.0,Private,4.7,Mid-size,Rented,12200.0,4,3,0.0,0.0,3900.0,11300.0,5000.0,No,0.0,739.0,112300.0,40800.0,Personal Loan EMI,422000.0,27,Not_Eligible,2700.0
38.0,Male,Married,Professional,58700.0,Government,0.7,Startup,Rented,14000.0,4,3,5100.0,0.0,7700.0,13000.0,5600.0,No,0.0,768.0,425600.0,222000.0,E-commerce Shopping EMI,117000.0,20,Eligible,8778.0
48.0,Male,Married,High School,46900.0,Private,19.6,Large Indian,Own,0.0,2,1,4500.0,0.0,4300.0,7100.0,3100.0,No,0.0,660.0,205800.0,95800.0,Vehicle EMI,1069000.0,51,Not_Eligible,13950.0
32.0,Male,Single,Graduate,73000.0,Private,1.2,MNC,Family,0.0,1,0,0.0,0.0,8100.0,19300.0,7500.0,Yes,9400.0,659.0,165100.0,49300.0,Vehicle EMI,665000.0,53,Not_Eligible,10045.0
32.0,Female,Married,Graduate,66300.0,Government,2.3,Startup,Rented,19300.0,2,1,7600.0,0.0,4000.0,17800.0,8300.0,Yes,9900.0,712.0,157800.0,88200.0,Personal Loan EMI,733000.0,17,Not_Eligible,500.0
32.0,Male,Married,Graduate,65700.0,Private,1.9,Startup,Rented,13100.0,4,3,5100.0,0.0,5300.0,17900.0,11000.0,Yes,10300.0,677.0,267600.0,72300.0,Vehicle EMI,1420000.0,44,Not_Eligible,1050.0
27.0,Male,Single,Graduate,34300.0,Government,5.0,Mid-size,Rented,8400.0,1,0,0.0,0.0,3200.0,9800.0,2000.0,Yes,3500.0,758.0,178300.0,95400.0,Vehicle EMI,973000.0,50,Not_Eligible,3418.8
48.0,Female,Married,Graduate,18000.0,Private,1.7,Large Indian,Family,0.0,3,2,6200.0,14300.0,2600.0,4900.0,2700.0,Yes,3100.0,722.0,81900.0,22100.0,E-commerce Shopping EMI,59000.0,16,Not_Eligible,500.0
38.0,Female,Single,Graduate,18000.0,Government,5.5,Large Indian,Rented,5800.0,2,1,11100.0,0.0,1200.0,2900.0,1200.0,No,0.0,772.0,26500.0,10600.0,E-commerce Shopping EMI,144000.0,9,Not_Eligible,500.0
38.0,Female,Married,Post Graduate,113500.0,Government,2.2,MNC,Family,0.0,4,3,10600.0,24400.0,7000.0,19200.0,6200.0,Yes,12700.0,690.0,181500.0,61800.0,Vehicle EMI,1108000.0,77,Not_Eligible,9352.0
48.0,Female,Married,Post Graduate,63100.0,Private,1.3,Mid-size,Own,0.0,2,1,13300.0,0.0,5200.0,18500.0,6700.0,No,0.0,711.0,193900.0,52300.0,Vehicle EMI,726000.0,20,Not_Eligible,9700.0
38.0,Male,Married,Graduate,59000.0,Government,1.2,Mid-size,Family,0.0,3,2,0.0,0.0,8500.0,9100.0,4300.0,No,0.0,798.0,160700.0,42400.0,Vehicle EMI,638000.0,16,Not_Eligible,22260.0
38.0,Female,Married,Graduate,52200.0,Self-employed,0.7,MNC,Rented,17800.0,2,1,0.0,0.0,3000.0,13600.0,3500.0,Yes,12000.0,619.0,161300.0,90700.0,Education EMI,69000.0,15,Not_Eligible,579.6
48.0,Male,Married,Professional,48400.0,Private,1.8,Large Indian,Family,0.0,3,2,0.0,0.0,5800.0,13100.0,8100.0,No,0.0,690.0,351700.0,116500.0,E-commerce Shopping EMI,15000.0,17,Eligible,11770.0
32.0,Female,Married,Graduate,18000.0,Private,2.6,Large Indian,Family,0.0,2,1,10100.0,0.0,1200.0,2700.0,1000.0,Yes,4400.0,678.0,69100.0,20900.0,Vehicle EMI,765000.0,75,Not_Eligible,500.0
48.0,Male,Single,Graduate,28300.0,Private,22.4,Large Indian,Rented,7200.0,1,0,0.0,0.0,2700.0,7500.0,3000.0,Yes,3800.0,654.0,130300.0,38600.0,Home Appliances EMI,68000.0,31,Not_Eligible,1435.0
38.0,Male,Married,Graduate,39300.0,Private,1.7,Large Indian,Rented,10400.0,5,4,0.0,0.0,3100.0,9400.0,5700.0,No,0.0,749.0,209000.0,93900.0,Vehicle EMI,1085000.0,13,Not_Eligible,5350.0
38.0,Male,Married,Post Graduate,94800.0,Private,5.1,Mid-size,Rented,23700.0,4,3,14400.0,20800.0,14100.0,14500.0,14200.0,No,0.0,748.0,203400.0,107100.0,Vehicle EMI,1199000.0,20,Not_Eligible,500.0
32.0,Female,Married,Graduate,22500.0,Government,1.0,Large Indian,Rented,3900.0,3,2,0.0,14900.0,2300.0,4900.0,2000.0,Yes,3400.0,732.0,107400.0,42100.0,Education EMI,367000.0,21,Not_Eligible,500.0
58.0,Male,Married,Post Graduate,86200.0,Government,9.2,Startup,Own,0.0,3,2,12100.0,0.0,8100.0,20100.0,8900.0,Yes,9700.0,841.0,534600.0,240200.0,Home Appliances EMI,262000.0,14,Not_Eligible,13873.86
38.0,Male,Married,Professional,64700.0,Government,1.8,Large Indian,Family,0.0,3,2,12400.0,10900.0,3300.0,14600.0,6000.0,No,0.0,716.0,379500.0,129000.0,E-commerce Shopping EMI,167000.0,22,High_Risk,8750.0
58.0,Female,Married,Post Graduate,19500.0,Government,2.0,Large Indian,Family,0.0,2,1,6200.0,0.0,1100.0,3600.0,2500.0,No,0.0,683.0,108600.0,62000.0,E-commerce Shopping EMI,47000.0,15,Not_Eligible,3050.0
38.0,Female,Married,High School,65700.0,Private,0.8,MNC,Rented,20200.0,4,3,9100.0,21700.0,4200.0,10000.0,7200.0,No,0.0,713.0,510000.0,166100.0,E-commerce Shopping EMI,23000.0,5,Not_Eligible,500.0
27.0,Female,Single,Post Graduate,46600.0,Private,0.5,Mid-size,Rented,7600.0,2,1,0.0,0.0,4700.0,10900.0,3900.0,No,0.0,630.0,141800.0,59000.0,Vehicle EMI,933000.0,60,Not_Eligible,6240.0
48.0,Female,Single,Graduate,43900.0,Private,5.5,Mid-size,Family,0.0,1,0,0.0,0.0,6000.0,8700.0,5900.0,Yes,12900.0,699.0,190300.0,91900.0,Home Appliances EMI,219000.0,13,Not_Eligible,3640.0
32.0,Male,Married,High School,25100.0,Private,8.6,Startup,Rented,7500.0,2,1,7100.0,0.0,3200.0,6700.0,3200.0,No,0.0,,18500.0,10800.0,Vehicle EMI,889000.0,61,Not_Eligible,500.0
32.0,Male,Married,Graduate,79300.0,Government,0.8,MNC,Own,0.0,4,3,11700.0,0.0,4600.0,20000.0,10000.0,Yes,13900.0,678.0,52600.0,18000.0,Education EMI,119000.0,30,High_Risk,5348.0
32.0,Female,Married,Graduate,51400.0,Government,1.4,Mid-size,Own,0.0,4,3,0.0,7200.0,5400.0,7800.0,4800.0,No,0.0,652.0,272000.0,78400.0,Home Appliances EMI,266000.0,14,Not_Eligible,13100.0
48.0,Male,Married,High School,43800.0,Private,9.7,Mid-size,Family,0.0,2,1,13000.0,0.0,3600.0,12700.0,2500.0,No,0.0,643.0,337300.0,117600.0,E-commerce Shopping EMI,123000.0,16,Not_Eligible,5280.0
38.0,Female,Married,High School,32200.0,Private,5.1,Mid-size,Own,0.0,2,1,0.0,12700.0,1900.0,7300.0,6400.0,Yes,7600.0,732.0,239000.0,97400.0,E-commerce Shopping EMI,64000.0,17,Not_Eligible,500.0
38.0,Female,Married,Graduate,61700.0,Private,7.0,MNC,Family,0.0,4,3,0.0,0.0,4800.0,10800.0,3300.0,No,0.0,703.0,152400.0,61500.0,E-commerce Shopping EMI,68000.0,10,Eligible,21400.0
32.0,Female,Married,Graduate,38000.0,Private,0.5,Mid-size,Rented,11800.0,5,4,0.0,0.0,2400.0,8400.0,5500.0,No,0.0,674.0,166700.0,68500.0,Vehicle EMI,963000.0,41,Not_Eligible,3960.0
58.0,Female,Single,Post Graduate,72500.0,Self-employed,13.5,MNC,Family,0.0,2,1,0.0,12100.0,6500.0,16300.0,9600.0,Yes,12800.0,626.0,477100.0,150600.0,E-commerce Shopping EMI,183000.0,18,Not_Eligible,4213.44
48.0,Male,Married,High School,35900.0,Private,6.2,MNC,Own,0.0,3,2,8300.0,19600.0,2300.0,7500.0,5300.0,No,0.0,,70300.0,25000.0,Personal Loan EMI,878000.0,25,Not_Eligible,500.0
38.0,Female,Married,Post Graduate,48900.0,Private,2.7,Startup,Rented,13200.0,3,2,3200.0,0.0,5800.0,7400.0,8100.0,Yes,7000.0,591.0,216700.0,62700.0,Personal Loan EMI,465000.0,22,Not_Eligible,1176.0
38.0,Male,Married,Graduate,29600.0,Private,0.5,MNC,Own,0.0,4,3,6500.0,0.0,1700.0,6900.0,1800.0,No,0.0,628.0,173900.0,90900.0,Personal Loan EMI,114000.0,26,Not_Eligible,4064.0
48.0,Female,Married,Graduate,58300.0,Self-employed,0.5,MNC,Own,0.0,2,1,6600.0,0.0,6100.0,14900.0,9200.0,Yes,10500.0,679.0,263600.0,56700.0,Personal Loan EMI,696000.0,18,Not_Eligible,3465.0
32.0,Male,Married,Graduate,113800.0,Private,0.5,MNC,Rented,38400.0,2,1,12400.0,0.0,9700.0,31100.0,12800.0,No,0.0,633.0,95200.0,26800.0,E-commerce Shopping EMI,55000.0,9,Not_Eligible,2406.4
32.0,Male,Married,Post Graduate,82400.0,Private,0.5,Mid-size,Own,0.0,3,2,5300.0,24600.0,8600.0,17700.0,8600.0,No,0.0,664.0,497000.0,268600.0,Education EMI,144000.0,19,Not_Eligible,7744.0
32.0,Male,Single,Graduate,54800.0,Government,2.4,MNC,Family,0.0,2,1,6000.0,24300.0,5100.0,14200.0,9300.0,No,0.0,850.0,58400.0,13400.0,Vehicle EMI,1262000.0,15,Not_Eligible,500.0
38.0,Female,Single,Graduate,102500.0,Private,6.0,Startup,Own,0.0,2,1,0.0,0.0,8300.0,18400.0,16500.0,Yes,29200.0,710.0,131600.0,48400.0,Vehicle EMI,543000.0,84,Not_Eligible,8428.0
38.0,Male,Married,Graduate,99900.0,Private,1.9,MNC,Own,0.0,3,2,11700.0,5200.0,11700.0,20800.0,11300.0,No,0.0,764.0,214800.0,48800.0,Vehicle EMI,1042000.0,12,Not_Eligible,23520.0
32.0,Female,Married,Graduate,55100.0,Private,1.6,Mid-size,Own,0.0,2,1,0.0,0.0,7000.0,15200.0,4600.0,Yes,15000.0,633.0,325800.0,138100.0,Vehicle EMI,843000.0,54,Not_Eligible,3724.0
48.0,Male,Married,Post Graduate,49000.0,Self-employed,12.2,Small,Own,13129.0,5,4,12700.0,0.0,5300.0,8000.0,8000.0,Yes,8100.0,622.0,299500.0,163500.0,Personal Loan EMI,828000.0,21,Not_Eligible,1912.68
38.0,Female,Married,Graduate,56700.0,Private,2.2,Startup,Rented,13600.0,4,3,2900.0,0.0,7600.0,10100.0,10600.0,No,0.0,789.0,48100.0,22800.0,Vehicle EMI,643000.0,17,Not_Eligible,5712.0
58.0,Male,Married,Graduate,44900.0,Self-employed,15.6,MNC,Family,0.0,4,3,9400.0,0.0,4100.0,7200.0,4300.0,No,0.0,783.0,265400.0,127000.0,Personal Loan EMI,629000.0,51,Not_Eligible,10746.0
38.0,Male,Married,Professional,90800.0,Private,10.9,Startup,Own,0.0,2,1,0.0,0.0,5200.0,13900.0,11100.0,Yes,25100.0,687.0,521000.0,218300.0,Home Appliances EMI,200000.0,11,Not_Eligible,12425.0
58.0,Female,Married,Professional,22500.0,Private,9.5,Large Indian,Family,0.0,2,1,0.0,0.0,2500.0,5700.0,1600.0,No,0.0,850.0,172200.0,88500.0,E-commerce Shopping EMI,64000.0,13,Eligible,8382.0
27.0,Female,Single,Graduate,65800.0,Government,0.9,Large Indian,Own,0.0,2,1,0.0,0.0,8000.0,15000.0,11400.0,Yes,8700.0,631.0,320100.0,161500.0,Personal Loan EMI,657000.0,34,Not_Eligible,6356.0
27.0,Male,Single,Graduate,74100.0,Private,4.5,MNC,Rented,12700.0,1,0,0.0,0.0,9500.0,19000.0,11700.0,No,0.0,578.0,517000.0,241600.0,Education EMI,300000.0,40,Not_Eligible,9328.0
38.0,Female,Married,Professional,85600.0,Private,1.4,Large Indian,Family,0.0,3,2,0.0,0.0,10100.0,19100.0,14300.0,Yes,15100.0,648.0,319400.0,67900.0,Home Appliances EMI,25000.0,26,Eligible,7560.0
58.0,Male,Married,Post Graduate,160000.0,Self-employed,15.9,Mid-size,Own,0.0,2,1,0.0,0.0,11800.0,31000.0,20700.0,No,0.0,774.0,667000.0,267500.0,Personal Loan EMI,973000.0,57,Eligible,52110.0
38.0,Female,Married,Professional,118600.0,Private,0.7,Large Indian,Rented,19700.0,3,2,11500.0,24000.0,6800.0,18500.0,18900.0,Yes,29700.0,749.0,97100.0,28100.0,Personal Loan EMI,642000.0,35,Not_Eligible,500.0
48.0,Male,Single,Professional,97300.0,Private,0.6,MNC,Own,0.0,1,0,0.0,0.0,13700.0,14700.0,8100.0,No,0.0,799.0,139600.0,71500.0,Vehicle EMI,956000.0,34,Not_Eligible,23347.2
32.0,Male,Married,Graduate,41600.0,Private,1.3,Mid-size,Rented,7100.0,4,3,0.0,0.0,4300.0,10900.0,7900.0,No,0.0,646.0,193400.0,76700.0,Education EMI,439000.0,13,Not_Eligible,4560.0
48.0,Male,Married,Graduate,58700.0,Private,0.6,Small,Own,0.0,4,3,0.0,7700.0,4700.0,9300.0,11700.0,No,0.0,706.0,390200.0,219200.0,E-commerce Shopping EMI,155000.0,4,Not_Eligible,11132.0
27.0,Female,Single,Graduate,49400.0,Private,5.0,Large Indian,Rented,16100.0,3,2,12700.0,0.0,6000.0,11000.0,6200.0,No,0.0,598.0,226300.0,79000.0,Home Appliances EMI,292000.0,13,Not_Eligible,500.0
32.0,Female,Single,Post Graduate,27700.0,Government,2.5,Large Indian,Rented,6800.0,1,0,0.0,0.0,2500.0,6000.0,2900.0,No,0.0,747.0,195800.0,59800.0,Home Appliances EMI,126000.0,11,Not_Eligible,5225.0
38.0,Female,Married,Graduate,34700.0,Self-employed,2.8,Mid-size,Rented,9200.0,4,3,0.0,0.0,4000.0,5300.0,4800.0,Yes,5900.0,629.0,174100.0,35000.0,Education EMI,430000.0,39,Not_Eligible,1386.0
38.0,Male,Married,Professional,69900.0,Self-employed,1.7,MNC,Own,0.0,4,3,3900.0,0.0,8100.0,14900.0,7200.0,Yes,11900.0,684.0,312300.0,90500.0,E-commerce Shopping EMI,98000.0,13,Not_Eligible,7528.5
38.0,Female,Married,Professional,89400.0,Private,5.0,MNC,Family,0.0,5,4,0.0,0.0,13400.0,25800.0,17700.0,No,0.0,681.0,485800.0,259100.0,Education EMI,231000.0,39,Eligible,16250.0
38.0,Female,Married,Post Graduate,64400.0,Private,3.5,Mid-size,Own,0.0,2,1,0.0,0.0,8500.0,15100.0,12800.0,No,0.0,709.0,482700.0,210100.0,E-commerce Shopping EMI,139000.0,24,Eligible,15400.0
27.0,Female,Single,Graduate,51300.0,Private,4.3,Large Indian,Rented,11500.0,1,0,0.0,0.0,7300.0,10400.0,7700.0,No,0.0,703.0,318000.0,167900.0,Education EMI,406000.0,27,Not_Eligible,7920.0
27.0,Male,Married,Professional,25100.0,Private,3.5,Mid-size,Rented,6400.0,5,4,5100.0,0.0,1900.0,5900.0,1300.0,Yes,3700.0,696.0,46900.0,27500.0,Personal Loan EMI,677000.0,21,Not_Eligible,500.0
38.0,Male,Married,Post Graduate,95400.0,Private,0.5,Mid-size,Rented,27200.0,3,2,12200.0,11000.0,14100.0,18500.0,12000.0,Yes,21000.0,698.0,306900.0,155900.0,Home Appliances EMI,238000.0,19,Not_Eligible,500.0
32.0,Male,Single,Post Graduate,19500.0,Private,0.9,Startup,Own,0.0,2,1,5700.0,0.0,2300.0,5300.0,2400.0,No,0.0,593.0,81600.0,17100.0,Home Appliances EMI,105000.0,8,Not_Eligible,1216.0
27.0,Female,Single,High School,42900.0,Self-employed,2.3,Mid-size,Own,0.0,1,0,0.0,0.0,5700.0,9300.0,5800.0,Yes,10100.0,682.0,221400.0,57300.0,E-commerce Shopping EMI,70000.0,23,High_Risk,3780.0
38.0,Female,Single,Post Graduate,37200.0,Private,2.1,Large Indian,Own,0.0,2,1,2400.0,0.0,3800.0,10500.0,2400.0,Yes,7500.0,708.0,110900.0,36400.0,E-commerce Shopping EMI,160000.0,14,Not_Eligible,3710.0
48.0,Male,Single,Post Graduate,62300.0,Government,25.3,Startup,Rented,15600.0,2,1,0.0,0.0,5400.0,16700.0,7900.0,No,0.0,742.0,388500.0,175000.0,Education EMI,275000.0,11,Not_Eligible,10103.5
48.0,Male,Married,Post Graduate,54400.0,Private,18.5,Large Indian,Rented,12000.0,3,2,0.0,0.0,7500.0,16300.0,8900.0,No,0.0,656.0,325900.0,113400.0,Education EMI,169000.0,18,Not_Eligible,4850.0
32.0,Male,Single,Graduate,18000.0,Private,3.0,Large Indian,Rented,5000.0,1,0,0.0,0.0,2700.0,3400.0,2900.0,No,0.0,767.0,105800.0,31100.0,E-commerce Shopping EMI,92000.0,17,Not_Eligible,2400.0
58.0,Male,Married,High School,37700.0,Private,5.7,Mid-size,Own,0.0,4,3,9700.0,0.0,2400.0,9400.0,3400.0,No,0.0,826.0,273000.0,112600.0,Education EMI,493000.0,13,Not_Eligible,8448.0
48.0,Female,Married,Graduate,49700.0,Private,16.7,Mid-size,Family,0.0,4,3,0.0,0.0,2700.0,10100.0,3500.0,No,0.0,771.0,261800.0,107000.0,E-commerce Shopping EMI,42000.0,18,Eligible,20040.0
38.0,Female,Married,Graduate,23800.0,Private,5.3,MNC,Rented,6800.0,4,3,9900.0,0.0,3300.0,4500.0,4200.0,Yes,2600.0,698.0,144500.0,62400.0,Education EMI,344000.0,35,Not_Eligible,500.0
48.0,Female,Married,Graduate,7148.0,Government,7.8,Startup,Rented,16600.0,3,2,14800.0,0.0,8600.0,13100.0,5200.0,Yes,9500.0,712.0,439700.0,196800.0,Education EMI,254000.0,36,Not_Eligible,500.0
38.0,Male,Married,Post Graduate,33400.0,Private,0.5,Small,Family,0.0,3,2,7700.0,0.0,2500.0,8200.0,2200.0,No,0.0,702.0,125800.0,47900.0,E-commerce Shopping EMI,172000.0,6,Not_Eligible,5120.0
38.0,Male,Single,Graduate,59800.0,Self-employed,16.0,MNC,Rented,11600.0,3,2,7700.0,16700.0,5700.0,16300.0,6300.0,No,0.0,727.0,404000.0,178200.0,Personal Loan EMI,798000.0,17,Not_Eligible,500.0
38.0,Male,Married,Graduate,46500.0,Private,5.3,MNC,Rented,8200.0,3,2,0.0,18600.0,5300.0,10500.0,3500.0,No,0.0,632.0,150800.0,67000.0,Education EMI,278000.0,39,Not_Eligible,500.0
38.0,Male,Married,Post Graduate,114300.0,Private,3.2,Large Indian,Rented,38600.0,4,3,2500.0,7600.0,10300.0,27900.0,13300.0,Yes,17000.0,649.0,520000.0,162000.0,Home Appliances EMI,200000.0,9,Not_Eligible,500.0
38.0,Male,Married,Post Graduate,53400.0,Private,6.6,Startup,Rented,14800.0,5,4,7700.0,0.0,5300.0,9900.0,4100.0,No,0.0,592.0,278200.0,158800.0,Personal Loan EMI,385000.0,18,Not_Eligible,4640.0
27.0,Male,Married,Graduate,41800.0,Government,3.5,MNC,Own,0.0,5,4,0.0,0.0,4200.0,6400.0,5000.0,No,0.0,730.0,155200.0,54400.0,Education EMI,58000.0,6,Eligible,14410.0
48.0,Male,Married,Graduate,69800.0,Private,2.7,MNC,Rented,19600.0,4,3,0.0,5300.0,4400.0,20100.0,10500.0,Yes,7800.0,667.0,53800.0,25300.0,E-commerce Shopping EMI,173000.0,11,Not_Eligible,588.0
27.0,Male,Single,Graduate,36100.0,Private,2.4,Mid-size,Rented,9900.0,3,2,0.0,0.0,2700.0,10300.0,5800.0,Yes,10600.0,594.0,228200.0,81900.0,E-commerce Shopping EMI,11000.0,17,Not_Eligible,500.0
27.0,Male,Single,Professional,27000.0,Private,1.7,Large Indian,Rented,4300.0,2,1,0.0,6500.0,3900.0,6600.0,5400.0,No,0.0,648.0,61600.0,31700.0,Home Appliances EMI,180000.0,16,Not_Eligible,500.0
48.0,Male,Married,Graduate,68800.0,Private,11.2,Mid-size,Own,0.0,3,2,0.0,0.0,4600.0,16900.0,12100.0,No,0.0,717.0,351600.0,175300.0,Home Appliances EMI,244000.0,26,Eligible,17600.0
32.0,Female,Single,Graduate,74500.0,Government,6.5,Mid-size,Own,0.0,2,1,0.0,0.0,5200.0,17300.0,11000.0,No,0.0,788.0,216700.0,54200.0,Education EMI,315000.0,35,Eligible,27060.0
38.0,Female,Married,Graduate,39100.0,Private,4.9,Large Indian,Own,0.0,4,3,3800.0,0.0,5000.0,11200.0,5500.0,Yes,9700.0,697.0,285400.0,114100.0,Education EMI,435000.0,7,Not_Eligible,1501.5
58.0,Male,Married,Graduate,47700.0,Private,15.4,Startup,Rented,13200.0,2,1,8400.0,0.0,6100.0,7300.0,7600.0,No,0.0,786.0,68400.0,30400.0,Personal Loan EMI,753000.0,29,Not_Eligible,2448.0
58.0,Female,Single,High School,76600.0,Government,1.0,Mid-size,Family,0.0,2,1,6200.0,0.0,10100.0,11800.0,5500.0,No,0.0,736.0,355900.0,91400.0,Education EMI,173000.0,16,Eligible,21500.0
58.0,Female,Married,Professional,65500.0,Private,4.0,Large Indian,Rented,21400.0,3,2,0.0,0.0,4000.0,15300.0,3400.0,No,0.0,717.0,387400.0,155200.0,Personal Loan EMI,220000.0,54,Eligible,10700.0
32.0,Female,Married,Post Graduate,145500.0,Private,1.1,Mid-size,Rented,25900.0,3,2,9500.0,0.0,15900.0,38000.0,16600.0,No,0.0,753.0,515200.0,255700.0,Personal Loan EMI,391000.0,38,Eligible,23760.0
58.0,Male,Married,Graduate,31600.0,Private,0.5,Small,Own,0.0,4,3,9200.0,22500.0,2500.0,8300.0,1900.0,Yes,3600.0,707.0,,76800.0,Home Appliances EMI,205000.0,7,Not_Eligible,500.0
27.0,Male,Single,Post Graduate,33900.0,Private,3.4,Large Indian,Own,0.0,1,0,0.0,0.0,3800.0,7500.0,2500.0,Yes,7300.0,668.0,254100.0,55900.0,Vehicle EMI,984000.0,27,Not_Eligible,4928.0
38.0,Male,Married,Post Graduate,170700.0,Self-employed,12.7,Mid-size,Rented,29300.0,3,2,0.0,0.0,20600.0,28300.0,12600.0,No,0.0,796.0,561300.0,195200.0,E-commerce Shopping EMI,85000.0,5,Eligible,43146.0
38.0,Female,Single,Post Graduate,25900.0,Private,4.4,Startup,Own,0.0,2,1,6500.0,0.0,1500.0,7700.0,1800.0,No,0.0,693.0,126400.0,48600.0,Home Appliances EMI,105000.0,8,Not_Eligible,4200.0
27.0,Male,Single,Post Graduate,19500.0,Government,0.8,Large Indian,Rented,4000.0,2,1,6100.0,0.0,2900.0,3200.0,3400.0,No,0.0,727.0,42800.0,8900.0,Vehicle EMI,1113000.0,33,Not_Eligible,500.0
38.0,Male,Single,Post Graduate,30900.0,Private,1.0,Large Indian,Rented,4800.0,1,0,0.0,0.0,2500.0,5200.0,1700.0,Yes,7300.0,624.0,212500.0,73300.0,Home Appliances EMI,291000.0,28,Not_Eligible,2895.2
32.0,Female,Married,Graduate,18000.0,Private,1.2,Mid-size,Rented,3800.0,5,4,0.0,0.0,1200.0,5100.0,1000.0,No,0.0,633.0,20400.0,9900.0,Education EMI,89000.0,16,Not_Eligible,2208.0
58.0,Female,Married,Professional,130100.0,Private,3.8,Mid-size,Own,0.0,3,2,0.0,0.0,10900.0,32500.0,19500.0,Yes,15300.0,766.0,778400.0,428600.0,E-commerce Shopping EMI,165000.0,7,Not_Eligible,21798.0
27.0,Male,Married,Post Graduate,129500.0,Private,0.8,MNC,Own,0.0,4,3,12000.0,0.0,17300.0,30700.0,10400.0,Yes,16000.0,688.0,768700.0,243900.0,Personal Loan EMI,851000.0,34,Not_Eligible,12068.0
27.0,Male,Single,Professional,47400.0,Private,2.7,MNC,Rented,9300.0,2,1,13900.0,0.0,2500.0,11200.0,5000.0,No,0.0,705.0,370700.0,152500.0,Education EMI,311000.0,25,Not_Eligible,3025.0
48.0,Male,Single,Post Graduate,91200.0,Private,5.3,Startup,Rented,31000.0,1,0,0.0,0.0,8800.0,23000.0,10900.0,Yes,24900.0,700.0,639400.0,165300.0,Education EMI,116000.0,14,Not_Eligible,500.0
48.0,Male,Married,Professional,64000.0,Private,2.2,MNC,Rented,21900.0,3,2,11000.0,0.0,8900.0,10600.0,3500.0,No,0.0,636.0,370900.0,111600.0,E-commerce Shopping EMI,136000.0,11,Not_Eligible,3240.0
58.0,Male,Married,Graduate,31900.0,Self-employed,2.2,Mid-size,Own,0.0,3,2,11900.0,0.0,3500.0,5200.0,2700.0,No,0.0,662.0,159000.0,92200.0,Education EMI,392000.0,6,Not_Eligible,3870.0
27.0,Male,Single,Graduate,43600.0,Private,2.0,Mid-size,Own,0.0,2,1,10500.0,18500.0,6500.0,10300.0,3400.0,No,0.0,615.0,209700.0,102200.0,Home Appliances EMI,277000.0,35,Not_Eligible,500.0
38.0,Male,Married,Graduate,47200.0,Self-employed,6.5,Startup,Family,0.0,3,2,12200.0,0.0,2400.0,11200.0,5900.0,No,0.0,733.0,99100.0,33100.0,Home Appliances EMI,72000.0,34,Eligible,6975.0
32.0,Male,Single,Professional,149500.0,Government,2.7,Mid-size,Own,0.0,3,2,0.0,8200.0,15700.0,25000.0,15200.0,No,0.0,643.0,193400.0,55200.0,Home Appliances EMI,172000.0,29,Eligible,27328.0
58.0,Male,Married,Professional,96000.0,Private,2.3,Large Indian,Rented,29300.0,2,1,11100.0,0.0,8700.0,22200.0,19100.0,No,0.0,709.0,350100.0,154700.0,Education EMI,143000.0,25,Not_Eligible,2800.0
27.0,Female,Single,Graduate,44500.0,Private,1.4,Mid-size,Family,0.0,1,0,0.0,0.0,6600.0,10100.0,7500.0,No,0.0,614.0,337700.0,100900.0,Education EMI,154000.0,6,Not_Eligible,8932.0
38.0,Female,Married,Graduate,58000.0,Government,2.9,Startup,Family,0.0,3,2,0.0,0.0,4500.0,9600.0,4700.0,No,0.0,727.0,183900.0,94100.0,Education EMI,73000.0,19,Eligible,19600.0
38.0,Male,Married,Graduate,93900.0,Private,2.5,Startup,Family,0.0,3,2,0.0,0.0,13200.0,22500.0,14500.0,No,0.0,721.0,520700.0,237700.0,E-commerce Shopping EMI,24000.0,5,Eligible,21850.0
48.0,Female,Married,Graduate,66500.0,Private,14.6,Startup,Own,0.0,3,2,14400.0,0.0,6000.0,10900.0,5500.0,Yes,11400.0,693.0,459400.0,192700.0,Education EMI,119000.0,11,Not_Eligible,7045.5
27.0,Female,Single,Post Graduate,72900.0,Private,2.1,Startup,Family,0.0,2,1,0.0,20900.0,9200.0,16800.0,5800.0,No,0.0,721.0,513900.0,143500.0,E-commerce Shopping EMI,62000.0,21,Eligible,11110.0
48.0,Male,Married,Post Graduate,35200.0,Private,9.6,Large Indian,Rented,8200.0,3,2,0.0,0.0,2700.0,8000.0,6200.0,No,0.0,643.0,250500.0,142000.0,Home Appliances EMI,130000.0,10,Not_Eligible,4444.0
48.0,Male,Single,Graduate,33700.0,Government,4.8,MNC,Family,,3,2,0.0,0.0,3100.0,5300.0,2000.0,No,0.0,756.0,229100.0,47200.0,Education EMI,496000.0,35,Not_Eligible,16915.8
38.0,Male,Married,,70400.0,Private,12.9,MNC,Rented,11800.0,3,2,0.0,10000.0,10400.0,11300.0,7200.0,No,0.0,807.0,436000.0,119900.0,Home Appliances EMI,139000.0,6,Not_Eligible,13002.0
58.0,Male,Married,Graduate,63900.0,Government,16.0,MNC,Own,0.0,4,3,0.0,0.0,6300.0,13700.0,10400.0,Yes,7900.0,807.0,99300.0,47900.0,Home Appliances EMI,141000.0,26,Eligible,9461.76
58.0,Female,Married,High School,51900.0,Private,19.2,Mid-size,Family,0.0,4,3,8000.0,23600.0,7100.0,9000.0,8100.0,No,0.0,611.0,256200.0,114700.0,Home Appliances EMI,42000.0,7,Not_Eligible,500.0
38.0,Female,Married,Graduate,87400.0,Government,4.8,Large Indian,Rented,19100.0,4,3,4600.0,0.0,12800.0,13800.0,4900.0,No,0.0,719.0,213000.0,103400.0,E-commerce Shopping EMI,194000.0,22,Eligible,17710.0
38.0,Female,Married,Graduate,84400.0,Government,7.8,Large Indian,Own,0.0,3,2,10700.0,0.0,5100.0,19700.0,16000.0,No,0.0,815.0,307800.0,121100.0,Vehicle EMI,477000.0,84,Eligible,21714.0
32.0,Female,Single,Graduate,69400.0,Government,1.7,Startup,Family,0.0,2,1,10500.0,0.0,5300.0,11500.0,10800.0,No,0.0,817.0,398800.0,170700.0,Personal Loan EMI,116000.0,33,Eligible,18780.0
32.0,Female,Married,Graduate,33100.0,Self-employed,4.1,Large Indian,Own,0.0,4,3,5000.0,16500.0,4900.0,9000.0,5600.0,No,0.0,802.0,121600.0,45400.0,Personal Loan EMI,141000.0,32,Not_Eligible,500.0
38.0,Female,Married,High School,50400.0,Private,8.0,Large Indian,Rented,10600.0,3,2,0.0,0.0,2900.0,14600.0,5700.0,No,0.0,752.0,351700.0,151700.0,Education EMI,254000.0,26,Not_Eligible,10956.0
38.0,Female,Married,High School,9215.0,Private,1.5,Mid-size,Rented,7200.0,3,2,8400.0,0.0,3100.0,11500.0,7800.0,Yes,7200.0,721.0,34400.0,11900.0,Home Appliances EMI,134000.0,18,Not_Eligible,500.0
32.0,Male,Married,High School,56700.0,Private,3.6,Mid-size,Own,0.0,2,1,4600.0,0.0,8400.0,14600.0,5600.0,No,0.0,628.0,271300.0,78700.0,Vehicle EMI,605000.0,62,Not_Eligible,9400.0
38.0,Female,Married,High School,15000.0,Government,3.2,Small,Rented,4900.0,3,2,12100.0,0.0,1000.0,2500.0,2100.0,Yes,1700.0,648.0,114000.0,28400.0,Home Appliances EMI,109000.0,28,Not_Eligible,500.0
38.0,Female,Married,High School,313559.0,Government,6.0,Mid-size,Own,0.0,2,1,0.0,0.0,3300.0,14800.0,7100.0,No,0.0,725.0,314800.0,81300.0,E-commerce Shopping EMI,188000.0,4,Not_Eligible,16335.0
38.0,Female,Married,Post Graduate,67600.0,Private,6.2,Mid-size,Own,0.0,4,3,0.0,15900.0,3800.0,12500.0,12600.0,Yes,12100.0,615.0,195900.0,46300.0,Vehicle EMI,1277000.0,72,Not_Eligible,2996.0
48.0,Male,Married,Graduate,29100.0,Government,19.4,Mid-size,Family,0.0,2,1,2100.0,12800.0,2000.0,8100.0,2500.0,Yes,6700.0,669.0,97400.0,40500.0,Vehicle EMI,88000.0,49,Not_Eligible,500.0
58.0,Male,Married,Professional,83100.0,Private,3.5,MNC,Family,0.0,3,2,11500.0,0.0,4900.0,23500.0,11500.0,No,0.0,699.0,649600.0,215300.0,E-commerce Shopping EMI,145000.0,18,Eligible,17435.0
48.0,Female,Married,Post Graduate,85100.0,Private,9.3,Small,Family,0.0,3,2,3100.0,0.0,12200.0,21600.0,5100.0,Yes,10300.0,779.0,453400.0,110500.0,Education EMI,489000.0,38,Not_Eligible,13776.0
48.0,Female,Married,Post Graduate,47000.0,Private,1.8,Startup,Family,0.0,3,2,3800.0,21800.0,4300.0,10400.0,8200.0,No,0.0,635.0,300700.0,160500.0,Education EMI,467000.0,31,Not_Eligible,500.0
38.0,Female,Married,Post Graduate,50900.0,Private,2.3,Startup,Family,0.0,3,2,0.0,11800.0,6400.0,8200.0,4900.0,No,0.0,708.0,296700.0,127800.0,E-commerce Shopping EMI,132000.0,23,Eligible,9800.0
38.0,Male,Married,Post Graduate,95400.0,Private,16.0,Large Indian,Rented,17500.0,3,2,6900.0,16500.0,11100.0,20700.0,12900.0,No,0.0,705.0,581700.0,256000.0,Education EMI,427000.0,12,Not_Eligible,5390.0
32.0,Male,Single,Graduate,74100.0,Private,3.1,MNC,Family,0.0,2,1,5600.0,19700.0,5000.0,12800.0,11200.0,Yes,21400.0,521.0,55600.0,31000.0,E-commerce Shopping EMI,101000.0,10,Not_Eligible,500.0
27.0,Male,Single,High School,27400.0,Private,3.2,Mid-size,Rented,4800.0,2,1,4800.0,0.0,3000.0,7900.0,2400.0,No,0.0,730.0,103700.0,30200.0,Home Appliances EMI,213000.0,25,Not_Eligible,2250.0
27.0,Male,Single,Post Graduate,77600.0,Private,1.1,MNC,Family,0.0,3,2,0.0,0.0,6500.0,18100.0,10200.0,No,0.0,736.0,390200.0,215700.0,E-commerce Shopping EMI,119000.0,8,Eligible,21400.0
38.0,Male,Married,Post Graduate,49600.0,Private,2.9,Large Indian,Own,0.0,5,4,0.0,0.0,5300.0,13200.0,3800.0,No,0.0,803.0,235800.0,109500.0,E-commerce Shopping EMI,93000.0,14,Eligible,16380.0
38.0,Male,Married,Graduate,59300.0,Private,1.6,Large Indian,Own,0.0,3,2,7700.0,0.0,4200.0,16900.0,4400.0,No,0.0,725.0,184800.0,65400.0,Personal Loan EMI,60000.0,41,Eligible,13050.0
38.0,Female,Married,Graduate,34000.0,Private,1.6,Mid-size,Own,0.0,3,2,0.0,6300.0,4000.0,9300.0,6400.0,No,0.0,733.0,236700.0,116000.0,Personal Loan EMI,351000.0,53,Not_Eligible,4400.0
58.0,Male,Married,Graduate,84800.0,Private,9.1,MNC,Family,0.0,4,3,14900.0,0.0,7600.0,18800.0,15300.0,No,0.0,653.0,353700.0,159100.0,Education EMI,359000.0,33,High_Risk,14100.0
32.0,Male,Single,Post Graduate,103500.0,Private,1.1,Mid-size,Rented,34800.0,3,2,6300.0,0.0,5600.0,22900.0,10400.0,No,0.0,673.0,61100.0,25700.0,E-commerce Shopping EMI,151000.0,21,High_Risk,9400.0
58.0,Female,Married,Professional,84000.0,Self-employed,11.0,Mid-size,Own,0.0,3,2,0.0,20600.0,6200.0,15500.0,4400.0,No,0.0,733.0,481700.0,179700.0,Education EMI,264000.0,43,Eligible,16785.0
27.0,Female,Single,Post Graduate,91500.0,Private,1.2,Large Indian,Own,0.0,2,1,0.0,0.0,7200.0,14800.0,12600.0,No,0.0,627.0,658100.0,390600.0,Home Appliances EMI,123000.0,13,Eligible,25036.0
38.0,Male,Married,High School,37800.0,Private,7.3,Mid-size,Family,0.0,2,1,5300.0,12100.0,3300.0,7700.0,3600.0,No,0.0,824.0,150800.0,54800.0,E-commerce Shopping EMI,52000.0,17,High_Risk,3480.0
58.0,Male,Married,Professional,127400.0,Private,0.5,Startup,Rented,32300.0,3,2,5000.0,0.0,15700.0,30800.0,23300.0,No,0.0,758.0,802300.0,478200.0,Home Appliances EMI,32000.0,24,Eligible,10718.4
32.0,Male,Married,Graduate,69700.0,Private,3.5,Mid-size,Family,0.0,4,3,9600.0,0.0,10300.0,14300.0,11600.0,No,0.0,664.0,433100.0,257500.0,Vehicle EMI,839000.0,60,Not_Eligible,13145.0
48.0,Male,Married,High School,25800.0,Government,0.8,Startup,Own,0.0,3,2,4200.0,0.0,2500.0,7100.0,2800.0,No,0.0,625.0,158800.0,73700.0,Vehicle EMI,797000.0,45,Not_Eligible,4048.0
32.0,Female,Married,Graduate,51800.0,Government,9.0,Large Indian,Own,0.0,5,4,2100.0,7000.0,4700.0,10700.0,7400.0,Yes,9500.0,802.0,294100.0,175300.0,E-commerce Shopping EMI,100000.0,20,Not_Eligible,4804.8
27.0,Female,Single,Graduate,419277.0,Private,1.0,Large Indian,Own,0.0,2,1,5400.0,10100.0,4800.0,10300.0,4900.0,No,0.0,647.0,329000.0,195400.0,Home Appliances EMI,235000.0,23,Not_Eligible,3212.0
38.0,Male,Married,Professional,58500.0,Private,9.0,MNC,Rented,19900.0,2,1,3100.0,0.0,6800.0,14400.0,8000.0,No,0.0,748.0,309500.0,69500.0,Education EMI,393000.0,15,Not_Eligible,3150.0
48.0,Female,Married,Post Graduate,30200.0,Private,5.2,Mid-size,Rented,4900.0,4,3,8600.0,0.0,2500.0,4700.0,4400.0,No,0.0,612.0,187000.0,105700.0,Vehicle EMI,797000.0,24,Not_Eligible,2244.0
38.0,Male,Married,Graduate,45500.0,Private,2.7,Startup,Rented,13700.0,3,2,6300.0,15100.0,4800.0,8400.0,8000.0,No,0.0,689.0,284400.0,119400.0,Home Appliances EMI,238000.0,29,Not_Eligible,500.0
48.0,Female,Married,Graduate,41900.0,Government,2.0,Small,Own,0.0,5,4,11000.0,23700.0,3800.0,10000.0,7500.0,No,0.0,680.0,187300.0,37500.0,Education EMI,315000.0,26,Not_Eligible,500.0
32.0,Male,Married,Post Graduate,74800.0,Self-employed,3.0,Mid-size,Rented,20100.0,3,2,0.0,0.0,8500.0,21200.0,10200.0,No,0.0,650.0,44800.0,22800.0,Vehicle EMI,1351000.0,19,Not_Eligible,5328.0
48.0,Male,Married,High School,17400.0,Self-employed,7.1,MNC,Family,0.0,2,1,5400.0,10500.0,2500.0,4400.0,1000.0,No,0.0,791.0,50000.0,29400.0,Home Appliances EMI,208000.0,29,Not_Eligible,500.0
48.0,Male,Married,Graduate,33200.0,Private,21.3,Mid-size,Family,0.0,5,4,0.0,0.0,4200.0,6200.0,5500.0,No,0.0,669.0,111300.0,52700.0,Personal Loan EMI,366000.0,59,Not_Eligible,8650.0
38.0,Male,Married,Post Graduate,55900.0,Private,7.0,Mid-size,Own,0.0,3,2,0.0,0.0,5000.0,13300.0,4800.0,No,0.0,771.0,93600.0,43800.0,Vehicle EMI,101000.0,29,Eligible,15744.0
38.0,Male,Married,Graduate,31900.0,Private,3.4,Mid-size,Rented,8000.0,4,3,4500.0,0.0,3900.0,5100.0,4000.0,No,0.0,704.0,92200.0,34800.0,Personal Loan EMI,371000.0,20,Not_Eligible,3200.0
38.0,Male,Married,Post Graduate,46700.0,Private,0.5,Large Indian,Own,0.0,4,3,5700.0,0.0,3700.0,13600.0,8100.0,Yes,13000.0,597.0,94100.0,49500.0,Vehicle EMI,778000.0,24,Not_Eligible,582.4
58.0,Female,Married,High School,33800.0,Government,36.0,Large Indian,Family,0.0,5,4,5300.0,0.0,3000.0,8600.0,1900.0,Yes,9200.0,663.0,142800.0,32400.0,Education EMI,64000.0,39,High_Risk,2233.0
32.0,Female,Married,Graduate,86800.0,Self-employed,2.8,Mid-size,Own,0.0,4,3,9700.0,24000.0,6200.0,20800.0,11900.0,No,0.0,744.0,527100.0,129500.0,E-commerce Shopping EMI,96000.0,16,High_Risk,7029.0
48.0,Male,Married,Graduate,67700.0,Private,26.0,Large Indian,Own,0.0,5,4,10700.0,0.0,5700.0,18900.0,6900.0,No,0.0,659.0,73700.0,25900.0,Education EMI,398000.0,28,Not_Eligible,10200.0
38.0,Male,Married,Professional,61400.0,Government,1.4,Mid-size,Own,0.0,3,2,2400.0,0.0,8800.0,16900.0,6100.0,No,0.0,779.0,437700.0,185600.0,Education EMI,157000.0,6,Not_Eligible,17952.0
27.0,Female,Single,Graduate,25900.0,Government,1.2,MNC,Rented,7400.0,2,1,0.0,0.0,1400.0,6000.0,4900.0,No,0.0,660.0,162500.0,44800.0,Home Appliances EMI,27000.0,36,Eligible,3410.0
27.0,Male,Single,Professional,87000.0,Private,4.4,Mid-size,Rented,24700.0,2,1,0.0,11400.0,8500.0,25100.0,5500.0,No,0.0,762.0,385200.0,161700.0,Education EMI,373000.0,17,Not_Eligible,7080.0
38.0,Male,Married,Professional,79300.0,Private,2.8,MNC,Rented,20000.0,4,3,0.0,13300.0,6400.0,19000.0,12600.0,Yes,9500.0,689.0,275800.0,72000.0,Home Appliances EMI,115000.0,31,Not_Eligible,500.0
48.0,Male,Married,Professional,81100.0,Private,2.2,MNC,Family,0.0,4,3,9400.0,22000.0,7000.0,20500.0,8200.0,No,0.0,771.0,618800.0,283100.0,Education EMI,372000.0,7,Not_Eligible,9240.0
58.0,Female,Married,Graduate,32500.0,Private,7.6,Large Indian,Family,0.0,4,3,0.0,0.0,2500.0,9000.0,2800.0,No,0.0,822.0,65600.0,38600.0,Education EMI,179000.0,7,Not_Eligible,10920.0
32.0,Male,Married,Post Graduate,71100.0,Government,2.2,Small,Rented,17100.0,3,2,8300.0,0.0,6100.0,12400.0,8400.0,No,0.0,706.0,115900.0,27300.0,Home Appliances EMI,274000.0,30,Not_Eligible,7520.0
48.0,Female,Single,Graduate,52900.0,Self-employed,10.4,Startup,Family,0.0,2,1,12900.0,0.0,3700.0,13500.0,4600.0,No,0.0,779.0,301500.0,167500.0,Vehicle EMI,475000.0,28,Not_Eligible,9828.0
38.0,Male,Married,Graduate,70500.0,Private,5.0,MNC,Rented,14700.0,3,2,0.0,0.0,6000.0,11400.0,5200.0,No,0.0,744.0,425900.0,109200.0,Home Appliances EMI,215000.0,26,Eligible,18260.0
38.0,Male,Married,Graduate,30300.0,Private,0.7,Large Indian,Family,0.0,2,1,0.0,0.0,4400.0,5100.0,5900.0,No,0.0,659.0,31600.0,9700.0,Vehicle EMI,712000.0,37,Not_Eligible,4768.0
38.0,Female,Married,Professional,64200.0,Private,11.5,MNC,Own,0.0,5,4,0.0,0.0,8000.0,10000.0,4600.0,Yes,10300.0,716.0,37400.0,16200.0,Education EMI,140000.0,35,Eligible,8764.0
38.0,Female,Single,Post Graduate,35600.0,Private,8.1,Large Indian,Family,0.0,2,1,15000.0,14300.0,4700.0,8900.0,3900.0,No,0.0,627.0,22200.0,9900.0,Education EMI,204000.0,38,Not_Eligible,500.0
58.0,Female,Single,Graduate,53900.0,Private,1.0,Mid-size,Own,0.0,1,0,0.0,0.0,3100.0,8600.0,8800.0,Yes,14000.0,704.0,194200.0,60500.0,Home Appliances EMI,210000.0,21,Not_Eligible,6790.0
38.0,Male,Married,Post Graduate,41800.0,Private,1.8,Large Indian,Rented,10900.0,2,1,14900.0,0.0,5600.0,11700.0,7500.0,No,0.0,674.0,91000.0,,E-commerce Shopping EMI,160000.0,16,Not_Eligible,500.0
27.0,Male,Single,Post Graduate,43600.0,Private,0.5,MNC,Own,0.0,1,0,0.0,0.0,6000.0,8600.0,6300.0,No,0.0,762.0,312800.0,159200.0,Vehicle EMI,311000.0,60,Eligible,11985.6
27.0,Female,Married,Post Graduate,26100.0,Private,0.5,Mid-size,Rented,7200.0,3,2,8700.0,0.0,2700.0,4000.0,2600.0,No,0.0,652.0,183900.0,96500.0,E-commerce Shopping EMI,125000.0,14,Not_Eligible,500.0
32.0,Male,Married,High School,27900.0,Government,4.0,Large Indian,Rented,9300.0,3,2,0.0,8800.0,4100.0,6700.0,3800.0,No,0.0,808.0,160300.0,54900.0,Home Appliances EMI,229000.0,23,Not_Eligible,500.0
48.0,Male,Married,Graduate,65800.0,Private,22.9,Large Indian,Family,0.0,3,2,3000.0,0.0,4100.0,10800.0,9000.0,Yes,17000.0,593.0,220800.0,97200.0,Personal Loan EMI,971000.0,13,Not_Eligible,6132.0
27.0,Male,Single,High School,60700.0,Government,0.5,Mid-size,Family,0.0,1,0,0.0,0.0,4800.0,13700.0,7200.0,No,0.0,845.0,73200.0,33700.0,Vehicle EMI,1002000.0,37,Not_Eligible,16800.0
48.0,Female,Single,Post Graduate,94700.0,Private,1.2,Large Indian,Own,0.0,1,0,0.0,0.0,14100.0,27300.0,17100.0,Yes,21500.0,668.0,473700.0,202900.0,Vehicle EMI,323000.0,70,Not_Eligible,5145.0
27.0,Female,Single,Graduate,51600.0,Private,0.5,Mid-size,Family,0.0,1,0,0.0,0.0,6600.0,11400.0,7800.0,No,0.0,801.0,360000.0,203200.0,Home Appliances EMI,261000.0,21,Not_Eligible,13622.4
48.0,Male,Married,Graduate,72900.0,Private,25.1,MNC,Rented,23900.0,3,2,11300.0,0.0,4400.0,13800.0,9500.0,No,0.0,730.0,186700.0,86600.0,E-commerce Shopping EMI,129000.0,10,Not_Eligible,5000.0
58.0,Female,Married,Graduate,78000.0,Private,36.0,Large Indian,Rented,17200.0,4,3,11300.0,8600.0,5400.0,16400.0,14300.0,No,0.0,850.0,384900.0,139100.0,Education EMI,284000.0,45,Not_Eligible,2880.0
32.0,Male,Single,Professional,96400.0,Government,4.0,Small,Own,0.0,1,0,0.0,0.0,11700.0,28000.0,9000.0,Yes,17200.0,747.0,59800.0,27300.0,E-commerce Shopping EMI,124000.0,16,High_Risk,9394.0
32.0,Male,Single,High School,16000.0,Private,0.7,MNC,Rented,4000.0,2,1,0.0,20800.0,1800.0,3200.0,1100.0,No,0.0,697.0,116000.0,24300.0,E-commerce Shopping EMI,133000.0,23,Not_Eligible,500.0
48.0,Female,Married,High School,28800.0,Private,21.2,Large Indian,Family,0.0,2,1,0.0,0.0,3500.0,4300.0,3300.0,Yes,3200.0,652.0,24300.0,7600.0,E-commerce Shopping EMI,32000.0,15,Eligible,4060.0
27.0,Female,Married,Post Graduate,36500.0,Private,5.0,Mid-size,Rented,9000.0,3,2,6000.0,0.0,1800.0,6000.0,5700.0,Yes,7700.0,525.0,278800.0,84600.0,Personal Loan EMI,666000.0,34,Not_Eligible,500.0
37.0,Female,Married,Post Graduate,41202.0,Self-employed,1.8,Mid-size,Rented,7400.0,4,3,10700.0,22500.0,4100.0,7800.0,4000.0,No,0.0,592.0,102700.0,51200.0,E-commerce Shopping EMI,180000.0,6,Not_Eligible,500.0
32.0,Female,Married,Post Graduate,22100.0,Private,1.0,MNC,Family,0.0,2,1,12900.0,0.0,3200.0,3400.0,4100.0,Yes,4400.0,702.0,72000.0,32000.0,E-commerce Shopping EMI,92000.0,22,Not_Eligible,500.0
58.0,Male,Married,Graduate,35100.0,Private,15.9,Mid-size,Rented,6700.0,2,1,0.0,0.0,5000.0,10400.0,6600.0,No,0.0,765.0,73700.0,33900.0,Vehicle EMI,523000.0,51,Not_Eligible,3840.0
48.0,Male,Married,Graduate,34800.0,Private,21.8,Large Indian,Rented,11400.0,3,2,5400.0,0.0,2600.0,8000.0,2300.0,Yes,7500.0,805.0,190300.0,53100.0,Education EMI,159000.0,47,Not_Eligible,500.0
27.0,Male,Single,Post Graduate,96500.0,Private,0.5,Large Indian,Own,0.0,1,0,0.0,0.0,10000.0,28400.0,15000.0,No,0.0,695.0,280700.0,144600.0,Home Appliances EMI,71000.0,12,Eligible,17240.0
58.0,Male,Married,Graduate,58100.0,Government,1.0,Small,Own,0.0,3,2,6300.0,0.0,6000.0,13100.0,3500.0,No,0.0,749.0,381600.0,222300.0,Personal Loan EMI,685000.0,47,Not_Eligible,16060.0
32.0,Male,Married,Graduate,67400.0,Private,10.0,MNC,Own,0.0,3,2,0.0,22400.0,8100.0,15000.0,8000.0,No,0.0,810.0,43200.0,18000.0,Personal Loan EMI,87000.0,18,High_Risk,6672.0
27.0,Male,Single,Graduate,79400.0,Private,1.5,Mid-size,Own,0.0,3,2,9500.0,13700.0,8100.0,13700.0,4300.0,No,0.0,711.0,510600.0,142300.0,Vehicle EMI,865000.0,70,High_Risk,16555.0
38.0,Female,Married,Graduate,37300.0,Private,1.6,MNC,Family,0.0,4,3,0.0,0.0,3500.0,9300.0,4000.0,No,0.0,672.0,178700.0,106300.0,Personal Loan EMI,388000.0,19,Not_Eligible,10250.0
32.0,Male,Single,Graduate,41500.0,Private,10.0,Startup,Family,10605.0,3,2,0.0,0.0,3800.0,10700.0,3100.0,Yes,7800.0,669.0,298100.0,97800.0,Education EMI,328000.0,10,Not_Eligible,6198.5
32.0,Female,Married,Graduate,43000.0,Private,0.5,MNC,Rented,11800.0,2,1,12800.0,14800.0,4200.0,9100.0,8200.0,No,0.0,642.0,243200.0,76200.0,Home Appliances EMI,141000.0,18,Not_Eligible,500.0
32.0,Male,Single,Graduate,41200.0,Private,0.7,MNC,Own,0.0,1,0,0.0,0.0,6100.0,11600.0,7900.0,Yes,5800.0,607.0,151400.0,55100.0,Vehicle EMI,1008000.0,16,Not_Eligible,2195.2
38.0,Male,Single,Post Graduate,70300.0,Private,10.5,Large Indian,Family,0.0,3,2,4800.0,0.0,8100.0,17000.0,9500.0,No,0.0,759.0,218500.0,62000.0,Personal Loan EMI,886000.0,52,Not_Eligible,18540.0
48.0,Male,Married,Post Graduate,80500.0,Self-employed,4.9,MNC,Family,0.0,3,2,7400.0,21200.0,10400.0,16500.0,4200.0,No,0.0,823.0,374200.0,94300.0,Home Appliances EMI,266000.0,9,Not_Eligible,11232.0
48.0,Female,Married,Post Graduate,9734.0,Private,23.2,Large Indian,Rented,20000.0,3,2,13600.0,8200.0,7300.0,14400.0,9600.0,No,0.0,654.0,365800.0,130100.0,Vehicle EMI,120000.0,18,Not_Eligible,500.0
38.0,Male,Married,Professional,36200.0,Private,4.9,Startup,Rented,7500.0,3,2,0.0,0.0,2400.0,9500.0,6800.0,No,0.0,738.0,19300.0,6400.0,Education EMI,154000.0,25,Not_Eligible,4000.0
38.0,Male,Married,Post Graduate,97900.0,Private,1.2,Startup,Own,0.0,5,4,6300.0,21700.0,6500.0,19600.0,14800.0,No,0.0,814.0,154900.0,35800.0,Vehicle EMI,1059000.0,79,Not_Eligible,13920.0
32.0,Female,Married,High School,36300.0,Self-employed,3.1,Startup,Rented,11400.0,3,2,12800.0,0.0,2900.0,7300.0,5500.0,No,0.0,660.0,118000.0,58600.0,Vehicle EMI,960000.0,53,Not_Eligible,500.0
32.0,Male,Married,Professional,84600.0,Self-employed,0.7,Mid-size,Own,0.0,2,1,0.0,0.0,12300.0,16400.0,4300.0,Yes,23400.0,665.0,279100.0,146100.0,Home Appliances EMI,260000.0,33,Not_Eligible,8883.0
32.0,Male,Married,Graduate,36600.0,Private,8.1,Large Indian,Own,0.0,2,1,0.0,17100.0,4700.0,8000.0,5900.0,No,0.0,738.0,120700.0,31300.0,Vehicle EMI,1101000.0,52,Not_Eligible,500.0
38.0,Male,Married,Graduate,47200.0,Private,0.5,Small,Family,0.0,3,2,8900.0,15900.0,4300.0,11000.0,6200.0,Yes,11300.0,679.0,231600.0,102400.0,E-commerce Shopping EMI,62000.0,9,Not_Eligible,500.0
58.0,Female,Single,Graduate,48200.0,Private,9.0,Large Indian,Own,0.0,1,0,0.0,0.0,5800.0,11200.0,5300.0,Yes,7400.0,699.0,215300.0,63300.0,E-commerce Shopping EMI,108000.0,13,Not_Eligible,6475.0
27.0,Male,Married,Graduate,26600.0,Private,1.5,Startup,Own,0.0,4,3,13700.0,0.0,3200.0,6100.0,2900.0,Yes,6000.0,570.0,191200.0,72900.0,Education EMI,136000.0,35,Not_Eligible,500.0
27.0,Female,Married,Graduate,78600.0,Self-employed,0.9,MNC,Family,0.0,4,3,0.0,0.0,6800.0,19500.0,5100.0,Yes,23500.0,635.0,578200.0,153100.0,Home Appliances EMI,246000.0,24,Not_Eligible,6569.64
48.0,Female,Married,Post Graduate,85800.0,Private,10.1,Large Indian,Family,0.0,4,3,0.0,11700.0,4500.0,17000.0,17000.0,No,0.0,746.0,392900.0,228800.0,Vehicle EMI,914000.0,36,Not_Eligible,17800.0
32.0,Male,Single,Graduate,46500.0,Private,9.2,Small,Family,0.0,2,1,0.0,0.0,5200.0,13100.0,4300.0,No,0.0,706.0,340900.0,139400.0,Personal Loan EMI,666000.0,12,Not_Eligible,13145.0
58.0,Female,Married,Post Graduate,81200.0,Government,5.7,Mid-size,Rented,23800.0,3,2,0.0,0.0,8100.0,21400.0,9100.0,No,0.0,774.0,47300.0,14000.0,Personal Loan EMI,802000.0,17,Not_Eligible,9926.4
38.0,Male,Married,Post Graduate,53800.0,Private,4.0,Large Indian,Rented,9200.0,3,2,4500.0,0.0,4000.0,12300.0,5300.0,Yes,15100.0,542.0,95000.0,23300.0,Education EMI,118000.0,8,Not_Eligible,500.0
32.0,Female,Married,High School,67000.0,Private,6.5,Mid-size,Own,0.0,2,1,0.0,0.0,3400.0,10100.0,11500.0,Yes,15200.0,629.0,261700.0,,E-commerce Shopping EMI,184000.0,14,Not_Eligible,7504.0
38.0,Male,Single,Graduate,104600.0,Private,15.1,MNC,Own,0.0,2,1,0.0,0.0,10700.0,16700.0,13500.0,No,0.0,763.0,128000.0,37000.0,Home Appliances EMI,103000.0,34,Eligible,30576.0
27.0,Female,Single,Professional,79500.0,Self-employed,0.5,Large Indian,Own,0.0,2,1,14000.0,10800.0,5400.0,20900.0,7200.0,Yes,10300.0,764.0,256700.0,152100.0,E-commerce Shopping EMI,17000.0,7,Eligible,4120.2
38.0,Female,Married,Graduate,48200.0,Private,16.0,MNC,Rented,10300.0,5,4,6200.0,0.0,3000.0,13600.0,3400.0,No,0.0,668.0,156700.0,86400.0,Education EMI,269000.0,43,Not_Eligible,5850.0
38.0,Male,Married,Graduate,54100.0,Self-employed,8.9,MNC,Family,20674.0,3,2,6700.0,0.0,7200.0,8700.0,3400.0,No,0.0,685.0,294000.0,72800.0,E-commerce Shopping EMI,178000.0,9,Not_Eligible,12645.0
32.0,Male,Married,Graduate,59600.0,Private,9.0,Mid-size,Own,0.0,2,1,0.0,0.0,5100.0,11600.0,8100.0,No,0.0,636.0,165800.0,64600.0,Education EMI,201000.0,18,High_Risk,13920.0
27.0,Female,Single,Post Graduate,96900.0,Government,0.5,Large Indian,Rented,18600.0,1,0,0.0,0.0,9900.0,15500.0,17800.0,No,0.0,758.0,148000.0,43100.0,Personal Loan EMI,125000.0,43,Eligible,16848.0
38.0,Female,Married,Post Graduate,28800.0,Private,5.4,Mid-size,Rented,8100.0,2,1,0.0,0.0,3000.0,6100.0,3800.0,No,0.0,699.0,185200.0,75700.0,E-commerce Shopping EMI,89000.0,3,Not_Eligible,4290.0
32.0,Female,Married,Professional,138200.0,Private,2.7,MNC,Family,0.0,5,4,10100.0,0.0,7800.0,30900.0,11400.0,No,0.0,651.0,995900.0,235800.0,E-commerce Shopping EMI,177000.0,5,High_Risk,42900.0
48.0,Female,Single,High School,61500.0,Private,11.0,MNC,Rented,11100.0,3,2,9700.0,13400.0,7600.0,16000.0,3900.0,No,0.0,732.0,140100.0,58400.0,Vehicle EMI,404000.0,41,Not_Eligible,500.0
32.0,Male,Married,Graduate,77800.0,Government,5.3,Large Indian,Rented,19700.0,4,3,7600.0,13800.0,4400.0,17800.0,7800.0,Yes,16500.0,691.0,310600.0,106500.0,Vehicle EMI,896000.0,40,Not_Eligible,500.0
48.0,Female,Married,Graduate,93000.0,Private,26.0,Large Indian,Rented,29400.0,4,3,0.0,18400.0,5300.0,23300.0,5200.0,No,0.0,749.0,98600.0,19900.0,E-commerce Shopping EMI,55000.0,12,Not_Eligible,4560.0
27.0,Male,Married,Post Graduate,27300.0,Self-employed,1.0,Large Indian,Own,0.0,3,2,8900.0,8800.0,3400.0,4500.0,4000.0,No,0.0,673.0,111700.0,22400.0,Education EMI,126000.0,9,Not_Eligible,500.0
38.0,Female,Married,Graduate,33000.0,Government,1.8,Large Indian,Rented,7800.0,4,3,0.0,0.0,1900.0,7300.0,5300.0,No,0.0,669.0,245600.0,61300.0,E-commerce Shopping EMI,64000.0,9,Not_Eligible,5885.0
38.0,Female,Married,Professional,64500.0,Private,1.4,Large Indian,Family,0.0,5,4,9100.0,0.0,8300.0,17100.0,12200.0,Yes,11900.0,532.0,415800.0,92900.0,Personal Loan EMI,423000.0,28,Not_Eligible,1135.75
38.0,Male,Married,Professional,94600.0,Private,11.3,Large Indian,Own,0.0,3,2,12300.0,0.0,6600.0,19900.0,6500.0,No,0.0,721.0,628800.0,203500.0,Education EMI,111000.0,12,Eligible,27115.0
58.0,Male,Married,Post Graduate,47200.0,Private,12.3,Mid-size,Family,0.0,2,1,4600.0,0.0,2400.0,13500.0,9200.0,No,0.0,820.0,377600.0,109100.0,Education EMI,128000.0,16,Eligible,11550.0
32.0,Male,Single,Graduate,44400.0,Private,1.6,Large Indian,Family,0.0,1,0,0.0,0.0,2600.0,8700.0,5000.0,No,0.0,607.0,265500.0,154400.0,Education EMI,221000.0,38,Eligible,11240.0
38.0,Male,Married,Post Graduate,56500.0,Private,2.0,Mid-size,Own,0.0,4,3,9500.0,24800.0,8500.0,9700.0,10900.0,No,0.0,687.0,340100.0,87900.0,E-commerce Shopping EMI,56000.0,13,Not_Eligible,500.0
38.0,Female,Married,Post Graduate,85300.0,Private,2.6,Large Indian,Rented,29100.0,5,4,10700.0,0.0,11800.0,17100.0,4600.0,No,0.0,762.0,317500.0,79800.0,Vehicle EMI,933000.0,79,Not_Eligible,7200.0
32.0,Male,Single,Professional,67700.0,Private,4.7,Startup,Own,0.0,2,1,0.0,0.0,8100.0,19900.0,7600.0,No,0.0,649.0,201600.0,115000.0,Home Appliances EMI,119000.0,28,Eligible,12840.0
48.0,Female,Married,Graduate,31100.0,Government,1.0,Mid-size,Family,0.0,5,4,0.0,0.0,1900.0,6100.0,4700.0,No,0.0,612.0,104300.0,57400.0,Education EMI,118000.0,25,Eligible,7360.0
32.0,Male,Single,Professional,57000.0,Private,6.1,MNC,Family,0.0,2,1,0.0,0.0,8000.0,11500.0,6000.0,Yes,9800.0,823.0,356200.0,106000.0,Home Appliances EMI,111000.0,7,Not_Eligible,10025.4
27.0,Female,Married,Graduate,107100.0,Government,5.0,Startup,Rented,22300.0,3,2,0.0,0.0,14900.0,24200.0,9300.0,No,0.0,753.0,148400.0,43900.0,Personal Loan EMI,956000.0,45,Not_Eligible,19219.2
32.0,Female,Married,Graduate,45600.0,Private,2.9,MNC,Own,8569.0,5,4,0.0,0.0,3300.0,8400.0,9000.0,No,0.0,615.0,250300.0,109500.0,Personal Loan EMI,116000.0,24,Eligible,9960.0
48.0,Male,Married,Graduate,51000.0,Private,4.2,MNC,Family,0.0,4,3,0.0,17300.0,3300.0,14000.0,9200.0,No,0.0,999.0,334200.0,97300.0,Home Appliances EMI,233000.0,15,Not_Eligible,3960.0
38.0,Male,Married,Post Graduate,26000.0,Private,0.5,Startup,Own,0.0,3,2,0.0,0.0,1900.0,7000.0,1500.0,No,0.0,666.0,50100.0,17800.0,Vehicle EMI,1074000.0,61,Not_Eligible,4992.0
32.0,Female,Married,High School,14400.0,Private,0.9,Mid-size,Rented,4100.0,3,2,0.0,0.0,1200.0,2200.0,2800.0,No,0.0,712.0,87200.0,31100.0,Vehicle EMI,971000.0,68,Not_Eligible,1804.0
32.0,Female,Married,Post Graduate,62700.0,Government,8.0,Large Indian,Rented,14100.0,2,1,8800.0,18100.0,6000.0,18400.0,4300.0,No,0.0,789.0,358100.0,77900.0,Education EMI,68000.0,40,Not_Eligible,500.0
38.0,Male,Married,Graduate,39600.0,Self-employed,2.5,Startup,Family,0.0,2,1,0.0,0.0,4100.0,9000.0,3400.0,No,0.0,739.0,109500.0,58000.0,Home Appliances EMI,295000.0,9,Not_Eligible,10395.0
27.0,Male,Single,High School,27300.0,Private,0.7,MNC,Family,0.0,3,2,0.0,0.0,3400.0,6700.0,1600.0,No,0.0,747.0,68100.0,18900.0,Home Appliances EMI,127000.0,23,High_Risk,6240.0
32.0,Male,Married,Graduate,20000.0,Government,3.5,MNC,Family,0.0,4,3,10900.0,0.0,2800.0,3000.0,2600.0,Yes,3100.0,688.0,130200.0,76400.0,Home Appliances EMI,98000.0,33,Not_Eligible,500.0
38.0,Female,Single,Graduate,54800.0,Private,6.3,Mid-size,Rented,16400.0,1,0,0.0,0.0,6900.0,13500.0,9300.0,Yes,7300.0,685.0,64300.0,22200.0,E-commerce Shopping EMI,154000.0,7,Not_Eligible,500.0
38.0,Male,Married,,35300.0,Private,2.5,Startup,Rented,6200.0,4,3,10000.0,0.0,4500.0,5700.0,6600.0,Yes,8500.0,535.0,177200.0,62000.0,Personal Loan EMI,874000.0,57,Not_Eligible,500.0
32.0,Female,Married,Post Graduate,47700.0,Private,0.7,MNC,Own,0.0,2,1,6300.0,0.0,3600.0,12500.0,8000.0,Yes,12500.0,589.0,60600.0,35000.0,E-commerce Shopping EMI,104000.0,8,Not_Eligible,860.16
27.0,Female,Single,Post Graduate,137600.0,Private,1.2,Mid-size,Own,0.0,2,1,5100.0,0.0,18600.0,22400.0,20500.0,No,0.0,717.0,406500.0,140700.0,Home Appliances EMI,106000.0,19,Eligible,35500.0
32.0,Male,Married,Post Graduate,40600.0,Private,7.9,Large Indian,Own,0.0,2,1,5600.0,0.0,2700.0,6900.0,6500.0,No,0.0,797.0,120700.0,49300.0,Home Appliances EMI,29000.0,13,Eligible,11340.0
32.0,Male,Married,Post Graduate,37000.0,Private,2.0,Large Indian,Own,0.0,3,2,0.0,12900.0,2100.0,8000.0,3900.0,Yes,9700.0,533.0,240600.0,56300.0,Home Appliances EMI,108000.0,27,Not_Eligible,500.0
58.0,Male,Married,High School,79400.0,Government,34.2,Mid-size,Own,0.0,3,2,13200.0,0.0,7800.0,21600.0,9200.0,No,0.0,748.0,88600.0,26300.0,Education EMI,108000.0,36,Eligible,12144.0
27.0,Male,Married,High School,16000.0,Private,5.0,MNC,Own,0.0,4,3,0.0,0.0,1500.0,3500.0,900.0,No,0.0,640.0,12300.0,2600.0,Home Appliances EMI,128000.0,32,Not_Eligible,3232.0
48.0,Male,Married,Graduate,27700.0,Government,4.8,Large Indian,Rented,6500.0,2,1,0.0,0.0,1900.0,4300.0,5500.0,No,0.0,671.0,114800.0,34000.0,Vehicle EMI,1279000.0,29,Not_Eligible,5225.0
38.0,Male,Married,,56200.0,Private,11.8,MNC,Rented,12900.0,5,4,0.0,0.0,5400.0,15500.0,10700.0,No,0.0,726.0,331300.0,127800.0,Home Appliances EMI,220000.0,14,Not_Eligible,5850.0
38.0,Female,Single,Graduate,82100.0,Private,3.9,MNC,Family,0.0,1,0,0.0,0.0,8700.0,19300.0,7600.0,Yes,9200.0,646.0,439600.0,261500.0,Home Appliances EMI,171000.0,19,High_Risk,10444.0
38.0,Female,Married,Graduate,30600.0,Government,6.8,MNC,Family,0.0,3,2,0.0,0.0,3500.0,8000.0,5900.0,No,0.0,,84800.0,25000.0,Home Appliances EMI,65000.0,14,Eligible,7260.0
27.0,Female,Married,Graduate,64100.0,Private,0.7,Mid-size,Rented,13200.0,5,4,10200.0,9300.0,5500.0,15500.0,10200.0,No,0.0,690.0,163300.0,72700.0,Education EMI,256000.0,42,Not_Eligible,500.0
38.0,Male,Married,Graduate,31500.0,Government,3.2,Mid-size,Rented,5700.0,5,4,0.0,0.0,3300.0,6300.0,5600.0,No,0.0,707.0,105400.0,27300.0,Home Appliances EMI,300000.0,22,Not_Eligible,5830.0
38.0,Male,Married,Post Graduate,135000.0,Private,5.1,Large Indian,Rented,27400.0,5,4,0.0,5600.0,19300.0,30400.0,10000.0,Yes,33600.0,793.0,178600.0,56200.0,Education EMI,477000.0,30,Not_Eligible,2923.2
48.0,Male,Married,Graduate,62000.0,Government,18.3,Large Indian,Family,0.0,2,1,12200.0,0.0,7400.0,16800.0,11000.0,Yes,10000.0,746.0,118700.0,47700.0,Vehicle EMI,220000.0,70,Not_Eligible,1416.8
27.0,Female,Single,Post Graduate,60600.0,Private,0.5,Mid-size,Family,0.0,2,1,11900.0,0.0,4700.0,9800.0,10000.0,No,0.0,670.0,235200.0,109400.0,E-commerce Shopping EMI,149000.0,21,High_Risk,9680.0
48.0,Male,Married,Graduate,21800.0,Private,26.0,MNC,Rented,6200.0,4,3,8100.0,0.0,1200.0,3400.0,1200.0,No,0.0,774.0,149400.0,73500.0,Education EMI,366000.0,23,Not_Eligible,1122.0
58.0,Female,Married,Post Graduate,62200.0,Private,5.2,Mid-size,Rented,12200.0,3,2,12100.0,0.0,8600.0,12900.0,5600.0,Yes,15800.0,675.0,287900.0,145400.0,Education EMI,282000.0,44,Not_Eligible,500.0
32.0,Male,Married,Post Graduate,76500.0,Government,0.5,Mid-size,Family,0.0,4,3,0.0,0.0,11400.0,22200.0,7000.0,No,0.0,772.0,342500.0,77600.0,Vehicle EMI,1018000.0,63,High_Risk,21540.0
38.0,Female,Married,Post Graduate,79700.0,Government,2.9,Startup,Rented,15900.0,5,4,10200.0,18000.0,9100.0,20900.0,10600.0,No,0.0,698.0,583200.0,134500.0,Home Appliances EMI,189000.0,19,Not_Eligible,500.0
32.0,Male,Married,High School,21800.0,Self-employed,7.5,Mid-size,Family,0.0,4,3,0.0,0.0,2700.0,6000.0,2800.0,No,0.0,683.0,138700.0,80600.0,Vehicle EMI,1049000.0,74,Not_Eligible,5098.5
58.0,Male,Married,Graduate,20200.0,Private,2.3,Mid-size,Own,0.0,2,1,7700.0,0.0,2700.0,5600.0,3600.0,No,0.0,736.0,53300.0,26700.0,Education EMI,489000.0,7,Not_Eligible,500.0
48.0,Male,Married,Graduate,26200.0,Private,0.8,Mid-size,Own,0.0,4,3,0.0,0.0,2600.0,5200.0,2100.0,No,0.0,666.0,163600.0,51000.0,Home Appliances EMI,182000.0,16,Not_Eligible,7172.0
38.0,Female,Married,Post Graduate,60000.0,Private,14.2,MNC,Family,0.0,3,2,7800.0,0.0,5200.0,12900.0,7900.0,Yes,8300.0,544.0,219500.0,121000.0,Personal Loan EMI,651000.0,57,Not_Eligible,3132.5
32.0,Male,Married,Graduate,19400.0,Private,1.8,Small,Family,0.0,3,2,7500.0,21400.0,2600.0,4500.0,1700.0,No,0.0,788.0,120800.0,49200.0,Personal Loan EMI,904000.0,53,Not_Eligible,500.0
48.0,Female,Married,Graduate,8633.0,Private,2.7,Mid-size,Own,0.0,4,3,0.0,0.0,1000.0,3500.0,900.0,No,0.0,585.0,128200.0,44100.0,E-commerce Shopping EMI,64000.0,11,Not_Eligible,5544.0
48.0,Male,Married,Graduate,30300.0,Private,19.5,Mid-size,Own,0.0,5,4,0.0,0.0,2600.0,8800.0,5800.0,Yes,7400.0,694.0,73800.0,40200.0,Education EMI,173000.0,27,Not_Eligible,1995.0
27.0,Male,Single,High School,56500.0,Government,0.5,MNC,Family,0.0,1,0,0.0,0.0,7700.0,14300.0,9200.0,No,0.0,736.0,135400.0,74500.0,Personal Loan EMI,881000.0,51,Not_Eligible,12650.0
32.0,Male,Married,Post Graduate,91800.0,Self-employed,5.3,Mid-size,Own,0.0,2,1,0.0,23100.0,4800.0,26500.0,13600.0,Yes,22300.0,659.0,443700.0,150900.0,Education EMI,138000.0,17,Not_Eligible,500.0
32.0,Male,Married,Graduate,74700.0,Government,1.2,MNC,Rented,20600.0,3,2,5100.0,0.0,5300.0,19400.0,14900.0,No,0.0,821.0,306700.0,84800.0,Vehicle EMI,889000.0,61,Not_Eligible,5640.0
32.0,Female,Married,Graduate,31200.0,Private,6.1,Mid-size,Rented,7500.0,3,2,3800.0,24300.0,2700.0,9300.0,6100.0,No,0.0,736.0,98400.0,27100.0,Education EMI,116000.0,45,Not_Eligible,500.0
58.0,Male,Married,Post Graduate,50523.0,Private,24.3,MNC,Rented,11700.0,4,3,0.0,0.0,3800.0,8100.0,2900.0,No,0.0,766.0,129800.0,68700.0,Home Appliances EMI,288000.0,10,Not_Eligible,14280.0
38.0,Male,Married,Professional,104700.0,Private,5.7,Startup,Own,0.0,4,3,14200.0,0.0,14100.0,25800.0,15100.0,Yes,26400.0,677.0,286700.0,113000.0,Vehicle EMI,1462000.0,30,Not_Eligible,3185.0
38.0,Male,Married,Graduate,66100.0,Private,5.7,Mid-size,Rented,17500.0,2,1,0.0,0.0,5100.0,15600.0,9500.0,Yes,11500.0,710.0,81800.0,27300.0,Home Appliances EMI,202000.0,34,Not_Eligible,1932.0
58.0,Male,Married,High School,51700.0,Government,12.8,Mid-size,Rented,9500.0,2,1,3900.0,0.0,6500.0,12800.0,7200.0,No,0.0,737.0,317600.0,136000.0,Personal Loan EMI,105000.0,49,Eligible,7139.0
38.0,Female,Married,Professional,41800.0,Private,1.0,Mid-size,Family,0.0,3,2,10000.0,7300.0,4300.0,12100.0,4500.0,No,0.0,625.0,230600.0,133200.0,Vehicle EMI,862000.0,78,Not_Eligible,1440.0
38.0,Female,Married,High School,59400.0,Government,10.5,Large Indian,Own,0.0,4,3,5100.0,9800.0,3100.0,13700.0,7400.0,No,0.0,683.0,439300.0,229900.0,Personal Loan EMI,274000.0,19,Not_Eligible,12281.5
27.0,Female,Single,Graduate,49700.0,Private,0.5,Mid-size,Rented,9400.0,1,0,0.0,0.0,6900.0,11100.0,4800.0,No,0.0,666.0,54100.0,25900.0,Vehicle EMI,303000.0,27,Not_Eligible,5600.0
38.0,Female,Married,Post Graduate,55800.0,Private,8.1,Large Indian,Rented,13000.0,2,1,5500.0,10300.0,4200.0,9100.0,9400.0,No,0.0,664.0,48800.0,14600.0,E-commerce Shopping EMI,17000.0,10,Not_Eligible,1720.0
58.0,Male,Married,High School,78200.0,Private,16.7,Mid-size,Rented,16000.0,4,3,3300.0,21700.0,5300.0,21300.0,13100.0,No,0.0,788.0,236400.0,114300.0,E-commerce Shopping EMI,170000.0,6,Not_Eligible,500.0
58.0,Male,Single,High School,37200.0,Private,3.6,MNC,Rented,9100.0,3,2,4600.0,0.0,4500.0,8700.0,4000.0,No,0.0,755.0,273200.0,153400.0,Personal Loan EMI,514000.0,12,Not_Eligible,4158.0
32.0,Male,Married,Graduate,80900.0,Private,1.8,Large Indian,Own,0.0,4,3,5700.0,0.0,8000.0,16900.0,16000.0,No,0.0,729.0,205900.0,104800.0,E-commerce Shopping EMI,111000.0,8,High_Risk,17150.0
32.0,Male,Single,Graduate,36000.0,Private,1.5,MNC,Rented,11400.0,1,0,0.0,0.0,3100.0,7100.0,2000.0,No,0.0,705.0,205200.0,47500.0,Personal Loan EMI,288000.0,20,Not_Eligible,6200.0
38.0,Female,Married,Post Graduate,79400.0,Private,1.5,Large Indian,Own,0.0,2,1,0.0,0.0,6200.0,22900.0,13000.0,Yes,23600.0,637.0,376400.0,93000.0,Vehicle EMI,125000.0,20,Not_Eligible,3836.0
48.0,Male,Married,Graduate,43200.0,Private,10.4,Large Indian,Rented,12500.0,2,1,0.0,24700.0,4100.0,8500.0,4800.0,Yes,9700.0,703.0,184400.0,92200.0,Personal Loan EMI,548000.0,29,Not_Eligible,500.0
38.0,Male,Married,Graduate,56300.0,Government,1.0,Large Indian,Rented,10000.0,4,3,0.0,14500.0,7700.0,9900.0,3000.0,No,0.0,801.0,50700.0,30000.0,E-commerce Shopping EMI,126000.0,6,Not_Eligible,5376.0
32.0,Female,Married,Post Graduate,108700.0,Private,1.5,Large Indian,Rented,27000.0,3,2,10100.0,11100.0,7000.0,27000.0,14300.0,No,0.0,743.0,228400.0,77000.0,E-commerce Shopping EMI,168000.0,3,Not_Eligible,6100.0
32.0,Female,Married,Graduate,40100.0,Self-employed,1.5,MNC,Own,0.0,5,4,13300.0,0.0,5400.0,8200.0,4400.0,Yes,9800.0,646.0,79300.0,37800.0,Education EMI,204000.0,13,Not_Eligible,500.0
32.0,Male,Married,Graduate,42500.0,Private,0.6,Large Indian,Family,0.0,4,3,0.0,0.0,2500.0,7700.0,4300.0,No,0.0,569.0,126600.0,74800.0,E-commerce Shopping EMI,191000.0,9,Not_Eligible,8960.0
38.0,Male,Married,High School,45800.0,Private,1.5,Large Indian,Own,0.0,3,2,7200.0,0.0,4800.0,7200.0,6100.0,Yes,12000.0,683.0,28100.0,14800.0,Education EMI,84000.0,30,Not_Eligible,2380.0
38.0,Male,Married,Post Graduate,62600.0,Private,5.9,Mid-size,Own,0.0,5,4,5100.0,23000.0,3900.0,10200.0,5700.0,Yes,13200.0,667.0,343400.0,156200.0,Education EMI,455000.0,17,Not_Eligible,525.0
32.0,Male,Married,Graduate,20000.0,Private,2.9,Large Indian,Rented,4300.0,3,2,3500.0,19300.0,1900.0,5900.0,1900.0,No,0.0,624.0,90300.0,26300.0,Education EMI,423000.0,23,Not_Eligible,500.0
27.0,Female,Single,Professional,92600.0,Private,1.2,Mid-size,Family,0.0,3,2,2700.0,0.0,13400.0,15000.0,15400.0,Yes,14200.0,688.0,89700.0,37100.0,Home Appliances EMI,139000.0,6,Not_Eligible,8932.0
27.0,Female,Single,Graduate,15000.0,Private,0.5,Startup,Own,0.0,1,0,0.0,0.0,1200.0,2500.0,2800.0,No,0.0,751.0,102800.0,38500.0,Education EMI,475000.0,43,Not_Eligible,4488.0
58.0,Male,Married,Graduate,48600.0,Government,4.9,MNC,Rented,15300.0,2,1,0.0,14100.0,3700.0,12400.0,8800.0,Yes,6000.0,687.0,159300.0,39700.0,Vehicle EMI,850000.0,30,Not_Eligible,500.0
48.0,Male,Married,Graduate,46500.0,Private,0.5,Mid-size,Rented,14400.0,4,3,7900.0,15400.0,6000.0,13600.0,8400.0,Yes,6700.0,645.0,294300.0,108000.0,Home Appliances EMI,236000.0,8,Not_Eligible,500.0
27.0,Female,Single,Graduate,46500.0,Private,0.6,Large Indian,Rented,14100.0,2,1,4700.0,0.0,2900.0,8700.0,9000.0,Yes,11600.0,601.0,357500.0,205800.0,Education EMI,63000.0,11,Not_Eligible,500.0
48.0,Male,Single,Graduate,54300.0,Government,3.8,Startup,Rented,18100.0,3,2,0.0,0.0,4900.0,9200.0,4300.0,Yes,7200.0,733.0,292400.0,174100.0,E-commerce Shopping EMI,42000.0,24,Eligible,4081.0
58.0,Female,Married,Post Graduate,90100.0,Private,12.4,Large Indian,Own,0.0,3,2,11500.0,14300.0,5800.0,15800.0,12200.0,Yes,14100.0,698.0,226800.0,53700.0,Personal Loan EMI,742000.0,45,Not_Eligible,5740.0
38.0,Male,Married,Graduate,43900.0,Government,1.0,Mid-size,Own,0.0,2,1,7400.0,0.0,5800.0,11800.0,7400.0,Yes,10000.0,706.0,47200.0,11300.0,Personal Loan EMI,843000.0,27,Not_Eligible,500.0
27.0,Male,Single,Graduate,57200.0,Private,4.4,Large Indian,Own,0.0,2,1,0.0,0.0,8500.0,13000.0,11000.0,Yes,9400.0,614.0,447700.0,116600.0,Home Appliances EMI,142000.0,13,Not_Eligible,4712.4
32.0,Female,Married,Post Graduate,65400.0,Private,3.1,Large Indian,Own,0.0,3,2,7400.0,0.0,3800.0,17200.0,7000.0,No,0.0,684.0,503900.0,218900.0,Home Appliances EMI,24000.0,8,Eligible,16500.0
38.0,Male,Married,Graduate,65700.0,Private,5.7,Large Indian,Own,0.0,4,3,5100.0,0.0,4600.0,17300.0,10500.0,No,0.0,705.0,120000.0,45100.0,Vehicle EMI,1453000.0,35,Not_Eligible,11280.0
27.0,Male,Single,Graduate,40500.0,Private,0.5,Mid-size,Own,0.0,2,1,4800.0,0.0,3400.0,8700.0,2900.0,Yes,5500.0,583.0,192100.0,79100.0,Education EMI,488000.0,24,Not_Eligible,3404.8
32.0,Male,Single,Graduate,81400.0,Private,0.5,Large Indian,Own,0.0,2,1,8800.0,0.0,5400.0,16300.0,7200.0,No,0.0,690.0,129000.0,34800.0,Home Appliances EMI,288000.0,11,Not_Eligible,13984.0
32.0,Male,Married,Post Graduate,77000.0,Government,9.3,Large Indian,Own,0.0,5,4,8900.0,0.0,4500.0,16800.0,5500.0,Yes,12100.0,745.0,356900.0,89300.0,Education EMI,341000.0,44,High_Risk,11242.0
38.0,Male,Married,Graduate,67000.0,Private,14.9,MNC,Family,,3,2,5200.0,0.0,5200.0,16300.0,5600.0,No,0.0,794.0,431500.0,245600.0,Personal Loan EMI,390000.0,41,Eligible,22902.0
38.0,Female,Married,Graduate,30700.0,Private,6.8,Mid-size,Own,0.0,2,1,0.0,0.0,1800.0,4700.0,3900.0,No,0.0,807.0,152000.0,64500.0,Education EMI,489000.0,43,Not_Eligible,12180.0
48.0,Male,Married,High School,49400.0,Government,9.7,Large Indian,Own,0.0,2,1,2400.0,12300.0,3800.0,7600.0,5900.0,Yes,5000.0,702.0,129600.0,69800.0,E-commerce Shopping EMI,148000.0,18,Not_Eligible,4774.0
38.0,Male,Married,Graduate,34100.0,Private,5.6,Mid-size,Rented,9000.0,2,1,10100.0,10900.0,5000.0,5800.0,4700.0,No,0.0,602.0,119000.0,61400.0,Education EMI,134000.0,37,Not_Eligible,500.0
32.0,Male,Married,Graduate,73300.0,Private,0.9,Large Indian,Own,0.0,5,4,3500.0,25000.0,4500.0,17700.0,9500.0,No,0.0,737.0,308600.0,154700.0,Vehicle EMI,141000.0,61,Eligible,5240.0
38.0,Female,Married,Post Graduate,38500.0,Private,1.4,MNC,Family,0.0,4,3,2800.0,0.0,5700.0,6800.0,2500.0,Yes,10700.0,650.0,267800.0,115500.0,Education EMI,368000.0,43,Not_Eligible,3850.0
32.0,Female,Married,Graduate,26800.0,Private,0.5,MNC,Rented,5000.0,3,2,0.0,0.0,1700.0,5800.0,1700.0,No,0.0,807.0,121000.0,47900.0,E-commerce Shopping EMI,109000.0,9,Not_Eligible,6048.0
27.0,Female,Single,Graduate,54600.0,Private,0.5,Large Indian,Rented,16100.0,1,0,0.0,0.0,8000.0,14800.0,5000.0,No,0.0,722.0,198000.0,88500.0,Personal Loan EMI,463000.0,52,Not_Eligible,4280.0
32.0,Male,Single,Graduate,24400.0,Self-employed,0.5,Large Indian,Family,0.0,2,1,2800.0,16200.0,3300.0,6500.0,1800.0,No,0.0,718.0,75100.0,29200.0,Education EMI,436000.0,36,Not_Eligible,500.0
27.0,Male,Single,Graduate,23400.0,Government,4.2,Startup,Rented,5400.0,1,0,0.0,0.0,1700.0,5200.0,3300.0,No,0.0,721.0,82900.0,42100.0,Home Appliances EMI,209000.0,6,Not_Eligible,4290.0
32.0,Male,Married,Graduate,25300.0,Private,1.4,Large Indian,Rented,8000.0,3,2,0.0,0.0,3100.0,7400.0,3700.0,No,0.0,667.0,166200.0,34300.0,E-commerce Shopping EMI,21000.0,10,Not_Eligible,1705.0
48.0,Male,Single,Post Graduate,69400.0,Private,5.3,Mid-size,Own,0.0,2,1,0.0,0.0,5900.0,19100.0,12800.0,No,0.0,729.0,256600.0,78400.0,Home Appliances EMI,211000.0,9,Not_Eligible,15800.0
48.0,Male,Single,Graduate,33900.0,Self-employed,9.1,Large Indian,Own,0.0,2,1,12100.0,0.0,4600.0,8000.0,2400.0,No,0.0,663.0,208300.0,83500.0,Vehicle EMI,1364000.0,67,Not_Eligible,3366.0
38.0,Male,Married,Graduate,74600.0,Private,10.7,Startup,Rented,25100.0,4,3,2100.0,0.0,7900.0,21900.0,6700.0,No,0.0,756.0,504100.0,188400.0,Education EMI,255000.0,46,Not_Eligible,7194.0
48.0,Male,Married,Professional,91600.0,Private,8.6,Startup,Own,0.0,3,2,0.0,0.0,7200.0,18400.0,12000.0,No,0.0,703.0,643200.0,159200.0,Vehicle EMI,1013000.0,41,High_Risk,29700.0
32.0,Male,Single,Professional,89100.0,Private,0.5,Mid-size,Family,0.0,1,0,0.0,0.0,5800.0,26000.0,16700.0,No,0.0,659.0,590700.0,195600.0,Education EMI,70000.0,32,Eligible,17864.0
38.0,Male,Married,Graduate,69600.0,Self-employed,0.5,Large Indian,Family,0.0,4,3,0.0,21800.0,7800.0,17900.0,12000.0,No,0.0,632.0,427700.0,91900.0,E-commerce Shopping EMI,173000.0,21,Not_Eligible,3999.6
27.0,Male,Single,High School,28700.0,Private,1.1,Mid-size,Rented,7200.0,2,1,0.0,0.0,3200.0,6500.0,1500.0,No,0.0,736.0,88400.0,37000.0,Vehicle EMI,317000.0,78,Not_Eligible,5150.0
27.0,Female,Single,Professional,40300.0,Private,2.4,Large Indian,Rented,6400.0,1,0,0.0,0.0,6000.0,10600.0,3400.0,Yes,5600.0,718.0,156700.0,61000.0,Home Appliances EMI,286000.0,19,Not_Eligible,2905.0
32.0,Male,Single,Graduate,32900.0,Private,2.4,Large Indian,Own,0.0,3,2,8900.0,10500.0,2000.0,9400.0,5900.0,No,0.0,549.0,237700.0,78500.0,E-commerce Shopping EMI,55000.0,7,Not_Eligible,500.0
48.0,Female,Married,Professional,68300.0,Government,13.7,Mid-size,Own,0.0,3,2,3900.0,20000.0,3900.0,14700.0,10600.0,No,0.0,846.0,450100.0,241600.0,Personal Loan EMI,808000.0,52,Not_Eligible,11035.2
27.0,Male,Single,Professional,67400.0,Private,2.1,Large Indian,Rented,21300.0,2,1,4300.0,0.0,9600.0,19800.0,4600.0,Yes,16200.0,715.0,56100.0,17900.0,E-commerce Shopping EMI,194000.0,5,Not_Eligible,500.0
48.0,Male,Married,High School,17200.0,Private,0.5,MNC,Rented,5600.0,3,2,0.0,0.0,1600.0,3400.0,2800.0,Yes,2700.0,667.0,44000.0,12900.0,Education EMI,428000.0,37,Not_Eligible,500.0
48.0,Female,Married,High School,80000.0,Private,26.0,Large Indian,Own,0.0,2,1,0.0,0.0,5200.0,16700.0,10800.0,No,0.0,737.0,527700.0,262700.0,Education EMI,450000.0,48,Eligible,26015.0
32.0,Female,Married,Graduate,86200.0,Self-employed,2.0,Mid-size,Family,0.0,5,4,12800.0,0.0,11200.0,15300.0,5200.0,Yes,24800.0,715.0,327200.0,79700.0,E-commerce Shopping EMI,200000.0,3,Not_Eligible,5323.5
32.0,Male,Married,Post Graduate,65200.0,Private,7.9,MNC,Family,0.0,3,2,10800.0,0.0,5400.0,18500.0,10000.0,Yes,11100.0,766.0,224700.0,125300.0,E-commerce Shopping EMI,171000.0,23,Not_Eligible,3948.0
32.0,Female,Married,Graduate,18000.0,Private,3.0,Mid-size,Rented,5200.0,3,2,0.0,0.0,1000.0,3600.0,2100.0,No,0.0,678.0,112100.0,34200.0,E-commerce Shopping EMI,167000.0,8,Not_Eligible,3355.0
48.0,Male,Married,Professional,120800.0,Private,1.0,Mid-size,Rented,38800.0,3,2,0.0,8000.0,18000.0,24100.0,22700.0,No,0.0,793.0,561200.0,204000.0,Vehicle EMI,396000.0,67,Not_Eligible,5520.0
48.0,Female,Married,Professional,52800.0,Private,6.2,Large Indian,Own,0.0,5,4,0.0,0.0,3800.0,12900.0,5600.0,No,0.0,599.0,401300.0,236800.0,Vehicle EMI,1023000.0,81,Not_Eligible,13420.0
38.0,Male,Married,High School,43100.0,Private,4.0,Large Indian,Rented,10700.0,5,4,0.0,0.0,4300.0,9000.0,3500.0,No,0.0,628.0,314200.0,114200.0,E-commerce Shopping EMI,30000.0,23,Eligible,6864.0
38.0,Male,Married,Graduate,51000.0,Government,3.0,Mid-size,Own,0.0,5,4,0.0,0.0,5100.0,12400.0,8800.0,No,0.0,734.0,109700.0,58200.0,Vehicle EMI,663000.0,68,High_Risk,13585.0
38.0,Male,Married,High School,54400.0,Private,3.3,MNC,Rented,13700.0,2,1,8000.0,0.0,7000.0,11100.0,8600.0,No,0.0,634.0,407700.0,100800.0,E-commerce Shopping EMI,98000.0,24,Not_Eligible,2640.0
38.0,Female,Married,Graduate,68100.0,Private,6.4,Large Indian,Rented,15300.0,5,4,0.0,0.0,7300.0,19500.0,6800.0,Yes,15800.0,631.0,108000.0,53500.0,Vehicle EMI,1390000.0,84,Not_Eligible,761.6
38.0,Male,Married,Graduate,57300.0,Self-employed,2.3,Large Indian,Rented,15300.0,4,3,11000.0,0.0,4700.0,8800.0,9300.0,No,0.0,626.0,32300.0,11100.0,E-commerce Shopping EMI,57000.0,8,Not_Eligible,2361.6
32.0,Male,Single,Graduate,39600.0,Self-employed,1.0,Small,Own,0.0,1,0,0.0,0.0,2500.0,8100.0,5300.0,No,0.0,733.0,183800.0,48700.0,E-commerce Shopping EMI,168000.0,10,Not_Eligible,10665.0
32.0,Male,Married,Graduate,56000.0,Private,2.1,Mid-size,Rented,19400.0,4,3,7200.0,10100.0,3600.0,9400.0,6300.0,No,0.0,693.0,43100.0,11900.0,Home Appliances EMI,44000.0,16,Not_Eligible,500.0
38.0,Female,Married,Graduate,54300.0,Private,13.5,Large Indian,Rented,14400.0,5,4,0.0,0.0,4300.0,8600.0,6600.0,No,0.0,572.0,182600.0,61600.0,Home Appliances EMI,299000.0,17,Not_Eligible,8160.0
32.0,Male,Married,High School,38300.0,Government,0.9,MNC,Own,0.0,4,3,0.0,22800.0,3900.0,10700.0,5000.0,Yes,6900.0,761.0,290900.0,164400.0,E-commerce Shopping EMI,172000.0,18,Not_Eligible,500.0
38.0,Female,Married,Graduate,62800.0,Private,0.7,Small,Family,0.0,4,3,0.0,0.0,6400.0,18000.0,7200.0,No,0.0,669.0,218700.0,123200.0,Vehicle EMI,1121000.0,37,Not_Eligible,12480.0
38.0,Male,Single,Graduate,32400.0,Private,4.6,MNC,Rented,9900.0,2,1,0.0,0.0,3800.0,5900.0,5600.0,Yes,7600.0,746.0,149200.0,60600.0,Personal Loan EMI,963000.0,12,Not_Eligible,500.0
58.0,Male,Married,Graduate,46900.0,Private,13.5,MNC,Rented,7200.0,3,2,0.0,0.0,6300.0,7700.0,5700.0,Yes,10900.0,655.0,93700.0,50600.0,Education EMI,190000.0,33,Not_Eligible,2548.0
48.0,Male,Married,Graduate,44400.0,Self-employed,7.5,MNC,Rented,8500.0,3,2,0.0,0.0,4700.0,7800.0,5900.0,No,0.0,711.0,220200.0,52000.0,Vehicle EMI,1307000.0,14,Not_Eligible,7875.0
38.0,Male,Married,High School,77000.0,Private,0.5,Large Indian,Rented,26400.0,4,3,5500.0,0.0,7900.0,11700.0,7100.0,No,0.0,674.0,590200.0,194400.0,Education EMI,89000.0,36,Eligible,8096.0
38.0,Female,Married,Post Graduate,100700.0,Self-employed,3.0,Mid-size,Rented,23000.0,2,1,6300.0,0.0,13300.0,20800.0,11300.0,No,0.0,818.0,86900.0,46300.0,Home Appliances EMI,183000.0,36,Eligible,11232.0
38.0,Male,Married,Professional,32000.0,Private,7.4,MNC,Own,0.0,3,2,14400.0,0.0,4400.0,6800.0,3800.0,No,0.0,768.0,136200.0,57100.0,Vehicle EMI,122000.0,44,Not_Eligible,1560.0
27.0,Female,Single,Post Graduate,94600.0,Private,0.8,Large Indian,Own,0.0,1,0,0.0,0.0,6500.0,19100.0,5100.0,No,0.0,714.0,77800.0,33700.0,Vehicle EMI,1086000.0,46,Not_Eligible,20448.0
58.0,Female,Married,Post Graduate,98800.0,Government,13.9,Startup,Family,0.0,2,1,3500.0,21200.0,13900.0,28900.0,7500.0,No,0.0,850.0,149300.0,69000.0,Vehicle EMI,745000.0,67,Not_Eligible,12566.4
48.0,Female,Single,Post Graduate,109200.0,Private,3.8,Startup,Own,0.0,2,1,12000.0,19900.0,6600.0,22700.0,16200.0,No,0.0,732.0,163700.0,64800.0,Vehicle EMI,1237000.0,38,Not_Eligible,12720.0
38.0,Male,Married,High School,26900.0,Private,6.2,Mid-size,Rented,5800.0,2,1,0.0,0.0,3200.0,7300.0,4300.0,No,0.0,649.0,91800.0,46200.0,Education EMI,244000.0,9,Not_Eligible,2520.0
38.0,Female,Married,Graduate,44300.0,Private,4.7,Mid-size,Family,0.0,2,1,9000.0,0.0,2800.0,6800.0,3100.0,No,0.0,653.0,178500.0,36300.0,Education EMI,75000.0,23,Eligible,11300.0
27.0,Male,Single,Graduate,15000.0,Government,0.5,Large Indian,Family,,1,0,0.0,0.0,1700.0,2600.0,2400.0,Yes,3400.0,691.0,113800.0,45500.0,Personal Loan EMI,134000.0,16,Not_Eligible,1886.5
48.0,Female,Married,Graduate,24400.0,Private,25.8,Mid-size,Rented,6500.0,2,1,3700.0,0.0,2600.0,4900.0,3100.0,Yes,3800.0,660.0,129300.0,68800.0,Personal Loan EMI,733000.0,19,Not_Eligible,500.0
38.0,Male,Married,High School,54000.0,Private,0.5,Large Indian,Own,0.0,3,2,0.0,0.0,5200.0,11700.0,6700.0,Yes,15300.0,667.0,384000.0,148600.0,E-commerce Shopping EMI,193000.0,7,Not_Eligible,4650.8
48.0,Male,Married,Post Graduate,117400.0,Private,21.3,Large Indian,Family,0.0,3,2,0.0,0.0,9400.0,23600.0,10800.0,No,0.0,746.0,510500.0,200900.0,Home Appliances EMI,145000.0,26,Eligible,36800.0
38.0,Male,Married,Graduate,73600.0,Self-employed,1.9,Startup,Rented,,3,2,3100.0,0.0,7800.0,17000.0,10700.0,No,0.0,676.0,468800.0,155200.0,Vehicle EMI,874000.0,19,Not_Eligible,5940.0
38.0,Male,Married,Post Graduate,72100.0,Private,2.5,Large Indian,Rented,14300.0,4,3,7000.0,7500.0,4500.0,11600.0,14200.0,No,0.0,842.0,318700.0,152200.0,Education EMI,161000.0,15,Not_Eligible,7800.0
27.0,Male,Married,Graduate,41800.0,Private,1.4,Large Indian,Rented,8200.0,2,1,5500.0,0.0,6200.0,8300.0,7800.0,No,0.0,705.0,,14800.0,E-commerce Shopping EMI,167000.0,9,Not_Eligible,2320.0
27.0,Male,Married,Post Graduate,86800.0,Private,0.5,Startup,Rented,22400.0,3,2,0.0,22500.0,7500.0,16700.0,16100.0,Yes,11000.0,630.0,327800.0,132800.0,E-commerce Shopping EMI,147000.0,8,Not_Eligible,500.0
38.0,Female,Single,Professional,96700.0,Private,2.5,Mid-size,Rented,24900.0,3,2,2900.0,0.0,7600.0,23800.0,12800.0,Yes,17400.0,752.0,213200.0,96300.0,Personal Loan EMI,319000.0,44,Not_Eligible,3066.0
48.0,Male,Married,Graduate,39500.0,Self-employed,4.0,MNC,Rented,9000.0,4,3,4500.0,0.0,3200.0,10000.0,7100.0,Yes,11100.0,642.0,172900.0,52300.0,E-commerce Shopping EMI,109000.0,24,Not_Eligible,500.0
32.0,Male,Married,Professional,86000.0,Private,0.7,Mid-size,Own,0.0,3,2,0.0,0.0,5600.0,13600.0,12700.0,No,0.0,647.0,596700.0,236600.0,Education EMI,426000.0,41,Eligible,19043.2
38.0,Female,Married,Graduate,38200.0,Government,16.0,Startup,Family,0.0,4,3,8700.0,14800.0,3200.0,10100.0,3400.0,No,0.0,787.0,260700.0,70200.0,E-commerce Shopping EMI,38000.0,8,Not_Eligible,500.0
27.0,Female,Single,Graduate,50200.0,Private,0.9,Mid-size,Family,0.0,2,1,2000.0,7200.0,3500.0,9300.0,9500.0,No,0.0,681.0,109400.0,22400.0,Personal Loan EMI,399000.0,39,Not_Eligible,7480.0
38.0,Male,Married,Graduate,28600.0,Private,3.7,Large Indian,Family,0.0,3,2,12200.0,22500.0,4000.0,7100.0,3300.0,Yes,8000.0,542.0,223600.0,94600.0,Education EMI,375000.0,48,Not_Eligible,500.0
32.0,Female,Single,Post Graduate,29900.0,Private,0.8,MNC,Family,0.0,2,1,3000.0,0.0,3400.0,5300.0,4900.0,Yes,7500.0,685.0,26000.0,5800.0,Education EMI,219000.0,39,Not_Eligible,1299.2
48.0,Female,Married,Post Graduate,60800.0,Private,8.9,Mid-size,Family,0.0,3,2,0.0,8000.0,4400.0,15800.0,4300.0,No,0.0,716.0,137400.0,77800.0,Vehicle EMI,937000.0,22,Not_Eligible,14150.0
27.0,Male,Single,Graduate,20800.0,Private,0.8,Mid-size,Own,0.0,2,1,0.0,15000.0,1900.0,4400.0,2500.0,No,0.0,727.0,75600.0,18600.0,Personal Loan EMI,712000.0,15,Not_Eligible,500.0
38.0,Female,Married,Professional,66000.0,Private,9.1,Mid-size,Rented,13600.0,5,4,13300.0,0.0,9600.0,19600.0,9800.0,Yes,16700.0,706.0,279000.0,88400.0,E-commerce Shopping EMI,47000.0,6,Not_Eligible,500.0
38.0,Female,Married,Graduate,33600.0,Private,7.8,Large Indian,Rented,9800.0,3,2,9000.0,19500.0,3600.0,9800.0,4000.0,No,0.0,713.0,40300.0,11900.0,Vehicle EMI,1403000.0,78,Not_Eligible,500.0
38.0,Male,Married,Post Graduate,43900.0,Private,9.6,Mid-size,Rented,15100.0,4,3,5700.0,0.0,6300.0,6700.0,5500.0,No,0.0,702.0,142900.0,29900.0,Education EMI,493000.0,15,Not_Eligible,2300.0
32.0,Male,Married,Professional,41800.0,Private,0.8,MNC,Family,0.0,3,2,0.0,0.0,6200.0,10100.0,8300.0,No,0.0,702.0,274200.0,150000.0,Home Appliances EMI,109000.0,13,Not_Eligible,7568.0
38.0,Male,Single,Graduate,54800.0,Private,0.7,Large Indian,Rented,13600.0,2,1,13800.0,0.0,6100.0,10200.0,4300.0,No,0.0,655.0,61300.0,31400.0,E-commerce Shopping EMI,151000.0,22,Not_Eligible,2176.0
32.0,Female,Married,Post Graduate,86800.0,Private,6.7,Large Indian,Family,0.0,4,3,0.0,23200.0,5000.0,18000.0,16700.0,No,0.0,746.0,686400.0,372500.0,E-commerce Shopping EMI,26000.0,17,Eligible,13145.0
38.0,Male,Married,Post Graduate,76000.0,Private,6.7,Mid-size,Own,0.0,2,1,10400.0,19600.0,10600.0,17500.0,7900.0,Yes,13600.0,685.0,77800.0,42900.0,Home Appliances EMI,89000.0,15,Not_Eligible,500.0
27.0,Female,Single,Post Graduate,98600.0,Government,0.5,Large Indian,Rented,19300.0,1,0,0.0,0.0,5900.0,24100.0,9500.0,Yes,24600.0,822.0,270900.0,132400.0,Home Appliances EMI,220000.0,29,Not_Eligible,6384.0
38.0,Female,Married,Graduate,54100.0,Private,2.1,MNC,Rented,14900.0,3,2,0.0,9200.0,2800.0,15600.0,5900.0,No,0.0,716.0,219800.0,128100.0,Education EMI,362000.0,15,Not_Eligible,2850.0
32.0,Male,Single,Professional,113500.0,Private,1.2,MNC,Family,0.0,2,1,0.0,0.0,7100.0,28600.0,7200.0,No,0.0,750.0,697700.0,150800.0,Home Appliances EMI,200000.0,17,Eligible,46596.0
38.0,Female,Married,Graduate,37900.0,Private,6.6,Large Indian,Rented,7400.0,3,2,0.0,13100.0,5400.0,8600.0,3300.0,Yes,4900.0,603.0,20800.0,5400.0,Vehicle EMI,795000.0,71,Not_Eligible,500.0
48.0,Female,Married,Graduate,65300.0,Government,20.1,Startup,Rented,18800.0,2,1,0.0,0.0,3500.0,18600.0,8500.0,No,0.0,685.0,147400.0,67300.0,Education EMI,369000.0,11,Not_Eligible,8745.0
27.0,Female,Single,Professional,63700.0,Government,1.5,Mid-size,Family,0.0,2,1,0.0,0.0,9500.0,14600.0,10600.0,No,0.0,710.0,418500.0,191000.0,Education EMI,140000.0,39,Eligible,15950.0
58.0,Male,Married,Graduate,18000.0,Government,5.3,MNC,Family,0.0,2,1,0.0,0.0,1200.0,3700.0,1100.0,Yes,2700.0,547.0,126600.0,63800.0,E-commerce Shopping EMI,159000.0,4,Not_Eligible,1969.28
32.0,Female,Married,Graduate,43400.0,Private,1.4,Large Indian,Rented,11800.0,4,3,12600.0,0.0,6000.0,10300.0,5400.0,No,0.0,682.0,313100.0,86600.0,Personal Loan EMI,150000.0,43,Not_Eligible,500.0
38.0,Male,Married,Professional,112700.0,Government,0.5,MNC,Own,0.0,4,3,0.0,0.0,8400.0,21500.0,17300.0,No,0.0,702.0,516200.0,256000.0,E-commerce Shopping EMI,35000.0,19,Eligible,32750.0
32.0,Female,Single,Post Graduate,39100.0,Private,0.9,MNC,Own,0.0,2,1,5900.0,0.0,2300.0,7400.0,7800.0,No,0.0,699.0,95300.0,31600.0,Vehicle EMI,1249000.0,47,Not_Eligible,6280.0
38.0,Male,Married,Graduate,77700.0,Private,3.6,Large Indian,Own,0.0,2,1,0.0,0.0,10600.0,20900.0,14800.0,No,0.0,648.0,328500.0,106800.0,Education EMI,216000.0,31,Eligible,12560.0
48.0,Female,Married,High School,42100.0,Private,6.9,Startup,Own,0.0,5,4,13000.0,16700.0,4600.0,10100.0,3000.0,No,0.0,786.0,210600.0,61100.0,Home Appliances EMI,74000.0,34,Not_Eligible,500.0
38.0,Male,Married,Graduate,23500.0,Private,0.5,Large Indian,Own,0.0,4,3,0.0,16000.0,1600.0,6600.0,2900.0,No,0.0,766.0,91700.0,45800.0,Home Appliances EMI,119000.0,10,Not_Eligible,500.0
38.0,Male,Married,High School,17800.0,Self-employed,3.4,Mid-size,Own,0.0,4,3,0.0,0.0,2200.0,3900.0,1400.0,No,0.0,674.0,137600.0,36300.0,Vehicle EMI,520000.0,77,Not_Eligible,5098.5
38.0,Female,Married,Graduate,79500.0,Private,1.9,Large Indian,Family,0.0,3,2,4000.0,0.0,5300.0,19700.0,10500.0,No,0.0,621.0,,192000.0,Education EMI,455000.0,36,High_Risk,16000.0
48.0,Male,Married,Professional,412516.0,Government,0.6,MNC,Own,0.0,3,2,0.0,24300.0,7900.0,10300.0,3000.0,No,0.0,751.0,193300.0,113100.0,Home Appliances EMI,106000.0,30,High_Risk,4320.0
48.0,Female,Married,Post Graduate,45900.0,Self-employed,14.6,MNC,Family,0.0,3,2,5200.0,0.0,3300.0,13700.0,7700.0,No,0.0,720.0,208300.0,73800.0,Vehicle EMI,1044000.0,73,Not_Eligible,7200.0
38.0,Male,Single,Professional,66700.0,Government,1.5,Startup,Own,0.0,1,0,0.0,0.0,5000.0,14700.0,6400.0,No,0.0,788.0,406100.0,94900.0,Education EMI,497000.0,21,Not_Eligible,26796.0
38.0,Male,Married,Post Graduate,51900.0,Private,10.5,Large Indian,Family,0.0,2,1,7400.0,9300.0,5500.0,10600.0,5100.0,Yes,14100.0,729.0,75600.0,37000.0,Education EMI,484000.0,30,Not_Eligible,500.0
48.0,Male,Married,Graduate,31700.0,Private,14.7,Mid-size,Rented,6900.0,3,2,2100.0,0.0,3300.0,6600.0,5300.0,No,0.0,779.0,114200.0,27900.0,Personal Loan EMI,605000.0,30,Not_Eligible,4500.0
38.0,Male,Married,Graduate,31100.0,Private,0.7,Mid-size,Own,0.0,4,3,12100.0,0.0,3400.0,5000.0,5300.0,No,0.0,676.0,188300.0,63900.0,Home Appliances EMI,265000.0,18,Not_Eligible,2332.0
38.0,Male,Married,Graduate,36200.0,Government,2.9,MNC,Family,0.0,2,1,4600.0,0.0,3700.0,6700.0,5300.0,No,0.0,850.0,32300.0,16200.0,Education EMI,65000.0,35,Eligible,7632.0
38.0,Male,Married,Graduate,29300.0,Government,7.8,Large Indian,Rented,9100.0,4,3,10500.0,0.0,2000.0,4900.0,2100.0,No,0.0,747.0,107200.0,32700.0,Home Appliances EMI,184000.0,8,Not_Eligible,500.0
32.0,Male,Married,Graduate,54700.0,Government,2.7,Mid-size,Rented,15600.0,4,3,0.0,0.0,7100.0,14100.0,7800.0,No,0.0,688.0,151500.0,44600.0,Home Appliances EMI,68000.0,12,Not_Eligible,5050.0
58.0,Male,Married,Graduate,47800.0,Private,24.8,Startup,Rented,8400.0,5,4,13400.0,0.0,6600.0,14000.0,7300.0,No,0.0,718.0,56600.0,32300.0,E-commerce Shopping EMI,105000.0,16,Not_Eligible,500.0
38.0,Female,Single,Professional,129800.0,Private,2.0,Mid-size,Rented,41500.0,1,0,0.0,0.0,16100.0,27400.0,10600.0,No,0.0,793.0,893600.0,296400.0,Home Appliances EMI,165000.0,26,Eligible,22572.0
32.0,Female,Married,Graduate,56300.0,Government,1.3,Mid-size,Family,0.0,3,2,0.0,0.0,6900.0,14200.0,8100.0,Yes,12300.0,598.0,71100.0,15100.0,Personal Loan EMI,689000.0,28,Not_Eligible,3315.2
27.0,Male,Single,Post Graduate,42300.0,Government,5.0,Mid-size,Family,0.0,2,1,13900.0,0.0,6000.0,10300.0,5200.0,Yes,7400.0,736.0,151000.0,38600.0,Education EMI,51000.0,7,Not_Eligible,500.0
58.0,Male,Married,Graduate,75900.0,Private,36.0,Startup,Family,0.0,3,2,0.0,0.0,6400.0,17900.0,10300.0,No,0.0,797.0,335200.0,91000.0,Education EMI,306000.0,20,Eligible,24780.0
38.0,Female,Married,Post Graduate,103300.0,Government,1.2,Mid-size,Own,0.0,4,3,14200.0,11100.0,8300.0,30100.0,8000.0,No,0.0,772.0,279700.0,79700.0,E-commerce Shopping EMI,88000.0,23,Eligible,18960.0
48.0,Male,Married,High School,43000.0,Government,3.3,Large Indian,Family,0.0,3,2,0.0,9900.0,4000.0,8200.0,3200.0,No,0.0,711.0,311800.0,134300.0,Vehicle EMI,1335000.0,48,Not_Eligible,10708.5
48.0,Male,Married,Post Graduate,54200.0,Private,16.1,Mid-size,Family,0.0,4,3,0.0,0.0,5800.0,9300.0,3400.0,No,0.0,711.0,210700.0,83600.0,Vehicle EMI,997000.0,63,Not_Eligible,17850.0
48.0,Female,Married,High School,81900.0,Private,8.1,Startup,Own,0.0,3,2,0.0,0.0,8900.0,20200.0,13900.0,Yes,18300.0,562.0,546100.0,173700.0,Education EMI,237000.0,21,Not_Eligible,6344.8
58.0,Female,Married,Graduate,75000.0,Private,4.7,MNC,Own,0.0,3,2,9300.0,0.0,5300.0,19000.0,10900.0,Yes,9600.0,679.0,401500.0,171400.0,Vehicle EMI,909000.0,59,Not_Eligible,7315.0
32.0,Female,Single,High School,21000.0,Self-employed,1.0,Large Indian,Rented,5100.0,3,2,3000.0,0.0,1500.0,5900.0,1600.0,No,0.0,585.0,116800.0,49300.0,Personal Loan EMI,340000.0,55,Not_Eligible,1404.0
58.0,Male,Married,High School,25700.0,Self-employed,2.3,MNC,Rented,6200.0,3,2,14100.0,9100.0,3100.0,4900.0,4900.0,No,0.0,609.0,137000.0,67200.0,Vehicle EMI,667000.0,77,Not_Eligible,500.0
38.0,Female,Married,Graduate,40700.0,Private,6.3,Large Indian,Rented,11900.0,5,4,14200.0,0.0,4200.0,10500.0,6000.0,Yes,7700.0,683.0,243500.0,88300.0,Education EMI,101000.0,9,Not_Eligible,500.0
37.0,Male,Married,Professional,114600.0,Government,1.1,Large Indian,Rented,31000.0,5,4,0.0,0.0,5800.0,32000.0,13500.0,No,0.0,763.0,215600.0,53200.0,Education EMI,122000.0,14,Eligible,14976.0
32.0,Female,Married,Post Graduate,66300.0,Private,8.0,Large Indian,Family,0.0,3,2,0.0,9700.0,8300.0,10300.0,9200.0,No,0.0,636.0,265400.0,145600.0,E-commerce Shopping EMI,126000.0,19,Eligible,11520.0
38.0,Male,Married,Post Graduate,379907.0,Private,1.1,Large Indian,Own,0.0,3,2,11900.0,12300.0,2100.0,5700.0,3000.0,Yes,4200.0,648.0,30300.0,12900.0,E-commerce Shopping EMI,24000.0,3,Not_Eligible,500.0
58.0,Male,Married,Post Graduate,49800.0,Private,5.6,Startup,Rented,16500.0,3,2,9600.0,0.0,7000.0,9300.0,7900.0,Yes,11400.0,625.0,100600.0,50500.0,Personal Loan EMI,299000.0,34,Not_Eligible,500.0
48.0,Male,Married,High School,28200.0,Private,0.6,Large Indian,Rented,8200.0,4,3,3000.0,15200.0,2300.0,5600.0,1500.0,Yes,5400.0,611.0,59800.0,34600.0,Home Appliances EMI,101000.0,23,Not_Eligible,500.0
32.0,Female,Single,Post Graduate,89600.0,Private,4.7,MNC,Own,16016.0,1,0,0.0,0.0,8400.0,13900.0,6200.0,Yes,9200.0,670.0,571700.0,333200.0,E-commerce Shopping EMI,161000.0,10,High_Risk,19981.5
27.0,Male,Single,Post Graduate,40100.0,Self-employed,3.7,Mid-size,Own,,2,1,0.0,0.0,2400.0,10100.0,3300.0,No,0.0,737.0,224700.0,87800.0,Vehicle EMI,1322000.0,26,Not_Eligible,10935.0
48.0,Male,Married,High School,34000.0,Government,26.0,Mid-size,Own,0.0,5,4,0.0,0.0,3000.0,5400.0,6400.0,No,0.0,729.0,174500.0,39900.0,Education EMI,164000.0,41,Eligible,10560.0
48.0,Male,Married,Graduate,53800.0,Self-employed,0.5,Mid-size,Rented,9200.0,3,2,5500.0,0.0,6900.0,16000.0,7000.0,Yes,9500.0,674.0,124100.0,43700.0,Vehicle EMI,1464000.0,58,Not_Eligible,500.0
38.0,Female,Married,Post Graduate,57800.0,Self-employed,0.5,Mid-size,Own,0.0,4,3,7600.0,0.0,7400.0,12100.0,11000.0,Yes,12600.0,651.0,266500.0,143800.0,Personal Loan EMI,942000.0,34,Not_Eligible,2236.5
48.0,Male,Married,Post Graduate,26000.0,Government,19.3,Large Indian,Rented,4700.0,4,3,0.0,14400.0,2700.0,6500.0,4000.0,Yes,5000.0,692.0,99500.0,33100.0,Vehicle EMI,760000.0,23,Not_Eligible,500.0
38.0,Male,Married,Post Graduate,21000.0,Private,6.2,Large Indian,Own,0.0,3,2,0.0,0.0,1500.0,5700.0,1300.0,No,0.0,680.0,123800.0,48500.0,Education EMI,343000.0,14,Not_Eligible,6250.0
27.0,Male,Married,,63200.0,Government,0.8,MNC,Own,0.0,2,1,0.0,0.0,7600.0,12300.0,8000.0,No,0.0,732.0,438800.0,195700.0,E-commerce Shopping EMI,103000.0,20,Eligible,19415.0
32.0,Female,Married,Graduate,29100.0,Self-employed,0.8,Startup,Own,0.0,3,2,0.0,12500.0,2900.0,8700.0,3500.0,Yes,4400.0,645.0,38100.0,10000.0,Personal Loan EMI,578000.0,27,Not_Eligible,500.0
48.0,Male,Married,High School,36400.0,Private,3.4,Small,Rented,9400.0,2,1,13500.0,0.0,3000.0,6800.0,7100.0,Yes,7300.0,632.0,125500.0,45900.0,E-commerce Shopping EMI,153000.0,8,Not_Eligible,500.0
27.0,Male,Single,Graduate,38700.0,Private,1.2,Mid-size,Rented,7600.0,3,2,6600.0,22100.0,4300.0,11100.0,4500.0,No,0.0,699.0,207800.0,46400.0,Vehicle EMI,1125000.0,58,Not_Eligible,500.0
27.0,Male,Married,Graduate,36000.0,Private,1.5,Mid-size,Own,0.0,2,1,11800.0,19000.0,5300.0,9700.0,6200.0,No,0.0,710.0,183800.0,63700.0,Education EMI,206000.0,9,Not_Eligible,500.0
38.0,Male,Married,High School,22600.0,Private,2.7,Large Indian,Own,0.0,3,2,0.0,0.0,1500.0,6000.0,3900.0,Yes,4400.0,624.0,58300.0,28800.0,Home Appliances EMI,202000.0,14,Not_Eligible,1904.0
27.0,Male,Single,High School,37300.0,Private,0.7,Large Indian,Own,0.0,3,2,7000.0,0.0,2500.0,7500.0,5100.0,No,0.0,703.0,198200.0,58100.0,Home Appliances EMI,138000.0,12,Not_Eligible,6080.0
38.0,Female,Married,Graduate,85300.0,Government,7.8,MNC,Rented,28900.0,5,4,0.0,0.0,12400.0,19400.0,10600.0,Yes,23000.0,659.0,92400.0,47600.0,Vehicle EMI,172000.0,79,Not_Eligible,500.0
48.0,Female,Married,Post Graduate,108800.0,Private,13.9,Large Indian,Rented,20300.0,3,2,0.0,0.0,13200.0,29800.0,16800.0,No,0.0,716.0,191500.0,62600.0,Vehicle EMI,1402000.0,34,Not_Eligible,11480.0
58.0,Female,Married,Graduate,21700.0,Private,1.7,Large Indian,Family,0.0,3,2,0.0,0.0,2500.0,4700.0,2300.0,Yes,6500.0,618.0,53600.0,25000.0,Education EMI,238000.0,47,Not_Eligible,1596.0
27.0,Male,Single,Graduate,78100.0,Private,4.7,MNC,Family,0.0,1,0,0.0,0.0,4600.0,21600.0,6400.0,Yes,9800.0,682.0,499100.0,137000.0,Vehicle EMI,187000.0,60,Eligible,13744.5
58.0,Male,Married,Post Graduate,46600.0,Private,0.6,Large Indian,Rented,15800.0,5,4,4100.0,0.0,2600.0,9600.0,6900.0,No,0.0,678.0,311000.0,138300.0,E-commerce Shopping EMI,42000.0,13,Not_Eligible,3344.0
32.0,Female,Single,Graduate,49600.0,Private,8.7,Mid-size,Rented,16500.0,2,1,9500.0,15700.0,2800.0,14200.0,3400.0,Yes,11200.0,652.0,161800.0,52000.0,E-commerce Shopping EMI,95000.0,4,Not_Eligible,500.0
27.0,Male,Married,Post Graduate,52800.0,Private,0.7,Mid-size,Family,0.0,3,2,13400.0,5500.0,6700.0,13500.0,10500.0,Yes,15600.0,697.0,145500.0,66400.0,E-commerce Shopping EMI,111000.0,6,Not_Eligible,500.0
58.0,Male,Married,Post Graduate,83300.0,Self-employed,23.0,Large Indian,Rented,15000.0,4,3,0.0,0.0,7400.0,18800.0,6200.0,No,0.0,850.0,434100.0,229100.0,Vehicle EMI,1210000.0,82,Not_Eligible,19386.0
48.0,Male,Married,Graduate,57400.0,Self-employed,7.7,Large Indian,Own,0.0,3,2,0.0,0.0,6100.0,10900.0,6500.0,Yes,7700.0,652.0,411600.0,204200.0,Education EMI,318000.0,11,Not_Eligible,9078.3
38.0,Female,Married,Post Graduate,66400.0,Private,5.7,Large Indian,Family,0.0,5,4,0.0,0.0,8700.0,13700.0,11500.0,No,0.0,785.0,56700.0,32800.0,Education EMI,344000.0,32,High_Risk,15600.0
38.0,Female,Married,Post Graduate,82100.0,Private,0.7,Large Indian,Own,0.0,5,4,0.0,0.0,10500.0,17800.0,4400.0,No,0.0,623.0,51100.0,26500.0,Personal Loan EMI,375000.0,31,Not_Eligible,12646.4
32.0,Male,Married,Graduate,17600.0,Private,3.5,MNC,Rented,5100.0,2,1,12500.0,7900.0,2300.0,4400.0,2200.0,Yes,4500.0,765.0,127900.0,69500.0,Home Appliances EMI,238000.0,17,Not_Eligible,500.0
58.0,Male,Married,Graduate,30300.0,Private,11.7,Large Indian,Family,0.0,2,1,14200.0,0.0,2100.0,7800.0,5200.0,Yes,3200.0,735.0,225700.0,53200.0,E-commerce Shopping EMI,58000.0,7,Not_Eligible,500.0
48.0,Female,Married,Post Graduate,90400.0,Government,0.5,Startup,Own,0.0,3,2,8300.0,0.0,9900.0,23800.0,7600.0,Yes,22300.0,802.0,241500.0,81000.0,Home Appliances EMI,78000.0,12,High_Risk,7770.0
48.0,Male,Married,Post Graduate,61200.0,Self-employed,5.1,MNC,Own,0.0,3,2,9700.0,0.0,7500.0,10000.0,6800.0,No,0.0,747.0,384200.0,95800.0,Personal Loan EMI,726000.0,28,Not_Eligible,13464.0
27.0,Male,Married,Graduate,40000.0,Private,2.0,MNC,Family,0.0,4,3,0.0,0.0,4600.0,10800.0,2100.0,No,0.0,0.0,71300.0,28500.0,Education EMI,325000.0,42,Not_Eligible,7200.0
27.0,Female,Single,,75100.0,Private,0.8,Startup,Own,0.0,3,2,12400.0,0.0,4700.0,16000.0,8800.0,No,0.0,713.0,398700.0,197100.0,Personal Loan EMI,490000.0,51,Not_Eligible,13280.0
48.0,Male,Married,Professional,27000.0,Private,13.0,Large Indian,Rented,6100.0,5,4,13200.0,8800.0,1800.0,6900.0,2700.0,Yes,5600.0,668.0,128000.0,32500.0,E-commerce Shopping EMI,68000.0,21,Not_Eligible,500.0
48.0,Female,Married,Graduate,22100.0,Private,9.1,Mid-size,Own,0.0,5,4,0.0,0.0,3100.0,4800.0,2000.0,Yes,5300.0,564.0,74100.0,40400.0,Personal Loan EMI,275000.0,33,Not_Eligible,1932.0
27.0,Female,Single,Graduate,56700.0,Private,1.5,Large Indian,Rented,11800.0,1,0,0.0,0.0,7400.0,15500.0,7600.0,No,0.0,713.0,412600.0,156400.0,Personal Loan EMI,399000.0,41,Not_Eligible,7920.0
38.0,Male,Married,High School,35400.0,Government,8.8,MNC,Own,0.0,3,2,10200.0,0.0,1800.0,8700.0,6400.0,No,0.0,746.0,280500.0,64300.0,Home Appliances EMI,257000.0,12,Not_Eligible,5021.5
38.0,Male,Married,Graduate,21800.0,Private,4.7,Mid-size,Rented,4700.0,5,4,0.0,0.0,2600.0,5500.0,3600.0,No,0.0,726.0,74500.0,35700.0,Education EMI,175000.0,34,Not_Eligible,2700.0
48.0,Male,Married,Graduate,78900.0,Private,6.9,Large Indian,Rented,19600.0,4,3,5000.0,0.0,5200.0,12800.0,13700.0,No,0.0,835.0,421900.0,173500.0,Personal Loan EMI,634000.0,33,Not_Eligible,13560.0
48.0,Female,Married,High School,33600.0,Private,1.0,Mid-size,Own,0.0,4,3,0.0,0.0,3100.0,6000.0,2900.0,Yes,8500.0,631.0,70800.0,15900.0,Education EMI,149000.0,42,Not_Eligible,3668.0
38.0,Female,Married,Graduate,67500.0,Government,1.3,Mid-size,Family,0.0,3,2,0.0,0.0,8300.0,17400.0,10300.0,No,0.0,733.0,245600.0,94100.0,Personal Loan EMI,983000.0,15,Not_Eligible,15750.0
32.0,Female,Single,Graduate,45700.0,Private,1.6,Large Indian,Rented,10700.0,3,2,11400.0,0.0,3100.0,8900.0,8000.0,No,0.0,636.0,119200.0,25400.0,Education EMI,103000.0,46,Not_Eligible,1440.0
48.0,Female,Married,Post Graduate,107500.0,Private,26.0,Startup,Rented,28900.0,3,2,4200.0,0.0,12700.0,23900.0,15500.0,No,0.0,728.0,554500.0,160800.0,Personal Loan EMI,885000.0,13,Not_Eligible,11150.0
38.0,Male,Married,Professional,39900.0,Private,8.0,MNC,Rented,11800.0,4,3,13400.0,0.0,2100.0,6500.0,7000.0,Yes,11400.0,686.0,181900.0,46800.0,Education EMI,297000.0,30,Not_Eligible,500.0
27.0,Female,Single,Professional,50800.0,Private,2.2,Mid-size,Rented,8300.0,3,2,5800.0,14400.0,4900.0,12500.0,3200.0,No,0.0,763.0,55000.0,27400.0,E-commerce Shopping EMI,142000.0,13,Not_Eligible,816.0
32.0,Female,Married,High School,26400.0,Private,1.2,Startup,Rented,8300.0,4,3,9700.0,0.0,3600.0,5800.0,2400.0,No,0.0,715.0,189600.0,84100.0,Personal Loan EMI,862000.0,38,Not_Eligible,500.0
27.0,Female,Married,Graduate,73300.0,Government,3.0,Large Indian,Rented,17100.0,3,2,8300.0,0.0,9200.0,18000.0,8200.0,No,0.0,724.0,540500.0,194700.0,Education EMI,301000.0,27,Not_Eligible,7562.5
38.0,Female,Married,Professional,105900.0,Private,1.4,Mid-size,Rented,30700.0,3,2,0.0,0.0,13600.0,29200.0,13100.0,No,0.0,745.0,,242700.0,Personal Loan EMI,701000.0,17,Not_Eligible,10615.0
32.0,Male,Single,Graduate,62000.0,Private,1.5,Large Indian,Family,0.0,1,0,0.0,0.0,5000.0,14100.0,7200.0,Yes,15500.0,760.0,75600.0,22200.0,E-commerce Shopping EMI,157000.0,4,Not_Eligible,6787.2
32.0,Male,Married,Graduate,27300.0,Self-employed,0.9,MNC,Own,22025.0,3,2,0.0,0.0,3500.0,6600.0,4700.0,Yes,7500.0,676.0,29200.0,10400.0,Vehicle EMI,128000.0,69,Not_Eligible,1260.0
27.0,Female,Married,Graduate,29300.0,Private,2.0,Startup,Own,0.0,2,1,5300.0,0.0,1700.0,4900.0,5000.0,No,0.0,586.0,208200.0,77400.0,Vehicle EMI,1371000.0,25,Not_Eligible,5456.0
48.0,Male,Married,Post Graduate,123400.0,Private,14.0,Small,Family,0.0,2,1,4100.0,0.0,18200.0,27000.0,8600.0,No,0.0,816.0,510200.0,188300.0,Education EMI,81000.0,28,Eligible,39300.0
38.0,Female,Married,High School,41100.0,Self-employed,1.0,Mid-size,Own,0.0,4,3,0.0,20200.0,4300.0,11100.0,5800.0,No,0.0,561.0,85400.0,20200.0,Vehicle EMI,644000.0,19,Not_Eligible,500.0
48.0,Male,Married,High School,47700.0,Private,3.5,MNC,Rented,14200.0,5,4,0.0,16700.0,4000.0,9800.0,6200.0,Yes,14000.0,649.0,235300.0,76100.0,E-commerce Shopping EMI,67000.0,8,Not_Eligible,500.0
32.0,Male,Single,Post Graduate,81800.0,Private,5.5,Large Indian,Own,0.0,1,0,0.0,0.0,9800.0,22000.0,4900.0,No,0.0,790.0,270700.0,154000.0,E-commerce Shopping EMI,181000.0,13,Eligible,27060.0
27.0,Male,Single,Graduate,18000.0,Private,5.0,Large Indian,Own,0.0,3,2,12800.0,16400.0,1000.0,5300.0,2500.0,No,0.0,665.0,35800.0,9100.0,Education EMI,276000.0,16,Not_Eligible,500.0
27.0,Female,Married,Professional,90400.0,Private,0.5,Mid-size,Family,0.0,2,1,0.0,0.0,8500.0,24600.0,6100.0,No,0.0,769.0,101700.0,21100.0,Home Appliances EMI,178000.0,6,Not_Eligible,19660.8
38.0,Female,Married,Graduate,41900.0,Private,0.5,Small,Family,0.0,2,1,12800.0,0.0,5600.0,9700.0,4400.0,No,0.0,731.0,120200.0,58800.0,Home Appliances EMI,245000.0,25,Not_Eligible,3760.0
32.0,Male,Married,Graduate,40500.0,Government,7.9,Startup,Rented,13600.0,4,3,12500.0,0.0,2500.0,9300.0,6700.0,Yes,11500.0,742.0,240900.0,79000.0,Personal Loan EMI,747000.0,35,Not_Eligible,500.0
32.0,Male,Married,Graduate,117400.0,Government,0.6,Large Indian,Own,0.0,2,1,10300.0,0.0,16700.0,28300.0,11400.0,Yes,30700.0,765.0,130800.0,38200.0,Home Appliances EMI,259000.0,9,Not_Eligible,6720.0
38.0,Female,Married,Professional,120300.0,Government,0.5,Mid-size,Family,0.0,3,2,2900.0,0.0,10300.0,27500.0,15900.0,No,0.0,761.0,828500.0,239900.0,Education EMI,147000.0,42,Eligible,42042.0
32.0,Male,Married,Graduate,57800.0,Government,7.7,Large Indian,Family,0.0,4,3,0.0,0.0,7900.0,9800.0,5000.0,No,0.0,830.0,172200.0,83800.0,Personal Loan EMI,250000.0,38,Eligible,23166.0
27.0,Female,Single,Graduate,81600.0,Self-employed,3.7,MNC,Own,0.0,2,1,0.0,0.0,11400.0,21000.0,6500.0,No,0.0,661.0,481900.0,226400.0,Education EMI,159000.0,25,Eligible,19215.0
32.0,Female,Single,High School,51000.0,Private,7.6,MNC,Rented,11800.0,3,2,0.0,0.0,7000.0,10300.0,10000.0,No,0.0,789.0,347800.0,177600.0,Personal Loan EMI,742000.0,26,Not_Eligible,7854.0
48.0,Male,Married,High School,20000.0,Private,13.8,Mid-size,Family,0.0,5,4,13100.0,0.0,1200.0,5700.0,2800.0,No,0.0,812.0,77000.0,33900.0,Personal Loan EMI,674000.0,15,Not_Eligible,500.0
58.0,Male,Married,Post Graduate,51700.0,Private,27.8,MNC,Family,0.0,5,4,4900.0,6300.0,6200.0,12600.0,6000.0,No,0.0,759.0,310900.0,104500.0,E-commerce Shopping EMI,166000.0,15,Not_Eligible,10362.0
32.0,Male,Married,Post Graduate,101600.0,Private,4.2,Large Indian,Rented,23700.0,2,1,0.0,0.0,15100.0,17200.0,5200.0,Yes,10800.0,617.0,808800.0,200000.0,Education EMI,473000.0,37,Not_Eligible,9116.8
32.0,Female,Married,Post Graduate,60800.0,Self-employed,2.6,Startup,Rented,11100.0,3,2,0.0,0.0,8000.0,10600.0,5100.0,Yes,7400.0,686.0,120400.0,40800.0,Personal Loan EMI,868000.0,31,Not_Eligible,4687.2
38.0,Male,Married,Professional,71634.0,Self-employed,5.8,Large Indian,Family,0.0,2,1,0.0,0.0,7100.0,20400.0,6300.0,No,0.0,729.0,98300.0,44800.0,E-commerce Shopping EMI,140000.0,19,Eligible,12960.0
48.0,Female,Married,Professional,62200.0,Private,0.5,MNC,Own,0.0,3,2,0.0,11100.0,8800.0,14100.0,9100.0,No,0.0,762.0,96800.0,39600.0,E-commerce Shopping EMI,74000.0,19,Eligible,7334.4
48.0,Male,Married,High School,46900.0,Private,0.5,Large Indian,Rented,9200.0,4,3,0.0,0.0,6900.0,13900.0,8200.0,No,0.0,688.0,153300.0,60500.0,Education EMI,150000.0,6,Not_Eligible,3480.0
32.0,Female,Single,Professional,80600.0,Private,0.5,Small,Rented,18400.0,2,1,12500.0,0.0,6500.0,14200.0,14900.0,No,0.0,620.0,391100.0,96700.0,Vehicle EMI,152000.0,72,Eligible,4512.0
27.0,Female,Single,High School,36700.0,Private,3.2,Large Indian,Family,0.0,2,1,14500.0,19700.0,5100.0,9200.0,3100.0,Yes,9800.0,683.0,156700.0,51900.0,Home Appliances EMI,29000.0,14,Not_Eligible,500.0
48.0,Male,Single,Graduate,42000.0,Self-employed,8.8,Large Indian,Own,0.0,1,0,0.0,0.0,4800.0,11900.0,4400.0,Yes,7400.0,781.0,114800.0,53100.0,Vehicle EMI,594000.0,71,Not_Eligible,5103.0
32.0,Male,Married,Graduate,35500.0,Government,1.1,Mid-size,Family,0.0,2,1,7200.0,20800.0,5100.0,7000.0,4700.0,No,0.0,801.0,227000.0,102100.0,Vehicle EMI,801000.0,75,Not_Eligible,500.0
27.0,Female,Single,Professional,78000.0,Government,3.8,Large Indian,Family,0.0,1,0,0.0,0.0,7800.0,22700.0,8900.0,No,0.0,695.0,46600.0,21300.0,Vehicle EMI,94000.0,35,Eligible,16984.0
32.0,Male,Married,Post Graduate,84500.0,Private,0.5,Large Indian,Own,0.0,2,1,2300.0,0.0,11000.0,22000.0,4900.0,No,0.0,691.0,421000.0,226400.0,Vehicle EMI,942000.0,14,Not_Eligible,17720.0
27.0,Female,Single,Post Graduate,49800.0,Private,1.3,Startup,Rented,12600.0,3,2,2000.0,0.0,2900.0,9800.0,5100.0,Yes,6400.0,702.0,186800.0,50900.0,Vehicle EMI,1177000.0,29,Not_Eligible,3850.0
32.0,Female,Married,High School,33900.0,Private,0.5,MNC,Rented,11400.0,4,3,0.0,0.0,2200.0,7600.0,2500.0,No,0.0,650.0,35600.0,14800.0,E-commerce Shopping EMI,159000.0,16,Not_Eligible,3264.0
38.0,Male,Married,Graduate,42500.0,Private,3.4,Small,Own,0.0,4,3,0.0,0.0,3300.0,12400.0,7900.0,No,0.0,666.0,131700.0,54200.0,E-commerce Shopping EMI,140000.0,23,Eligible,9450.0
38.0,Female,Married,Professional,104000.0,Private,5.0,MNC,Rented,16300.0,5,4,0.0,0.0,6100.0,16600.0,6400.0,No,0.0,625.0,205300.0,116200.0,Education EMI,98000.0,9,Eligible,18752.0
48.0,Female,Married,High School,43800.0,Private,1.9,Large Indian,Own,0.0,3,2,14700.0,16700.0,4800.0,10700.0,2800.0,No,0.0,678.0,88600.0,36300.0,Education EMI,208000.0,29,Not_Eligible,500.0
38.0,Female,Married,High School,51900.0,Private,1.1,Large Indian,Own,0.0,4,3,0.0,14700.0,6600.0,12800.0,5300.0,No,0.0,1200.0,94700.0,39400.0,E-commerce Shopping EMI,50000.0,19,Eligible,4000.0
27.0,Female,Single,Graduate,76900.0,Private,1.3,Startup,Own,0.0,3,2,6000.0,0.0,8300.0,13000.0,10800.0,No,0.0,753.0,535200.0,283400.0,Personal Loan EMI,93000.0,53,Eligible,25608.0
58.0,Male,Married,Post Graduate,23400.0,Private,1.6,Startup,Family,0.0,3,2,0.0,0.0,2200.0,3500.0,2700.0,Yes,6100.0,617.0,112800.0,39000.0,Vehicle EMI,447000.0,37,Not_Eligible,2492.0
32.0,Male,Single,Professional,90900.0,Government,6.1,Mid-size,Rented,28000.0,3,2,0.0,0.0,4600.0,14600.0,8600.0,No,0.0,828.0,,77200.0,Home Appliances EMI,61000.0,13,Eligible,23166.0
32.0,Male,Married,Post Graduate,71400.0,Government,4.2,Large Indian,Rented,12400.0,3,2,4600.0,0.0,7200.0,21200.0,6400.0,No,0.0,850.0,237400.0,76100.0,Education EMI,436000.0,37,Not_Eligible,12936.0
32.0,Female,Married,Graduate,15000.0,Private,0.5,Large Indian,Own,0.0,3,2,0.0,9000.0,2100.0,2400.0,1000.0,Yes,3300.0,743.0,26300.0,11800.0,E-commerce Shopping EMI,17000.0,9,Not_Eligible,500.0
32.0,Male,Single,Post Graduate,38800.0,Government,2.9,Large Indian,Own,0.0,2,1,0.0,0.0,3700.0,5800.0,6500.0,Yes,9200.0,766.0,243900.0,74100.0,Education EMI,190000.0,15,Not_Eligible,6283.2
38.0,Male,Married,Post Graduate,49400.0,Private,5.1,Large Indian,Rented,15700.0,4,3,7500.0,0.0,4300.0,8600.0,3400.0,No,0.0,749.0,37000.0,9000.0,Education EMI,266000.0,37,Not_Eligible,3960.0
32.0,Male,Single,Graduate,58000.0,Government,0.8,MNC,Own,0.0,2,1,4900.0,0.0,3500.0,16300.0,8100.0,Yes,15200.0,676.0,47800.0,15500.0,Education EMI,262000.0,39,Not_Eligible,2800.0
58.0,Female,Married,Graduate,65000.0,Private,26.7,Mid-size,Family,0.0,3,2,13200.0,14100.0,5700.0,10600.0,9300.0,No,0.0,781.0,386500.0,126200.0,Home Appliances EMI,209000.0,15,Not_Eligible,7260.0
32.0,Male,Married,Graduate,32900.0,Government,9.3,Mid-size,Rented,5100.0,5,4,0.0,14300.0,2100.0,7100.0,3100.0,No,0.0,764.0,254800.0,63600.0,E-commerce Shopping EMI,97000.0,15,Not_Eligible,871.2
32.0,Male,Married,Graduate,59400.0,Private,0.9,MNC,Own,0.0,4,3,0.0,0.0,8400.0,9100.0,11500.0,No,0.0,623.0,412400.0,245600.0,Personal Loan EMI,442000.0,23,Not_Eligible,10700.8
58.0,Female,Married,High School,39200.0,Self-employed,36.0,Large Indian,Family,0.0,4,3,0.0,0.0,2000.0,8200.0,4500.0,No,0.0,675.0,110200.0,24700.0,Home Appliances EMI,288000.0,26,Not_Eligible,11025.0
32.0,Female,Married,High School,57200.0,Private,10.0,Mid-size,Own,0.0,3,2,2600.0,0.0,6700.0,16700.0,8100.0,Yes,13600.0,691.0,153900.0,40100.0,Personal Loan EMI,269000.0,12,Not_Eligible,3325.0
48.0,Male,Married,Graduate,100600.0,Private,21.2,MNC,Family,0.0,5,4,14400.0,0.0,9300.0,16400.0,19200.0,No,0.0,797.0,368800.0,104300.0,Home Appliances EMI,296000.0,15,High_Risk,24780.0
38.0,Male,Married,High School,21000.0,Government,3.9,Mid-size,Own,0.0,3,2,0.0,0.0,1700.0,5400.0,4100.0,No,0.0,783.0,11200.0,4100.0,Education EMI,239000.0,30,Not_Eligible,5174.4
48.0,Male,Married,High School,28600.0,Government,12.0,Startup,Family,0.0,4,3,10600.0,0.0,4200.0,8500.0,5500.0,No,0.0,806.0,105100.0,33900.0,Education EMI,101000.0,33,Not_Eligible,500.0
38.0,Male,Married,Post Graduate,116900.0,Government,2.3,MNC,Rented,21700.0,3,2,3200.0,13800.0,7300.0,25700.0,17100.0,No,0.0,752.0,683700.0,394900.0,Personal Loan EMI,774000.0,51,Not_Eligible,16860.0
58.0,Male,Married,Graduate,131900.0,Self-employed,36.0,Large Indian,Own,0.0,3,2,0.0,0.0,9200.0,35600.0,21800.0,No,0.0,784.0,971500.0,515500.0,Education EMI,201000.0,9,Eligible,38788.2
32.0,Male,Married,High School,107400.0,Private,0.5,MNC,Family,0.0,2,1,0.0,0.0,13800.0,16900.0,20300.0,No,0.0,674.0,516300.0,290500.0,Personal Loan EMI,384000.0,56,Eligible,22560.0
48.0,Male,Married,Graduate,50400.0,Self-employed,2.5,MNC,Family,0.0,3,2,12900.0,0.0,3900.0,9600.0,9200.0,No,0.0,621.0,60600.0,16300.0,Home Appliances EMI,290000.0,32,Not_Eligible,4262.4
38.0,Female,Married,High School,50100.0,Private,0.5,Large Indian,Own,0.0,4,3,3900.0,0.0,6700.0,9900.0,6700.0,Yes,7400.0,688.0,323800.0,77100.0,Vehicle EMI,478000.0,43,Not_Eligible,4774.0
58.0,Male,Married,High School,58400.0,Private,2.8,Small,Family,0.0,4,3,5900.0,0.0,3700.0,15200.0,6000.0,Yes,12800.0,650.0,203500.0,81400.0,Education EMI,60000.0,9,Not_Eligible,5180.0
48.0,Male,Married,Graduate,95800.0,Government,0.5,Small,Rented,27400.0,4,3,8900.0,0.0,7400.0,24000.0,16000.0,No,0.0,813.0,89700.0,26500.0,Vehicle EMI,620000.0,45,Not_Eligible,5808.0
27.0,Female,Single,Professional,133900.0,Private,5.0,Large Indian,Rented,28100.0,3,2,12500.0,0.0,9000.0,30600.0,16300.0,No,0.0,743.0,1054500.0,234300.0,Education EMI,381000.0,16,Not_Eligible,20570.0
32.0,Male,Single,Post Graduate,112000.0,Private,0.5,Mid-size,Family,0.0,3,2,0.0,0.0,11100.0,22300.0,15600.0,No,0.0,727.0,329700.0,126500.0,Home Appliances EMI,72000.0,24,Eligible,25200.0
32.0,Female,Married,High School,31400.0,Private,2.6,Startup,Rented,,4,3,12300.0,0.0,4600.0,5000.0,5100.0,No,0.0,682.0,222700.0,78000.0,Education EMI,308000.0,8,Not_Eligible,500.0
58.0,Male,Married,Professional,77700.0,Government,11.1,Large Indian,Family,0.0,4,3,6600.0,0.0,7800.0,17000.0,4800.0,Yes,19700.0,731.0,75400.0,31800.0,Education EMI,310000.0,23,Not_Eligible,6714.4
32.0,Female,Married,Graduate,55000.0,Government,6.5,Mid-size,Own,0.0,3,2,8400.0,0.0,4900.0,10100.0,7400.0,Yes,7300.0,568.0,431800.0,102600.0,Education EMI,410000.0,18,Not_Eligible,5725.72
48.0,Male,Married,Graduate,50200.0,Government,18.8,Large Indian,Rented,13100.0,3,2,6600.0,0.0,3500.0,10900.0,4000.0,Yes,8600.0,671.0,380600.0,137200.0,Home Appliances EMI,84000.0,16,Not_Eligible,1482.25
38.0,Female,Married,Graduate,31700.0,Private,3.8,Mid-size,Family,0.0,3,2,0.0,0.0,3300.0,6400.0,2800.0,Yes,8300.0,639.0,163300.0,64500.0,Vehicle EMI,780000.0,23,Not_Eligible,3052.0
32.0,Male,Married,Professional,81100.0,Private,4.3,Startup,Family,12752.0,3,2,0.0,0.0,10000.0,22100.0,10400.0,Yes,20200.0,643.0,490400.0,106600.0,Home Appliances EMI,296000.0,25,Not_Eligible,5667.2
32.0,Male,Married,High School,26400.0,Self-employed,0.5,MNC,Own,0.0,4,3,0.0,0.0,1900.0,5100.0,3100.0,Yes,3000.0,624.0,18400.0,3900.0,Education EMI,293000.0,34,Not_Eligible,2681.28
27.0,Female,Married,High School,48900.0,Self-employed,0.8,Mid-size,Rented,15600.0,4,3,0.0,0.0,4100.0,13300.0,5500.0,No,0.0,657.0,42800.0,25100.0,Personal Loan EMI,952000.0,37,Not_Eligible,3744.0
32.0,Male,Married,Graduate,59500.0,Government,2.1,Large Indian,Rented,13700.0,2,1,0.0,16300.0,7000.0,15300.0,8100.0,Yes,7000.0,657.0,279100.0,96600.0,Home Appliances EMI,261000.0,15,Not_Eligible,500.0
38.0,Female,Married,Professional,135400.0,Private,5.9,Startup,Family,0.0,5,4,13900.0,0.0,19900.0,34500.0,23200.0,Yes,21300.0,765.0,796600.0,310600.0,E-commerce Shopping EMI,69000.0,7,Not_Eligible,9492.0
27.0,Female,Single,High School,70700.0,Private,1.6,MNC,Own,0.0,2,1,6700.0,16900.0,3700.0,18900.0,11100.0,Yes,11100.0,622.0,488500.0,128500.0,Personal Loan EMI,898000.0,35,Not_Eligible,708.4
27.0,Female,Single,Graduate,18000.0,Government,0.6,MNC,Family,0.0,1,0,0.0,0.0,2000.0,4800.0,1700.0,No,0.0,815.0,104500.0,35000.0,Vehicle EMI,1092000.0,42,Not_Eligible,5700.0
27.0,Male,Single,,56600.0,Private,1.8,MNC,Rented,15800.0,2,1,6000.0,22400.0,5200.0,12900.0,3900.0,No,0.0,647.0,123600.0,48700.0,Personal Loan EMI,758000.0,43,Not_Eligible,500.0
31.0,Female,Single,Graduate,116090.0,Self-employed,4.2,MNC,Family,0.0,2,1,0.0,0.0,8300.0,28300.0,7900.0,No,0.0,717.0,356000.0,181100.0,E-commerce Shopping EMI,125000.0,3,Not_Eligible,31950.0
32.0,Female,Married,Professional,60800.0,Private,2.0,Large Indian,Rented,10700.0,3,2,10300.0,0.0,7500.0,13700.0,3200.0,Yes,6300.0,751.0,405000.0,215200.0,Home Appliances EMI,113000.0,26,Not_Eligible,4204.2
48.0,Male,Married,,27600.0,Private,1.8,Mid-size,Family,0.0,2,1,0.0,14100.0,4100.0,4700.0,4500.0,No,0.0,620.0,125800.0,46400.0,Vehicle EMI,310000.0,67,Not_Eligible,500.0
32.0,Male,Married,High School,61500.0,Private,6.8,Large Indian,Own,21379.0,2,1,5400.0,0.0,8800.0,15800.0,3300.0,Yes,7200.0,708.0,56600.0,32300.0,Personal Loan EMI,112000.0,13,Not_Eligible,5880.0
48.0,Female,Married,Professional,150600.0,Private,26.0,Startup,Rented,38800.0,5,4,0.0,0.0,18100.0,37400.0,16900.0,No,0.0,725.0,729100.0,328800.0,Personal Loan EMI,527000.0,53,Eligible,19700.0
32.0,Male,Married,Post Graduate,48500.0,Private,10.0,Mid-size,Rented,10800.0,3,2,9600.0,0.0,6900.0,7400.0,8800.0,No,0.0,793.0,186700.0,56000.0,Education EMI,481000.0,16,Not_Eligible,3000.0
32.0,Male,Married,Graduate,58300.0,Private,3.1,Mid-size,Own,0.0,3,2,0.0,0.0,4800.0,12900.0,10900.0,Yes,12800.0,617.0,246500.0,78800.0,Home Appliances EMI,133000.0,20,Not_Eligible,4732.0
58.0,Male,Married,Graduate,91300.0,Government,1.3,Large Indian,Rented,18100.0,3,2,4000.0,0.0,10800.0,24300.0,16600.0,Yes,26400.0,640.0,703600.0,329700.0,Personal Loan EMI,918000.0,20,Not_Eligible,500.0
48.0,Male,Married,Professional,414449.0,Private,14.4,Large Indian,Family,0.0,5,4,9000.0,18800.0,8900.0,26300.0,9700.0,No,0.0,842.0,735500.0,285600.0,Home Appliances EMI,232000.0,19,Eligible,42660.0
38.0,Male,Married,Graduate,43800.0,Private,4.4,Mid-size,Own,0.0,3,2,5300.0,0.0,2300.0,8000.0,7700.0,Yes,5000.0,581.0,27400.0,14800.0,Vehicle EMI,105000.0,50,Eligible,3472.0
27.0,Female,Single,Post Graduate,74400.0,Self-employed,5.0,MNC,Own,0.0,1,0,0.0,0.0,9500.0,21100.0,13100.0,No,0.0,689.0,52300.0,28500.0,Vehicle EMI,984000.0,52,Not_Eligible,11052.0
32.0,Female,Single,Graduate,37500.0,Private,10.0,Startup,Own,0.0,1,0,0.0,0.0,2900.0,9100.0,4600.0,No,0.0,642.0,237900.0,95200.0,Home Appliances EMI,89000.0,28,Eligible,9196.0
48.0,Female,Married,Graduate,15600.0,Private,25.7,Mid-size,Family,0.0,3,2,12300.0,0.0,1900.0,3900.0,1700.0,No,0.0,626.0,53200.0,20700.0,Education EMI,198000.0,18,Not_Eligible,500.0
38.0,Female,Single,Graduate,52000.0,Government,5.0,MNC,Rented,8400.0,1,0,0.0,0.0,5200.0,11500.0,6400.0,Yes,14700.0,692.0,88900.0,28500.0,Home Appliances EMI,54000.0,19,Not_Eligible,1786.4
58.0,Male,Married,Graduate,41600.0,Private,9.4,Large Indian,Own,0.0,4,3,0.0,22600.0,5200.0,7300.0,3300.0,No,0.0,782.0,72300.0,29500.0,Education EMI,391000.0,7,Not_Eligible,1536.0
58.0,Male,Married,Graduate,20000.0,Self-employed,0.5,Mid-size,Own,0.0,4,3,0.0,0.0,3000.0,3700.0,3900.0,No,0.0,619.0,127000.0,38900.0,Education EMI,404000.0,48,Not_Eligible,3722.4
38.0,Female,Single,Graduate,66900.0,Private,10.7,MNC,Own,0.0,2,1,0.0,0.0,5100.0,12000.0,3600.0,No,0.0,636.0,284700.0,63500.0,Vehicle EMI,272000.0,51,Eligible,18480.0
48.0,Male,Married,High School,48700.0,Government,2.4,MNC,Rented,9800.0,4,3,0.0,24400.0,4500.0,11000.0,5000.0,No,0.0,703.0,283700.0,100600.0,Education EMI,67000.0,23,Not_Eligible,500.0
48.0,Female,Married,Graduate,67500.0,Private,5.3,Mid-size,Rented,11100.0,3,2,9900.0,0.0,8700.0,19800.0,9900.0,No,0.0,710.0,138700.0,34200.0,Vehicle EMI,418000.0,72,Not_Eligible,4050.0
38.0,Female,Married,Graduate,55000.0,Private,2.8,Startup,Own,0.0,4,3,0.0,0.0,6600.0,14900.0,5600.0,No,0.0,743.0,116800.0,59700.0,E-commerce Shopping EMI,64000.0,23,Eligible,13950.0
27.0,Male,Single,Professional,106400.0,Government,3.5,MNC,Rented,19900.0,1,0,0.0,0.0,6500.0,29000.0,21100.0,Yes,14100.0,699.0,456300.0,148800.0,Education EMI,413000.0,13,Not_Eligible,6083.0
38.0,Male,Married,Professional,73000.0,Self-employed,0.6,Mid-size,Rented,20600.0,3,2,0.0,0.0,9500.0,21700.0,6500.0,No,0.0,751.0,109600.0,45100.0,Home Appliances EMI,66000.0,20,Eligible,6350.4
27.0,Female,Single,Post Graduate,32500.0,Government,1.8,Large Indian,Own,0.0,1,0,0.0,0.0,3400.0,5600.0,4800.0,No,0.0,815.0,87100.0,26000.0,E-commerce Shopping EMI,100000.0,15,Eligible,11220.0
38.0,Male,Married,Post Graduate,35500.0,Private,5.7,Small,Own,0.0,3,2,4200.0,0.0,4100.0,7800.0,5300.0,Yes,9000.0,599.0,166800.0,46300.0,Vehicle EMI,1258000.0,65,Not_Eligible,1428.0
38.0,Male,Married,Professional,85200.0,Private,6.5,MNC,Rented,16600.0,4,3,0.0,14300.0,6300.0,15200.0,16600.0,No,0.0,760.0,138900.0,38800.0,Personal Loan EMI,939000.0,22,Not_Eligible,7776.0
32.0,Male,Married,Post Graduate,53800.0,Private,3.4,MNC,Own,0.0,4,3,2200.0,22300.0,2800.0,11000.0,7200.0,No,0.0,793.0,219700.0,109100.0,Vehicle EMI,506000.0,44,Not_Eligible,4980.0
38.0,Male,Married,Graduate,39200.0,Private,2.4,MNC,Own,0.0,4,3,0.0,0.0,3200.0,10000.0,4400.0,No,0.0,682.0,91700.0,48400.0,Vehicle EMI,1151000.0,64,Not_Eligible,10800.0
38.0,Female,Married,Graduate,56000.0,Private,0.5,MNC,Rented,19000.0,2,1,2700.0,7600.0,3000.0,13100.0,3100.0,Yes,12900.0,649.0,168900.0,77300.0,E-commerce Shopping EMI,49000.0,14,Not_Eligible,500.0
38.0,Male,Married,Graduate,44000.0,Private,1.7,Large Indian,Family,0.0,4,3,4400.0,18100.0,5200.0,9800.0,2400.0,No,0.0,729.0,68600.0,18900.0,Home Appliances EMI,284000.0,26,Not_Eligible,1640.0
38.0,Male,Married,Professional,30000.0,Self-employed,7.2,Startup,Family,0.0,3,2,0.0,5200.0,3200.0,5500.0,2300.0,No,0.0,746.0,113400.0,67600.0,Home Appliances EMI,243000.0,27,Not_Eligible,6210.0
32.0,Male,Married,Graduate,45200.0,Self-employed,5.0,Large Indian,Own,0.0,2,1,0.0,0.0,5900.0,11400.0,2400.0,Yes,6200.0,669.0,125000.0,49900.0,E-commerce Shopping EMI,125000.0,19,Not_Eligible,6079.5
32.0,Male,Married,Graduate,78800.0,Self-employed,5.6,MNC,Rented,19300.0,2,1,3500.0,0.0,9500.0,11900.0,7000.0,Yes,13000.0,603.0,614600.0,146200.0,Home Appliances EMI,252000.0,32,Not_Eligible,4047.12
27.0,Male,Married,Post Graduate,62700.0,Self-employed,2.6,Mid-size,Own,0.0,3,2,9700.0,0.0,7300.0,11500.0,3700.0,No,0.0,779.0,429700.0,219200.0,E-commerce Shopping EMI,86000.0,14,Eligible,18117.0
58.0,Female,Married,Post Graduate,98700.0,Private,1.2,Mid-size,Family,0.0,3,2,14200.0,0.0,11100.0,15700.0,8600.0,Yes,25400.0,664.0,702300.0,322400.0,Vehicle EMI,534000.0,47,Not_Eligible,9124.5
38.0,Male,Married,High School,32900.0,Government,1.3,Startup,Rented,11100.0,4,3,0.0,0.0,3500.0,6600.0,2500.0,Yes,9200.0,659.0,18200.0,7500.0,Vehicle EMI,1249000.0,13,Not_Eligible,500.0
38.0,Male,Married,Graduate,53800.0,Private,10.4,Large Indian,Own,6108.0,3,2,14400.0,0.0,5400.0,12100.0,2800.0,No,0.0,710.0,352300.0,146000.0,Home Appliances EMI,203000.0,21,Not_Eligible,10505.0
48.0,Male,Married,Post Graduate,23600.0,Private,26.0,Small,Rented,5000.0,3,2,0.0,0.0,3300.0,5200.0,4400.0,No,0.0,770.0,114500.0,64500.0,Home Appliances EMI,162000.0,11,Not_Eligible,3420.0
32.0,Male,Married,Graduate,56700.0,Private,0.9,Mid-size,Rented,8800.0,4,3,8100.0,0.0,6100.0,8700.0,9800.0,Yes,13200.0,588.0,305600.0,141300.0,E-commerce Shopping EMI,186000.0,10,Not_Eligible,500.0
58.0,Female,Married,Graduate,33000.0,Private,2.8,MNC,Own,0.0,3,2,7200.0,0.0,2300.0,9200.0,2500.0,Yes,7300.0,660.0,200000.0,71000.0,Home Appliances EMI,267000.0,20,Not_Eligible,1732.5
27.0,Male,Single,Graduate,31700.0,Private,0.5,Large Indian,Rented,5600.0,2,1,12700.0,0.0,2500.0,7400.0,4300.0,Yes,4200.0,589.0,41100.0,17200.0,Vehicle EMI,842000.0,81,Not_Eligible,500.0
38.0,Male,Married,Graduate,43900.0,Private,8.9,Large Indian,Own,0.0,2,1,4400.0,8000.0,3500.0,13000.0,5900.0,No,0.0,683.0,189400.0,80700.0,Education EMI,222000.0,17,Not_Eligible,4550.0
48.0,Male,Married,Graduate,23600.0,Private,6.1,Mid-size,Rented,8200.0,3,2,5700.0,0.0,3100.0,5000.0,1200.0,Yes,4500.0,799.0,54800.0,20300.0,Education EMI,479000.0,19,Not_Eligible,500.0
38.0,Male,Single,Professional,26500.0,Private,0.5,Startup,Rented,7900.0,2,1,13600.0,0.0,1500.0,5600.0,4200.0,Yes,7800.0,621.0,103100.0,31000.0,Home Appliances EMI,62000.0,23,Not_Eligible,500.0
38.0,Male,Married,Professional,41100.0,Private,1.4,MNC,Own,0.0,4,3,0.0,0.0,2900.0,9200.0,7400.0,No,0.0,657.0,269500.0,72700.0,Home Appliances EMI,79000.0,28,Eligible,11880.0
32.0,Male,Single,Post Graduate,83300.0,Self-employed,1.4,MNC,Rented,18500.0,1,0,0.0,0.0,10200.0,12900.0,12800.0,No,0.0,800.0,339900.0,164200.0,Personal Loan EMI,653000.0,57,Not_Eligible,15606.0
48.0,Male,Single,Graduate,50400.0,Self-employed,16.6,Large Indian,Family,0.0,1,0,0.0,0.0,6600.0,10300.0,4500.0,No,0.0,850.0,89600.0,43000.0,E-commerce Shopping EMI,67000.0,15,Eligible,12528.0
58.0,Female,Married,Graduate,58300.0,Self-employed,13.2,Large Indian,Rented,11800.0,3,2,6300.0,0.0,5300.0,9000.0,9400.0,No,0.0,677.0,346100.0,81400.0,Home Appliances EMI,216000.0,35,High_Risk,7425.0
38.0,Female,Married,Post Graduate,78400.0,Private,4.8,MNC,Family,0.0,3,2,9800.0,7400.0,8800.0,19100.0,15400.0,Yes,9700.0,662.0,569500.0,265900.0,Personal Loan EMI,912000.0,16,Not_Eligible,3157.0
58.0,Female,Married,Graduate,30100.0,Government,4.9,Mid-size,Family,0.0,2,1,0.0,0.0,4200.0,6800.0,1900.0,No,0.0,644.0,71600.0,39300.0,Home Appliances EMI,293000.0,9,Not_Eligible,7568.0
38.0,Male,Single,Post Graduate,19500.0,Self-employed,4.8,MNC,Family,0.0,3,2,3800.0,0.0,1900.0,3300.0,2400.0,No,0.0,683.0,133800.0,28800.0,Home Appliances EMI,282000.0,22,Not_Eligible,4009.5
48.0,Female,Married,Graduate,35300.0,Private,2.6,Large Indian,Rented,12200.0,5,4,7000.0,0.0,2300.0,7600.0,4200.0,No,0.0,681.0,221900.0,70500.0,E-commerce Shopping EMI,33000.0,15,Not_Eligible,1100.0
38.0,Male,Married,Professional,124100.0,Self-employed,3.4,Large Indian,Own,0.0,4,3,4900.0,0.0,9500.0,18700.0,14200.0,No,0.0,690.0,637000.0,165300.0,Personal Loan EMI,146000.0,32,Eligible,34560.0
58.0,Male,Married,Professional,30500.0,Private,10.3,Mid-size,Family,0.0,2,1,4500.0,0.0,3900.0,8400.0,3800.0,No,0.0,668.0,129700.0,71800.0,Home Appliances EMI,153000.0,30,Not_Eligible,4950.0
48.0,Male,Married,Post Graduate,93600.0,Private,8.2,Startup,Own,0.0,5,4,10500.0,0.0,7400.0,26400.0,10300.0,Yes,12400.0,665.0,58900.0,12700.0,E-commerce Shopping EMI,172000.0,10,Not_Eligible,7448.0
38.0,Female,Married,Post Graduate,70300.0,Self-employed,4.8,Mid-size,Own,0.0,2,1,0.0,0.0,6100.0,19200.0,12500.0,Yes,10900.0,737.0,63100.0,20400.0,Home Appliances EMI,39000.0,28,Eligible,5443.2
48.0,Female,Married,,52200.0,Private,1.2,Mid-size,Rented,10800.0,2,1,0.0,0.0,5300.0,14700.0,10000.0,No,0.0,824.0,147100.0,33400.0,Vehicle EMI,131000.0,65,Eligible,6840.0
32.0,Male,Single,Post Graduate,105400.0,Private,2.4,Large Indian,Rented,16100.0,2,1,0.0,0.0,9500.0,29600.0,19300.0,No,0.0,823.0,776500.0,317300.0,Personal Loan EMI,823000.0,57,Not_Eligible,20394.0
58.0,Male,Married,Graduate,38200.0,Government,2.7,MNC,Rented,12200.0,2,1,13000.0,6600.0,4600.0,7500.0,4800.0,No,0.0,725.0,291600.0,77600.0,Education EMI,390000.0,11,Not_Eligible,500.0
27.0,Male,Single,Graduate,61000.0,Private,0.5,Large Indian,Family,0.0,1,0,0.0,0.0,4700.0,10800.0,4900.0,No,0.0,653.0,324500.0,167800.0,Personal Loan EMI,469000.0,19,Not_Eligible,16240.0
48.0,Male,Married,Post Graduate,24200.0,Private,9.0,Large Indian,Rented,4800.0,4,3,0.0,0.0,3200.0,5900.0,4500.0,No,0.0,705.0,101900.0,20800.0,E-commerce Shopping EMI,41000.0,23,Eligible,2900.0
58.0,Female,Married,Graduate,55300.0,Private,4.3,Mid-size,Own,9198.0,2,1,0.0,0.0,5600.0,12500.0,4100.0,No,0.0,835.0,339900.0,133700.0,E-commerce Shopping EMI,64000.0,8,Eligible,21846.0
58.0,Male,Married,Professional,47100.0,Private,0.7,Large Indian,Rented,11000.0,5,4,0.0,0.0,6200.0,11400.0,4300.0,No,0.0,713.0,316500.0,157400.0,E-commerce Shopping EMI,81000.0,16,High_Risk,6248.0
58.0,Male,Married,Post Graduate,73300.0,Government,5.8,Mid-size,Own,0.0,3,2,7000.0,21700.0,7100.0,16900.0,7000.0,No,0.0,804.0,238100.0,72700.0,Personal Loan EMI,885000.0,48,Not_Eligible,8976.0
38.0,Female,Married,Professional,71800.0,Private,1.9,MNC,Family,0.0,5,4,4700.0,0.0,5900.0,14600.0,4200.0,Yes,17500.0,695.0,259600.0,65900.0,Vehicle EMI,467000.0,69,Not_Eligible,8715.0
58.0,Male,Married,Professional,60700.0,Government,0.5,Startup,Own,0.0,3,2,8900.0,0.0,4600.0,16800.0,5700.0,No,0.0,811.0,81200.0,42400.0,Home Appliances EMI,153000.0,10,Not_Eligible,11856.0
38.0,Male,Married,Graduate,66200.0,Private,10.6,MNC,Family,0.0,4,3,14700.0,0.0,6400.0,14200.0,10800.0,No,0.0,718.0,298400.0,168800.0,Home Appliances EMI,39000.0,36,Eligible,10050.0
48.0,Male,Married,Graduate,63500.0,Private,3.6,Large Indian,Rented,15400.0,4,3,11900.0,0.0,3900.0,11900.0,12100.0,Yes,14400.0,649.0,172500.0,101500.0,Education EMI,296000.0,36,Not_Eligible,500.0
27.0,Male,Married,Graduate,19000.0,Private,1.2,Large Indian,Rented,5200.0,2,1,9800.0,0.0,2100.0,3500.0,1800.0,No,0.0,742.0,114600.0,44300.0,E-commerce Shopping EMI,24000.0,16,Not_Eligible,500.0
27.0,Male,Single,Post Graduate,52900.0,Private,0.6,Large Indian,Family,0.0,2,1,13900.0,0.0,5500.0,13100.0,9200.0,Yes,8800.0,638.0,162200.0,86300.0,Home Appliances EMI,33000.0,21,Not_Eligible,537.6
48.0,Male,Married,Professional,52400.0,Private,7.9,Startup,Own,0.0,3,2,0.0,0.0,7600.0,8600.0,6100.0,No,0.0,740.0,82600.0,47400.0,Vehicle EMI,665000.0,35,Not_Eligible,12040.0
58.0,Male,Married,Post Graduate,75800.0,Government,6.9,Mid-size,Own,0.0,3,2,8100.0,5300.0,11100.0,17500.0,5900.0,Yes,18300.0,705.0,230400.0,56600.0,E-commerce Shopping EMI,13000.0,21,Eligible,3696.0
38.0,Male,Married,High School,27000.0,Private,4.1,Large Indian,Own,0.0,3,2,2100.0,16300.0,3300.0,7800.0,1500.0,No,0.0,681.0,23900.0,7600.0,E-commerce Shopping EMI,135000.0,15,Not_Eligible,500.0
32.0,Male,Married,Post Graduate,69300.0,Private,1.9,Startup,Own,19889.0,3,2,4600.0,0.0,5500.0,13900.0,8800.0,Yes,18100.0,671.0,110300.0,43300.0,E-commerce Shopping EMI,152000.0,21,Not_Eligible,5152.0
32.0,Female,Married,Post Graduate,31200.0,Private,0.6,MNC,Family,0.0,4,3,0.0,0.0,4200.0,5200.0,4100.0,No,0.0,804.0,189900.0,87500.0,Home Appliances EMI,208000.0,27,High_Risk,9345.6
48.0,Male,Married,Post Graduate,78500.0,Self-employed,5.3,MNC,Own,0.0,3,2,11000.0,0.0,8700.0,14200.0,6600.0,No,0.0,821.0,332600.0,133400.0,Home Appliances EMI,250000.0,7,Not_Eligible,20520.0
38.0,Female,Married,Professional,104900.0,Government,9.8,Mid-size,Rented,31200.0,3,2,4700.0,7700.0,7600.0,31100.0,7300.0,No,0.0,813.0,611400.0,335500.0,Home Appliances EMI,181000.0,7,Not_Eligible,10098.0
32.0,Female,Married,Graduate,60900.0,Private,2.0,Startup,Rented,18900.0,3,2,11900.0,0.0,8500.0,17400.0,8100.0,No,0.0,641.0,263300.0,135600.0,E-commerce Shopping EMI,120000.0,9,Not_Eligible,500.0
32.0,Female,Single,Post Graduate,86000.0,Self-employed,5.7,MNC,Own,0.0,2,1,0.0,14400.0,8100.0,15300.0,13800.0,Yes,23500.0,736.0,157000.0,78900.0,Education EMI,162000.0,25,Not_Eligible,2746.8
38.0,Female,Married,Post Graduate,40900.0,Private,9.6,Mid-size,Own,0.0,2,1,0.0,0.0,2500.0,7100.0,6100.0,No,0.0,664.0,266000.0,59400.0,Personal Loan EMI,474000.0,39,Not_Eligible,13860.0
48.0,Male,Married,Graduate,18800.0,Private,7.0,Large Indian,Own,0.0,2,1,0.0,0.0,2300.0,3100.0,2100.0,No,0.0,688.0,45000.0,14200.0,Vehicle EMI,490000.0,30,Not_Eligible,5650.0
38.0,Female,Single,High School,44300.0,Government,2.2,Startup,Rented,11600.0,1,0,0.0,0.0,4700.0,9600.0,3100.0,No,0.0,,225500.0,116300.0,Personal Loan EMI,568000.0,51,Not_Eligible,9180.0
38.0,Male,Married,Post Graduate,40700.0,Private,1.4,Large Indian,Rented,10100.0,3,2,11800.0,23400.0,4300.0,6800.0,3100.0,Yes,7100.0,643.0,295100.0,60700.0,E-commerce Shopping EMI,75000.0,4,Not_Eligible,500.0
38.0,Female,Married,Graduate,83200.0,Private,7.8,MNC,Own,0.0,3,2,6900.0,0.0,6500.0,16100.0,9400.0,Yes,12400.0,689.0,478800.0,183400.0,Home Appliances EMI,104000.0,27,Eligible,11165.0
32.0,Female,Married,High School,22400.0,Self-employed,1.5,MNC,Own,0.0,3,2,13100.0,0.0,1700.0,6600.0,3400.0,No,0.0,704.0,34500.0,9600.0,Personal Loan EMI,278000.0,52,Not_Eligible,500.0
48.0,Female,Married,Professional,185000.0,Private,5.7,Large Indian,Own,0.0,4,3,8300.0,0.0,17700.0,36100.0,24100.0,No,0.0,844.0,1393600.0,498700.0,Vehicle EMI,278000.0,74,Eligible,65208.0
27.0,Female,Married,Graduate,22900.0,Self-employed,0.5,Mid-size,Family,0.0,2,1,0.0,10200.0,2600.0,4900.0,1300.0,No,0.0,999.0,48500.0,20000.0,Vehicle EMI,1228000.0,38,Not_Eligible,1404.0
38.0,Male,Married,Professional,101100.0,Government,0.5,Startup,Own,0.0,5,4,0.0,0.0,13900.0,15700.0,16900.0,Yes,29000.0,684.0,570400.0,246700.0,Home Appliances EMI,283000.0,33,Not_Eligible,8960.0
32.0,Male,Single,Post Graduate,31400.0,Private,1.8,MNC,Family,0.0,3,2,4000.0,12300.0,1700.0,9300.0,6100.0,No,0.0,741.0,72800.0,38100.0,Personal Loan EMI,115000.0,44,Not_Eligible,500.0
48.0,Male,Single,Post Graduate,52000.0,Government,0.5,Startup,Family,0.0,3,2,11800.0,0.0,6000.0,10100.0,5000.0,No,0.0,763.0,138000.0,68200.0,Education EMI,156000.0,13,Not_Eligible,11460.0
48.0,Male,Married,High School,58000.0,Private,21.9,Startup,Rented,15300.0,3,2,6800.0,0.0,5600.0,14900.0,6200.0,No,0.0,732.0,392700.0,95200.0,Personal Loan EMI,470000.0,35,Not_Eligible,5060.0
38.0,Male,Married,Professional,23100.0,Private,2.7,MNC,Rented,3800.0,3,2,8700.0,0.0,3200.0,3500.0,2800.0,No,0.0,597.0,157200.0,47800.0,E-commerce Shopping EMI,72000.0,5,Not_Eligible,500.0
48.0,Male,Married,Graduate,18000.0,Private,10.9,Mid-size,Rented,3700.0,3,2,12700.0,0.0,1700.0,5000.0,2800.0,No,0.0,716.0,108400.0,40500.0,Personal Loan EMI,898000.0,22,Not_Eligible,500.0
32.0,Female,Married,Graduate,49400.0,Government,0.5,Mid-size,Rented,14300.0,3,2,9800.0,0.0,5700.0,13500.0,9700.0,Yes,5900.0,650.0,147500.0,30500.0,Education EMI,480000.0,38,Not_Eligible,500.0
27.0,Female,Married,Graduate,46700.0,Government,3.2,MNC,Family,0.0,3,2,0.0,13400.0,6900.0,12400.0,7600.0,No,0.0,742.0,339600.0,199800.0,Vehicle EMI,1393000.0,81,Not_Eligible,3872.0
32.0,Male,Married,Post Graduate,43500.0,Private,1.4,MNC,Rented,9700.0,3,2,0.0,0.0,5600.0,10600.0,3300.0,Yes,10700.0,685.0,70900.0,27300.0,Personal Loan EMI,262000.0,34,Not_Eligible,1008.0
58.0,Male,Married,High School,29100.0,Private,8.8,Mid-size,Family,0.0,3,2,0.0,12300.0,2700.0,5700.0,2500.0,No,0.0,757.0,101900.0,21800.0,Personal Loan EMI,832000.0,49,Not_Eligible,3540.0
48.0,Female,Married,Professional,89900.0,Private,26.0,Large Indian,Family,0.0,3,2,5500.0,0.0,12000.0,21300.0,5700.0,No,0.0,778.0,62700.0,35900.0,Vehicle EMI,779000.0,66,Eligible,21792.0
48.0,Male,Married,Professional,145800.0,Private,7.4,Mid-size,Rented,25400.0,4,3,10900.0,0.0,16200.0,24600.0,10700.0,No,0.0,773.0,103900.0,51300.0,Home Appliances EMI,34000.0,30,Eligible,27840.0
38.0,Male,Married,High School,35300.0,Self-employed,7.6,Large Indian,Family,0.0,4,3,0.0,0.0,2300.0,7300.0,2200.0,No,0.0,776.0,132400.0,78800.0,Personal Loan EMI,151000.0,54,Eligible,12690.0
48.0,Female,Married,Post Graduate,95400.0,Private,20.2,MNC,Rented,22100.0,4,3,11800.0,0.0,7100.0,15500.0,13500.0,No,0.0,850.0,184600.0,51300.0,Home Appliances EMI,192000.0,33,Eligible,12192.0
38.0,Male,Married,High School,19600.0,Private,0.9,Large Indian,Rented,6000.0,4,3,14900.0,5100.0,1600.0,3900.0,1100.0,No,0.0,790.0,156000.0,51700.0,Personal Loan EMI,252000.0,55,Not_Eligible,500.0
32.0,Male,Married,Graduate,7823.0,Private,2.8,MNC,Rented,7000.0,4,3,0.0,14800.0,2400.0,3900.0,1800.0,No,0.0,594.0,157200.0,79400.0,Education EMI,56000.0,44,Not_Eligible,500.0
48.0,Male,Married,Post Graduate,54900.0,Private,1.8,MNC,Rented,12300.0,5,4,3200.0,19500.0,7400.0,11000.0,8300.0,No,0.0,835.0,306900.0,91800.0,Education EMI,406000.0,8,Not_Eligible,500.0
32.0,Female,Married,Post Graduate,69400.0,Private,2.0,Startup,Rented,19700.0,4,3,2800.0,0.0,4600.0,14400.0,13700.0,Yes,18400.0,615.0,42400.0,21700.0,Personal Loan EMI,486000.0,50,Not_Eligible,500.0
38.0,Male,Married,Graduate,81900.0,Government,4.9,Large Indian,Rented,20900.0,3,2,0.0,0.0,9200.0,23500.0,6500.0,Yes,14200.0,735.0,215100.0,117200.0,E-commerce Shopping EMI,139000.0,4,Not_Eligible,2926.0
32.0,Male,Married,Professional,85100.0,Government,6.1,MNC,Family,0.0,5,4,6800.0,0.0,10600.0,24100.0,6500.0,No,0.0,839.0,152600.0,36000.0,Home Appliances EMI,286000.0,35,Eligible,19588.8
38.0,Male,Married,Post Graduate,44400.0,Private,0.7,Large Indian,Rented,8500.0,3,2,12200.0,0.0,3600.0,12900.0,6500.0,No,0.0,605.0,311000.0,100200.0,E-commerce Shopping EMI,115000.0,5,Not_Eligible,500.0
32.0,Male,Married,Graduate,51400.0,Private,1.4,MNC,Rented,17100.0,3,2,2500.0,8100.0,5600.0,8500.0,3300.0,Yes,15300.0,580.0,287300.0,114300.0,Vehicle EMI,1123000.0,34,Not_Eligible,500.0
27.0,Male,Single,Professional,81400.0,Private,0.5,Large Indian,Rented,22300.0,1,0,0.0,0.0,11200.0,20100.0,12300.0,No,0.0,753.0,245000.0,113600.0,Personal Loan EMI,931000.0,48,Not_Eligible,7440.0
48.0,Female,Married,High School,30500.0,Self-employed,3.1,Mid-size,Family,0.0,5,4,0.0,0.0,2500.0,7800.0,1900.0,Yes,4400.0,730.0,126800.0,33700.0,Personal Loan EMI,107000.0,55,Eligible,4378.5
32.0,Female,Single,Professional,93800.0,Private,0.9,Large Indian,Own,0.0,2,1,8900.0,11700.0,6200.0,16700.0,9400.0,Yes,9800.0,724.0,88800.0,21300.0,Home Appliances EMI,246000.0,24,Not_Eligible,6966.4
32.0,Female,Single,Post Graduate,78400.0,Government,4.7,Large Indian,Own,0.0,2,1,6600.0,0.0,7400.0,14000.0,9100.0,No,0.0,777.0,418600.0,154000.0,Vehicle EMI,1121000.0,43,Not_Eligible,27258.0
32.0,Female,Married,Graduate,32300.0,Private,7.8,Small,Family,0.0,3,2,10900.0,21100.0,3400.0,5100.0,5400.0,Yes,8200.0,692.0,221000.0,120400.0,Personal Loan EMI,809000.0,16,Not_Eligible,500.0
32.0,Male,Single,Graduate,43000.0,Self-employed,6.7,MNC,Rented,9200.0,1,0,0.0,0.0,2900.0,11000.0,5200.0,No,0.0,790.0,79000.0,40300.0,Home Appliances EMI,149000.0,22,Not_Eligible,6350.4
38.0,Male,Married,Graduate,43700.0,Private,9.7,Startup,Own,0.0,3,2,7000.0,22100.0,2600.0,10200.0,3000.0,Yes,11200.0,624.0,119700.0,46000.0,E-commerce Shopping EMI,72000.0,23,Not_Eligible,500.0
32.0,Female,Married,Post Graduate,35800.0,Private,4.2,Large Indian,Family,0.0,5,4,0.0,0.0,5200.0,6400.0,4400.0,Yes,5100.0,640.0,28600.0,10900.0,Education EMI,109000.0,47,High_Risk,3292.8
32.0,Male,Married,Graduate,79200.0,Government,2.0,Large Indian,Own,0.0,3,2,13800.0,10700.0,7700.0,12200.0,11300.0,Yes,13400.0,784.0,147400.0,52800.0,Education EMI,350000.0,17,Not_Eligible,3393.6
38.0,Male,Married,Graduate,28600.0,Private,15.6,Large Indian,Own,0.0,3,2,2900.0,5700.0,3800.0,7200.0,3100.0,No,0.0,739.0,69200.0,19500.0,Education EMI,69000.0,30,High_Risk,2950.0
38.0,Male,Married,Post Graduate,81200.0,Private,5.1,Mid-size,Rented,22400.0,4,3,10400.0,11900.0,8100.0,16100.0,14100.0,No,0.0,697.0,254000.0,84900.0,Vehicle EMI,951000.0,29,Not_Eligible,500.0
48.0,Male,Married,High School,16000.0,Private,0.9,MNC,Rented,2800.0,4,3,10800.0,14000.0,1000.0,4100.0,1700.0,No,0.0,681.0,113600.0,37400.0,Education EMI,313000.0,32,Not_Eligible,500.0
32.0,Female,Married,Professional,22500.0,Private,10.0,Mid-size,Rented,5000.0,2,1,0.0,0.0,1500.0,5000.0,4400.0,Yes,4400.0,733.0,102900.0,44400.0,Personal Loan EMI,921000.0,39,Not_Eligible,770.0
38.0,Male,Married,Post Graduate,58500.0,Self-employed,4.4,Large Indian,Family,0.0,3,2,3600.0,0.0,5700.0,11200.0,5600.0,Yes,12300.0,533.0,259700.0,109600.0,Education EMI,222000.0,33,Not_Eligible,3165.75
38.0,Male,Married,Graduate,107100.0,Government,2.6,Startup,Rented,32200.0,3,2,0.0,18700.0,11000.0,24600.0,7000.0,Yes,18200.0,728.0,193400.0,98300.0,E-commerce Shopping EMI,72000.0,8,Not_Eligible,500.0
38.0,Female,Married,Graduate,18600.0,Private,3.3,MNC,Rented,3000.0,3,2,14800.0,6800.0,2400.0,3800.0,1800.0,Yes,3500.0,721.0,32700.0,8900.0,Home Appliances EMI,89000.0,11,Not_Eligible,500.0
38.0,Female,Married,High School,46400.0,Private,3.5,Large Indian,Rented,14400.0,2,1,8300.0,0.0,6700.0,11500.0,3000.0,Yes,13200.0,623.0,314500.0,188100.0,Education EMI,410000.0,30,Not_Eligible,500.0
48.0,Male,Single,Graduate,42700.0,Private,2.4,Mid-size,Family,0.0,2,1,3600.0,0.0,3900.0,11300.0,4100.0,No,0.0,678.0,309500.0,181500.0,Education EMI,126000.0,14,High_Risk,10890.0
58.0,Male,Married,High School,29800.0,Private,19.6,MNC,Family,0.0,4,3,3500.0,0.0,4100.0,5300.0,5200.0,No,0.0,827.0,100800.0,56200.0,Vehicle EMI,852000.0,56,Not_Eligible,7020.0
27.0,Male,Single,Graduate,63400.0,Private,1.1,Mid-size,Rented,17300.0,3,2,6100.0,0.0,7900.0,16700.0,6000.0,Yes,17900.0,656.0,82800.0,28600.0,Home Appliances EMI,31000.0,34,Not_Eligible,500.0
32.0,Male,Single,Graduate,92000.0,Government,10.0,Startup,Own,0.0,2,1,14400.0,0.0,7300.0,21600.0,8300.0,No,0.0,850.0,666200.0,379300.0,Education EMI,145000.0,45,Eligible,29330.4
27.0,Male,Single,Graduate,62700.0,Government,3.5,MNC,Rented,21600.0,1,0,0.0,0.0,8700.0,18600.0,7700.0,No,0.0,847.0,347600.0,150700.0,Personal Loan EMI,230000.0,12,Not_Eligible,4026.0
38.0,Female,Married,High School,42600.0,Private,1.8,Large Indian,Own,0.0,3,2,0.0,0.0,4000.0,6900.0,7700.0,No,0.0,527.0,38300.0,9400.0,Education EMI,395000.0,9,Not_Eligible,4800.0
38.0,Male,Married,Post Graduate,82300.0,Private,2.2,Mid-size,Family,0.0,3,2,8300.0,0.0,6100.0,13100.0,16200.0,Yes,24400.0,727.0,534000.0,219600.0,Education EMI,176000.0,36,Not_Eligible,5467.0
58.0,Female,Married,Graduate,28800.0,Self-employed,30.4,Large Indian,Rented,9400.0,3,2,0.0,0.0,3700.0,4900.0,5600.0,No,0.0,658.0,115800.0,27000.0,E-commerce Shopping EMI,88000.0,10,Not_Eligible,2340.0
48.0,Female,Married,Graduate,22700.0,Private,4.2,Large Indian,Rented,6900.0,4,3,10600.0,0.0,2000.0,5200.0,3800.0,Yes,5400.0,590.0,110400.0,30700.0,Vehicle EMI,1448000.0,14,Not_Eligible,500.0
38.0,Male,Married,Professional,56600.0,Private,0.5,Large Indian,Family,0.0,3,2,0.0,0.0,5100.0,16400.0,3100.0,Yes,14200.0,732.0,,28100.0,Personal Loan EMI,227000.0,56,Not_Eligible,3987.2
38.0,Male,Married,Post Graduate,41300.0,Government,2.2,MNC,Rented,12100.0,3,2,14100.0,22400.0,5200.0,11200.0,5400.0,Yes,12000.0,758.0,182100.0,108700.0,Home Appliances EMI,187000.0,29,Not_Eligible,500.0
48.0,Male,Married,Graduate,47100.0,Private,0.5,MNC,Rented,16300.0,5,4,13200.0,0.0,3900.0,7100.0,5100.0,Yes,5400.0,640.0,129200.0,75800.0,Education EMI,162000.0,6,Not_Eligible,500.0
38.0,Male,Single,Graduate,33200.0,Government,14.5,Startup,Rented,10000.0,1,0,0.0,0.0,4100.0,6400.0,2200.0,Yes,9800.0,644.0,141800.0,41500.0,Vehicle EMI,798000.0,20,Not_Eligible,500.0
27.0,Male,Single,Graduate,20900.0,Government,2.5,Startup,Family,0.0,2,1,0.0,15700.0,1800.0,3200.0,1700.0,No,0.0,757.0,39600.0,10700.0,E-commerce Shopping EMI,67000.0,9,Not_Eligible,500.0
32.0,Female,Single,Graduate,30200.0,Private,3.3,Mid-size,Family,0.0,2,1,7100.0,18900.0,3600.0,4700.0,3300.0,Yes,6500.0,999.0,228000.0,103200.0,Education EMI,344000.0,48,Not_Eligible,500.0
58.0,Female,Single,High School,28600.0,Private,9.5,Mid-size,Family,0.0,1,0,0.0,0.0,2600.0,6100.0,4600.0,Yes,7800.0,580.0,52600.0,26900.0,Education EMI,396000.0,44,Not_Eligible,1680.0
32.0,Female,Married,High School,72400.0,Government,0.9,Large Indian,Own,0.0,3,2,0.0,0.0,8000.0,11200.0,10800.0,No,0.0,722.0,548600.0,318900.0,Vehicle EMI,163000.0,28,Eligible,23320.0
32.0,Male,Married,Post Graduate,42100.0,Private,0.8,Large Indian,Own,0.0,3,2,0.0,8200.0,2700.0,7900.0,7700.0,No,0.0,684.0,332200.0,84500.0,E-commerce Shopping EMI,131000.0,5,Not_Eligible,6864.0
38.0,Male,Married,Graduate,42800.0,Private,14.4,Mid-size,Rented,12900.0,3,2,0.0,17200.0,4300.0,8200.0,3300.0,No,0.0,661.0,143200.0,81700.0,Home Appliances EMI,74000.0,19,Not_Eligible,500.0
38.0,Female,Married,Post Graduate,137300.0,Private,0.5,MNC,Family,0.0,2,1,0.0,0.0,9200.0,27700.0,8300.0,Yes,25000.0,593.0,605900.0,208800.0,Education EMI,154000.0,6,Not_Eligible,15030.4
48.0,Female,Married,Graduate,35500.0,Private,9.8,Mid-size,Family,0.0,2,1,4900.0,0.0,4300.0,8600.0,3500.0,No,0.0,760.0,147700.0,36300.0,E-commerce Shopping EMI,137000.0,17,Not_Eligible,8520.0
48.0,Male,Married,Post Graduate,96000.0,Private,4.9,MNC,Own,0.0,4,3,14700.0,0.0,12700.0,28500.0,7800.0,Yes,17200.0,1200.0,566200.0,258500.0,E-commerce Shopping EMI,123000.0,4,Not_Eligible,5285.0
58.0,Male,Married,High School,55700.0,Private,35.3,Small,Own,0.0,3,2,0.0,0.0,8300.0,14700.0,8100.0,No,0.0,721.0,338900.0,146400.0,Education EMI,85000.0,40,Eligible,13530.0
38.0,Male,Married,High School,70600.0,Private,16.0,Large Indian,Family,0.0,3,2,5100.0,0.0,3800.0,19900.0,6700.0,No,0.0,722.0,144800.0,52100.0,Education EMI,192000.0,16,Eligible,17550.0
32.0,Male,Married,Professional,136000.0,Private,1.7,Mid-size,Rented,38500.0,5,4,9200.0,0.0,9100.0,39300.0,19100.0,Yes,28100.0,679.0,259100.0,81900.0,E-commerce Shopping EMI,65000.0,8,Not_Eligible,500.0
38.0,Female,Married,Post Graduate,59600.0,Private,7.0,MNC,Rented,12500.0,3,2,6300.0,0.0,6600.0,10300.0,3900.0,Yes,17700.0,621.0,196600.0,65100.0,Personal Loan EMI,126000.0,13,Not_Eligible,644.0
38.0,Male,Married,Professional,43200.0,Private,0.6,Large Indian,Family,0.0,3,2,5400.0,0.0,6300.0,11400.0,7500.0,No,0.0,645.0,60600.0,18300.0,E-commerce Shopping EMI,178000.0,8,Not_Eligible,3225.6
38.0,Female,Single,Graduate,85500.0,Private,7.4,Mid-size,Own,0.0,2,1,4900.0,0.0,5600.0,24800.0,12200.0,Yes,10000.0,776.0,431700.0,208100.0,Home Appliances EMI,297000.0,19,Not_Eligible,11760.0
32.0,Female,Single,Graduate,64800.0,Private,8.9,Mid-size,Family,0.0,1,0,0.0,0.0,4400.0,11500.0,7400.0,Yes,15200.0,604.0,41400.0,23500.0,Personal Loan EMI,559000.0,45,Not_Eligible,5891.2
38.0,Female,Married,Graduate,35300.0,Private,13.0,Small,Rented,7000.0,2,1,8600.0,0.0,5100.0,10100.0,2700.0,No,0.0,693.0,233500.0,97000.0,E-commerce Shopping EMI,108000.0,17,Not_Eligible,990.0
27.0,Male,Single,Post Graduate,53300.0,Private,5.0,Startup,Rented,8300.0,3,2,7500.0,0.0,3300.0,13500.0,9000.0,Yes,11100.0,765.0,266200.0,136200.0,E-commerce Shopping EMI,66000.0,7,Not_Eligible,500.0
38.0,Male,Married,Graduate,61500.0,Private,2.3,Mid-size,Family,0.0,2,1,0.0,21400.0,7800.0,18200.0,5100.0,No,0.0,850.0,330300.0,113800.0,Education EMI,232000.0,46,Not_Eligible,5400.0
27.0,Male,Single,Post Graduate,133400.0,Private,3.3,Large Indian,Rented,42000.0,3,2,8000.0,0.0,14000.0,36400.0,8300.0,No,0.0,715.0,267800.0,115700.0,Personal Loan EMI,333000.0,27,Not_Eligible,12350.0
27.0,Male,Single,Post Graduate,49700.0,Private,1.3,MNC,Rented,13100.0,2,1,5100.0,0.0,3000.0,12600.0,7300.0,No,0.0,728.0,244400.0,86100.0,E-commerce Shopping EMI,22000.0,13,Eligible,4300.0
38.0,Female,Married,Post Graduate,34100.0,Government,3.2,Large Indian,Own,0.0,4,3,0.0,0.0,2600.0,9000.0,5800.0,Yes,4800.0,682.0,47700.0,11600.0,E-commerce Shopping EMI,144000.0,24,Not_Eligible,3665.2
38.0,Male,Single,Post Graduate,45700.0,Private,7.0,Mid-size,Rented,8000.0,2,1,0.0,0.0,2400.0,10400.0,2600.0,Yes,9700.0,664.0,338400.0,107300.0,Home Appliances EMI,95000.0,29,Eligible,4851.0
58.0,Male,Married,Graduate,44900.0,Private,0.5,Large Indian,Own,0.0,5,4,10200.0,0.0,2400.0,12900.0,8000.0,No,0.0,566.0,99300.0,50700.0,Education EMI,281000.0,30,Not_Eligible,3648.0
48.0,Male,Married,Professional,50500.0,Government,1.1,Large Indian,Rented,10400.0,3,2,0.0,16400.0,3700.0,11500.0,7200.0,No,0.0,723.0,242500.0,74600.0,Personal Loan EMI,88000.0,52,Not_Eligible,650.0
32.0,Male,Single,Graduate,52000.0,Private,2.0,Mid-size,Own,0.0,1,0,0.0,0.0,4600.0,12300.0,4500.0,Yes,9800.0,665.0,349300.0,135900.0,Vehicle EMI,832000.0,64,Not_Eligible,8008.0
32.0,Female,Married,Graduate,41100.0,Private,5.0,Mid-size,Family,0.0,3,2,7800.0,0.0,4000.0,8700.0,7200.0,No,0.0,721.0,194400.0,110900.0,Education EMI,99000.0,29,Eligible,6700.0
27.0,Female,Single,Post Graduate,27400.0,Private,1.2,Startup,Own,0.0,2,1,14800.0,0.0,3500.0,7900.0,4100.0,No,0.0,651.0,100300.0,23000.0,Vehicle EMI,445000.0,21,Not_Eligible,500.0
38.0,Male,Married,Graduate,66700.0,Private,7.0,Small,Own,0.0,3,2,0.0,0.0,9500.0,10300.0,5100.0,No,0.0,742.0,270000.0,86600.0,Home Appliances EMI,291000.0,16,High_Risk,20900.0
38.0,Male,Married,Graduate,37600.0,Private,3.3,MNC,Rented,11200.0,3,2,0.0,0.0,5000.0,5800.0,3000.0,No,0.0,648.0,96900.0,25100.0,Vehicle EMI,943000.0,80,Not_Eligible,5040.0
32.0,Male,Married,Professional,75500.0,Government,2.4,Mid-size,Own,0.0,3,2,11200.0,0.0,4500.0,20300.0,11500.0,No,0.0,774.0,280500.0,64900.0,E-commerce Shopping EMI,33000.0,12,Eligible,16800.0
38.0,Male,Married,Graduate,7147.0,Private,2.1,Large Indian,Rented,4800.0,2,1,0.0,0.0,1300.0,4600.0,3100.0,Yes,2300.0,694.0,42600.0,23700.0,E-commerce Shopping EMI,16000.0,24,Eligible,1820.0
48.0,Male,Married,Graduate,61800.0,Government,3.6,Large Indian,Family,0.0,3,2,0.0,5200.0,3900.0,18300.0,7600.0,Yes,7200.0,704.0,203600.0,78800.0,Vehicle EMI,778000.0,51,Not_Eligible,7546.0
27.0,Male,Single,Post Graduate,10086.0,Self-employed,3.3,Mid-size,Family,0.0,3,2,13200.0,22600.0,6000.0,14000.0,5500.0,Yes,6300.0,693.0,382900.0,201000.0,Vehicle EMI,804000.0,15,Not_Eligible,500.0
38.0,Male,Married,Graduate,48800.0,Private,1.5,MNC,Family,0.0,2,1,7300.0,0.0,6500.0,13600.0,8300.0,No,0.0,628.0,285300.0,71600.0,Vehicle EMI,876000.0,54,Not_Eligible,5240.0
32.0,Male,Single,Post Graduate,93800.0,Government,6.9,Large Indian,Own,0.0,2,1,12400.0,16200.0,11200.0,21900.0,9800.0,No,0.0,745.0,592600.0,253100.0,Vehicle EMI,764000.0,66,Not_Eligible,13491.5
32.0,Female,Married,Post Graduate,87000.0,Government,0.5,Large Indian,Rented,22600.0,3,2,5600.0,10100.0,11500.0,18300.0,15900.0,No,0.0,724.0,191300.0,91400.0,Vehicle EMI,1329000.0,53,Not_Eligible,1500.0
38.0,Female,Married,Graduate,18000.0,Private,0.6,Small,Own,0.0,5,4,0.0,0.0,1600.0,3900.0,3200.0,Yes,3900.0,749.0,88900.0,41500.0,Personal Loan EMI,821000.0,41,Not_Eligible,1512.0
38.0,Female,Married,Post Graduate,57800.0,Private,2.9,Large Indian,Rented,17400.0,5,4,0.0,0.0,8200.0,15500.0,10600.0,No,0.0,696.0,267300.0,147800.0,Vehicle EMI,1321000.0,29,Not_Eligible,3050.0
38.0,Male,Married,Graduate,16300.0,Private,0.8,Large Indian,Family,0.0,3,2,0.0,9000.0,1900.0,3500.0,1500.0,Yes,3000.0,617.0,105100.0,40300.0,Home Appliances EMI,282000.0,29,Not_Eligible,500.0
38.0,Male,Married,Professional,85400.0,Private,11.1,Mid-size,Rented,26200.0,4,3,10000.0,0.0,5100.0,18400.0,10600.0,No,0.0,653.0,656800.0,213800.0,Personal Loan EMI,509000.0,21,Not_Eligible,8305.0
32.0,Male,Married,Graduate,39200.0,Private,4.3,Mid-size,Own,0.0,3,2,9000.0,0.0,3000.0,6700.0,3200.0,Yes,5500.0,657.0,124700.0,33600.0,Personal Loan EMI,521000.0,57,Not_Eligible,4130.0
58.0,Female,Married,Post Graduate,19500.0,Private,3.0,Large Indian,Rented,6300.0,3,2,0.0,0.0,2300.0,3100.0,1900.0,No,0.0,609.0,89600.0,36700.0,Personal Loan EMI,233000.0,44,Not_Eligible,2360.0
27.0,Male,Single,Graduate,61100.0,Private,0.5,Mid-size,Own,0.0,1,0,0.0,0.0,4600.0,13400.0,5200.0,Yes,9400.0,743.0,369900.0,144200.0,Education EMI,187000.0,9,Not_Eligible,8778.0
48.0,Female,Married,Graduate,22500.0,Government,2.7,Large Indian,Own,0.0,2,1,11000.0,0.0,1600.0,5100.0,2800.0,No,0.0,803.0,177700.0,89800.0,E-commerce Shopping EMI,48000.0,6,Not_Eligible,1320.0
32.0,Female,Married,Graduate,53200.0,Government,2.4,Large Indian,Rented,11500.0,3,2,4800.0,20900.0,3300.0,11600.0,3400.0,Yes,14500.0,763.0,71600.0,41400.0,Home Appliances EMI,168000.0,12,Not_Eligible,500.0
27.0,Female,Single,Graduate,77800.0,Private,2.1,MNC,Rented,15800.0,2,1,0.0,0.0,4500.0,12200.0,14200.0,No,0.0,612.0,119800.0,48400.0,Education EMI,295000.0,15,Not_Eligible,9952.0
48.0,Female,Married,Post Graduate,53100.0,Private,17.3,MNC,Rented,10600.0,3,2,0.0,10100.0,4800.0,12300.0,3000.0,No,0.0,807.0,303400.0,129500.0,Vehicle EMI,1249000.0,16,Not_Eligible,7380.0
38.0,Male,Married,Graduate,41600.0,Private,0.9,MNC,Rented,8900.0,3,2,8800.0,0.0,3400.0,10500.0,5600.0,No,0.0,660.0,29300.0,9100.0,Vehicle EMI,1202000.0,76,Not_Eligible,1408.0
38.0,Male,Single,High School,19600.0,Private,14.1,MNC,Own,0.0,2,1,0.0,0.0,2900.0,4000.0,3200.0,No,0.0,618.0,75300.0,30900.0,Home Appliances EMI,55000.0,22,Eligible,3800.0
38.0,Female,Married,Graduate,64600.0,Government,7.8,Large Indian,Rented,22400.0,4,3,0.0,0.0,5000.0,14200.0,8100.0,No,0.0,850.0,324600.0,125200.0,Personal Loan EMI,969000.0,32,Not_Eligible,9834.0
48.0,Female,Married,Post Graduate,78800.0,Private,19.2,Mid-size,Own,0.0,5,4,0.0,0.0,9800.0,13800.0,9500.0,Yes,10300.0,731.0,291900.0,140600.0,Home Appliances EMI,117000.0,22,Eligible,12390.0
32.0,Male,Married,Professional,38100.0,Government,0.8,Large Indian,Own,0.0,2,1,7900.0,0.0,3000.0,7600.0,7500.0,No,0.0,743.0,49500.0,14000.0,Vehicle EMI,427000.0,67,Not_Eligible,4840.0
48.0,Male,Married,Post Graduate,36900.0,Private,5.6,MNC,Rented,12200.0,3,2,0.0,0.0,2100.0,9900.0,6400.0,Yes,8400.0,744.0,249700.0,76400.0,E-commerce Shopping EMI,185000.0,10,Not_Eligible,500.0
48.0,Male,Married,Professional,73600.0,Private,3.8,Startup,Rented,22300.0,3,2,11700.0,0.0,10900.0,11300.0,13000.0,Yes,8800.0,564.0,157300.0,84000.0,Education EMI,347000.0,31,Not_Eligible,500.0
32.0,Male,Single,Graduate,28900.0,Private,4.4,Large Indian,Rented,7400.0,3,2,0.0,0.0,4000.0,7800.0,1500.0,Yes,6800.0,623.0,58700.0,26800.0,Personal Loan EMI,382000.0,53,Not_Eligible,500.0
27.0,Male,Single,Graduate,131200.0,Private,2.1,Large Indian,Rented,38000.0,3,2,3100.0,0.0,7000.0,23400.0,24800.0,No,0.0,721.0,120400.0,52000.0,Home Appliances EMI,216000.0,27,Eligible,13960.0
32.0,Male,Single,Graduate,71200.0,Private,7.9,Large Indian,Rented,13700.0,1,0,0.0,0.0,5900.0,12900.0,6000.0,Yes,20100.0,750.0,59300.0,16700.0,Education EMI,335000.0,16,Not_Eligible,4233.6
38.0,Male,Single,Graduate,75100.0,Private,0.5,Mid-size,Rented,14800.0,1,0,0.0,0.0,7300.0,21300.0,9200.0,No,0.0,537.0,460700.0,175400.0,Home Appliances EMI,214000.0,22,Not_Eligible,4950.0
32.0,Male,Married,Post Graduate,48500.0,Government,0.5,MNC,Rented,12100.0,4,3,0.0,0.0,6300.0,12100.0,4000.0,No,0.0,843.0,194200.0,75400.0,Vehicle EMI,776000.0,65,Not_Eligible,8400.0
38.0,Male,Married,Graduate,47900.0,Private,1.1,MNC,Family,0.0,3,2,2800.0,11300.0,3200.0,12300.0,3000.0,No,0.0,740.0,237800.0,130900.0,Vehicle EMI,696000.0,32,Not_Eligible,7650.0
38.0,Male,Married,Graduate,27800.0,Self-employed,2.6,Mid-size,Family,0.0,3,2,0.0,9500.0,3100.0,8000.0,2200.0,Yes,8000.0,554.0,124400.0,25300.0,Personal Loan EMI,986000.0,39,Not_Eligible,500.0
58.0,Male,Married,Professional,51600.0,Government,6.8,Large Indian,Family,0.0,3,2,3600.0,0.0,6800.0,8300.0,4900.0,No,0.0,820.0,285900.0,168700.0,Personal Loan EMI,73000.0,50,Eligible,18480.0
27.0,Male,Single,Professional,147900.0,Private,1.2,Large Indian,Rented,40200.0,2,1,11200.0,12100.0,13300.0,28500.0,10600.0,Yes,29100.0,661.0,375700.0,136200.0,Home Appliances EMI,86000.0,15,Not_Eligible,1015.0
32.0,Female,Married,High School,45500.0,Private,0.5,Large Indian,Family,0.0,2,1,0.0,0.0,4900.0,8600.0,4700.0,No,0.0,692.0,29200.0,7000.0,E-commerce Shopping EMI,77000.0,6,Not_Eligible,8736.0
38.0,Male,Married,High School,52200.0,Private,7.3,Large Indian,Rented,10800.0,2,1,8000.0,0.0,4600.0,9300.0,5800.0,No,0.0,808.0,399800.0,208100.0,Education EMI,453000.0,7,Not_Eligible,9042.0
27.0,Male,Single,Professional,27000.0,Private,0.5,MNC,Rented,8800.0,2,1,0.0,16200.0,3900.0,5900.0,3600.0,No,0.0,649.0,152900.0,59500.0,Education EMI,493000.0,16,Not_Eligible,500.0
38.0,Female,Married,Professional,28500.0,Self-employed,2.2,Large Indian,Own,0.0,5,4,0.0,0.0,2800.0,5900.0,3200.0,No,0.0,760.0,203000.0,76300.0,Education EMI,488000.0,37,Not_Eligible,9860.4
27.0,Male,Single,Graduate,101300.0,Self-employed,5.0,MNC,Rented,16900.0,1,0,0.0,0.0,12900.0,19500.0,5200.0,Yes,19700.0,663.0,468200.0,175700.0,Vehicle EMI,220000.0,83,Eligible,8536.5
38.0,Female,Married,Graduate,40600.0,Private,5.3,MNC,Rented,13400.0,3,2,0.0,0.0,4700.0,7700.0,5400.0,No,0.0,737.0,292700.0,110000.0,Home Appliances EMI,256000.0,20,Not_Eligible,5170.0
58.0,Female,Married,High School,32700.0,Private,21.5,MNC,Rented,10400.0,4,3,11200.0,0.0,4200.0,8300.0,3400.0,No,0.0,657.0,144600.0,,Vehicle EMI,563000.0,25,Not_Eligible,500.0
38.0,Male,Married,Graduate,32000.0,Government,15.7,Mid-size,Own,0.0,3,2,8600.0,0.0,3900.0,6800.0,4200.0,No,0.0,696.0,141500.0,68800.0,Home Appliances EMI,260000.0,36,Not_Eligible,4675.0
32.0,Female,Married,Professional,30000.0,Private,0.5,Large Indian,Own,0.0,2,1,7100.0,0.0,3300.0,5000.0,2900.0,Yes,7500.0,669.0,88000.0,24500.0,Home Appliances EMI,238000.0,10,Not_Eligible,1176.0
38.0,Female,Married,High School,56500.0,Government,0.5,Large Indian,Rented,14100.0,5,4,0.0,0.0,6900.0,12000.0,7900.0,No,0.0,850.0,,78000.0,Personal Loan EMI,168000.0,56,Eligible,9360.0
58.0,Male,Married,High School,45300.0,Private,16.1,Large Indian,Rented,10700.0,3,2,0.0,0.0,4700.0,12600.0,5300.0,Yes,11100.0,656.0,272700.0,59400.0,Home Appliances EMI,245000.0,10,Not_Eligible,500.0
38.0,Male,Married,Graduate,45900.0,Private,3.8,Startup,Own,0.0,4,3,13500.0,19300.0,3800.0,8500.0,4300.0,No,0.0,802.0,287400.0,61600.0,Home Appliances EMI,258000.0,23,Not_Eligible,500.0
38.0,Male,Married,Graduate,61600.0,Private,7.2,Startup,Own,0.0,3,2,0.0,0.0,9200.0,17900.0,6000.0,Yes,17200.0,578.0,483400.0,132100.0,Personal Loan EMI,428000.0,19,Not_Eligible,3480.4
48.0,Male,Married,Post Graduate,58100.0,Private,0.9,Large Indian,Rented,19900.0,4,3,10800.0,0.0,6300.0,10200.0,6200.0,Yes,7400.0,615.0,245500.0,,Home Appliances EMI,287000.0,21,Not_Eligible,500.0
32.0,Female,Single,Professional,72100.0,Private,0.6,Mid-size,Rented,17900.0,2,1,14800.0,9200.0,5200.0,17500.0,8500.0,No,0.0,711.0,553600.0,231800.0,Vehicle EMI,762000.0,68,Not_Eligible,500.0
32.0,Female,Married,Post Graduate,45100.0,Government,1.1,MNC,Rented,8800.0,2,1,12100.0,0.0,5500.0,11500.0,7500.0,No,0.0,818.0,,127200.0,Personal Loan EMI,361000.0,49,Not_Eligible,500.0
48.0,Male,Married,Post Graduate,41700.0,Private,8.3,MNC,Family,0.0,4,3,6400.0,0.0,5600.0,9000.0,3300.0,No,0.0,690.0,74600.0,26800.0,E-commerce Shopping EMI,171000.0,18,Not_Eligible,6960.0
38.0,Female,Married,Post Graduate,60400.0,Self-employed,9.0,Mid-size,Own,0.0,2,1,0.0,0.0,9000.0,18100.0,7700.0,No,0.0,672.0,468500.0,176900.0,Vehicle EMI,1386000.0,60,Not_Eligible,12672.0
32.0,Female,Married,Post Graduate,78700.0,Self-employed,0.6,Large Indian,Own,0.0,3,2,12200.0,0.0,7700.0,16600.0,7000.0,Yes,20600.0,568.0,593000.0,229600.0,Vehicle EMI,521000.0,17,Not_Eligible,4047.12
38.0,Female,Married,Graduate,56200.0,Private,1.5,MNC,Rented,14900.0,4,3,8200.0,0.0,6400.0,12100.0,5400.0,Yes,6200.0,,33900.0,10800.0,Personal Loan EMI,413000.0,21,Not_Eligible,672.0
38.0,Female,Married,High School,74800.0,Private,1.6,Startup,Rented,12400.0,4,3,0.0,0.0,10600.0,21300.0,4000.0,No,0.0,640.0,503700.0,263200.0,Vehicle EMI,1250000.0,20,Not_Eligible,11660.0
58.0,Female,Married,Graduate,26400.0,Private,22.1,Mid-size,Rented,6200.0,4,3,0.0,0.0,1500.0,6500.0,2000.0,Yes,6500.0,738.0,35800.0,11400.0,Education EMI,350000.0,19,Not_Eligible,1036.0
38.0,Female,Married,Graduate,92500.0,Self-employed,5.7,Mid-size,Own,0.0,3,2,0.0,0.0,11500.0,23300.0,14000.0,No,0.0,770.0,247700.0,97400.0,E-commerce Shopping EMI,40000.0,22,Eligible,23598.0
38.0,Female,Married,Graduate,88400.0,Government,5.1,Large Indian,Family,0.0,3,2,4500.0,0.0,8300.0,19600.0,4900.0,No,0.0,850.0,178600.0,64700.0,Vehicle EMI,1411000.0,40,Not_Eligible,33726.0
38.0,Female,Married,Professional,86800.0,Private,0.5,MNC,Rented,19100.0,3,2,0.0,24400.0,8000.0,24500.0,17300.0,Yes,19700.0,620.0,200000.0,79000.0,Personal Loan EMI,597000.0,30,Not_Eligible,500.0
38.0,Female,Married,Graduate,43400.0,Private,5.3,Startup,Rented,8600.0,4,3,11600.0,0.0,2700.0,10700.0,5400.0,No,0.0,768.0,104200.0,53000.0,E-commerce Shopping EMI,172000.0,8,Not_Eligible,2640.0
58.0,Male,Married,Post Graduate,82100.0,Private,2.2,Mid-size,Rented,28400.0,2,1,10700.0,0.0,11300.0,22600.0,12000.0,No,0.0,650.0,63500.0,29500.0,Personal Loan EMI,792000.0,55,Not_Eligible,500.0
38.0,Female,Married,Post Graduate,64300.0,Private,2.6,Startup,Own,0.0,4,3,12300.0,0.0,6400.0,17500.0,5900.0,No,0.0,681.0,59600.0,29700.0,Home Appliances EMI,226000.0,11,Not_Eligible,8880.0
32.0,Male,Single,Post Graduate,65800.0,Private,6.6,Large Indian,Rented,14600.0,1,0,0.0,0.0,7500.0,14700.0,7800.0,Yes,15900.0,609.0,425400.0,226400.0,Home Appliances EMI,198000.0,9,Not_Eligible,1632.4
27.0,Female,Married,Graduate,20000.0,Private,2.7,MNC,Rented,4000.0,4,3,0.0,0.0,1200.0,4400.0,1200.0,Yes,4400.0,683.0,94200.0,29200.0,Home Appliances EMI,82000.0,28,Not_Eligible,1680.0
48.0,Male,Married,Post Graduate,113400.0,Private,7.0,Large Indian,Rented,19700.0,2,1,10900.0,0.0,16100.0,27600.0,11000.0,No,0.0,776.0,275400.0,160800.0,Personal Loan EMI,341000.0,16,Not_Eligible,16860.0
32.0,Female,Married,Post Graduate,64200.0,Government,4.9,MNC,Own,0.0,4,3,0.0,0.0,9400.0,15300.0,7100.0,No,0.0,765.0,117800.0,,Home Appliances EMI,62000.0,17,Eligible,17107.2
32.0,Male,Married,Professional,54200.0,Government,0.5,Mid-size,Own,0.0,3,2,11100.0,0.0,5000.0,8200.0,8800.0,No,0.0,742.0,144700.0,80200.0,Education EMI,459000.0,35,Not_Eligible,10550.0
48.0,Female,Married,Graduate,75800.0,Private,12.3,Large Indian,Rented,13200.0,2,1,4200.0,0.0,10000.0,13800.0,7700.0,No,0.0,815.0,385700.0,219300.0,Education EMI,179000.0,47,Eligible,16140.0
48.0,Male,Married,Professional,98700.0,Self-employed,7.6,Large Indian,Rented,15900.0,2,1,7900.0,0.0,5700.0,22300.0,16100.0,No,0.0,713.0,118200.0,35100.0,E-commerce Shopping EMI,185000.0,5,Not_Eligible,11088.0
38.0,Female,Married,High School,58600.0,Private,2.7,Mid-size,Rented,10900.0,3,2,2200.0,0.0,6100.0,16400.0,6200.0,No,0.0,753.0,254100.0,79000.0,Home Appliances EMI,108000.0,28,Eligible,10080.0
48.0,Male,Married,Graduate,49657.0,Government,8.8,Small,Rented,10300.0,3,2,0.0,0.0,2600.0,10300.0,5600.0,Yes,13800.0,632.0,150900.0,81600.0,Education EMI,448000.0,8,Not_Eligible,1570.8
32.0,Male,Married,Graduate,48800.0,Private,6.3,MNC,Own,0.0,2,1,0.0,22400.0,6300.0,10700.0,9500.0,Yes,11800.0,732.0,115800.0,33100.0,Vehicle EMI,491000.0,62,Not_Eligible,500.0
27.0,Male,Single,Post Graduate,60300.0,Private,0.5,Startup,Rented,19000.0,2,1,4600.0,0.0,5800.0,17700.0,3900.0,No,0.0,698.0,282100.0,80300.0,Personal Loan EMI,128000.0,32,Not_Eligible,3720.0
48.0,Male,Married,Professional,62500.0,Government,9.7,Large Indian,Family,0.0,4,3,3800.0,20000.0,7800.0,16200.0,11700.0,No,0.0,850.0,227400.0,63900.0,Vehicle EMI,1167000.0,83,Not_Eligible,1980.0
48.0,Male,Married,Professional,48000.0,Private,26.0,Startup,Own,0.0,2,1,13300.0,0.0,6100.0,9200.0,3500.0,Yes,6200.0,715.0,45100.0,17400.0,E-commerce Shopping EMI,173000.0,21,Not_Eligible,2716.0
38.0,Male,Married,Professional,57000.0,Private,0.5,Large Indian,Own,0.0,3,2,0.0,0.0,7200.0,10800.0,8600.0,No,0.0,684.0,121100.0,60500.0,E-commerce Shopping EMI,168000.0,13,Not_Eligible,12160.0
38.0,Male,Married,Post Graduate,42200.0,Self-employed,4.5,Mid-size,Family,0.0,4,3,10500.0,14200.0,3700.0,8800.0,8000.0,No,0.0,739.0,220400.0,131900.0,Vehicle EMI,992000.0,29,Not_Eligible,500.0
48.0,Female,Married,Graduate,42300.0,Private,12.3,Large Indian,Own,0.0,3,2,5900.0,14200.0,4400.0,10000.0,3200.0,No,0.0,693.0,77800.0,39400.0,E-commerce Shopping EMI,93000.0,17,Not_Eligible,1840.0
32.0,Female,Married,Post Graduate,66900.0,Private,2.6,Startup,Rented,11000.0,2,1,4700.0,0.0,7500.0,10700.0,5100.0,Yes,11600.0,679.0,518100.0,278500.0,Education EMI,337000.0,43,Not_Eligible,6275.5
38.0,Male,Married,Graduate,84700.0,Private,10.0,Mid-size,Family,0.0,2,1,6900.0,0.0,9300.0,20500.0,7900.0,Yes,18000.0,586.0,170600.0,86900.0,Personal Loan EMI,594000.0,59,Not_Eligible,6188.0
27.0,Male,Single,Post Graduate,76900.0,Private,1.9,Mid-size,Family,0.0,2,1,0.0,16300.0,11000.0,21200.0,5600.0,No,0.0,745.0,134900.0,64300.0,Personal Loan EMI,300000.0,24,Not_Eligible,9120.0
38.0,Male,Married,Professional,82400.0,Private,10.2,MNC,Own,0.0,3,2,0.0,0.0,8600.0,13400.0,7200.0,No,0.0,745.0,353200.0,164800.0,Home Appliances EMI,250000.0,30,Eligible,26600.0
38.0,Male,Married,High School,34900.0,Private,3.1,MNC,Own,0.0,4,3,6500.0,12000.0,4500.0,8700.0,5400.0,No,0.0,663.0,157400.0,39500.0,Vehicle EMI,81000.0,41,Not_Eligible,500.0
48.0,Male,Married,Professional,74600.0,Private,0.8,Mid-size,Own,0.0,4,3,5300.0,10300.0,10500.0,20700.0,9100.0,No,0.0,788.0,116800.0,43300.0,Education EMI,420000.0,16,Not_Eligible,7180.8
48.0,Female,Married,Post Graduate,110300.0,Government,4.8,MNC,Own,0.0,5,4,4700.0,16700.0,12800.0,30600.0,10200.0,Yes,27300.0,699.0,492500.0,114500.0,E-commerce Shopping EMI,129000.0,16,Not_Eligible,3080.0
48.0,Female,Married,Graduate,54100.0,Government,26.0,Mid-size,Own,0.0,4,3,0.0,0.0,8100.0,12900.0,9000.0,No,0.0,731.0,216300.0,51900.0,Personal Loan EMI,452000.0,33,Not_Eligible,13255.0
48.0,Male,Single,Graduate,34800.0,Government,3.0,MNC,Rented,6400.0,2,1,13500.0,0.0,5000.0,8300.0,5500.0,No,0.0,735.0,105700.0,63100.0,E-commerce Shopping EMI,12000.0,18,Not_Eligible,500.0
27.0,Male,Single,Graduate,70600.0,Private,0.5,Large Indian,Own,0.0,2,1,0.0,0.0,4300.0,16400.0,4500.0,No,0.0,735.0,58200.0,25400.0,E-commerce Shopping EMI,60000.0,13,Eligible,14528.0
27.0,Male,Single,Professional,73900.0,Private,5.0,MNC,Own,0.0,1,0,0.0,0.0,8500.0,21500.0,10100.0,Yes,22100.0,689.0,232800.0,68100.0,E-commerce Shopping EMI,84000.0,17,Not_Eligible,4095.0
48.0,Male,Married,Post Graduate,57300.0,Private,10.0,Large Indian,Own,0.0,4,3,13300.0,0.0,8200.0,13900.0,9800.0,No,0.0,711.0,347900.0,199600.0,Home Appliances EMI,197000.0,12,Not_Eligible,6655.0
37.0,Male,Married,High School,14567.0,Private,2.6,MNC,Own,0.0,3,2,10400.0,0.0,1200.0,3600.0,2800.0,No,0.0,761.0,17700.0,8300.0,E-commerce Shopping EMI,80000.0,17,Not_Eligible,500.0
38.0,Male,Married,High School,49700.0,Government,0.5,Large Indian,Rented,8900.0,4,3,0.0,0.0,4200.0,8300.0,5600.0,No,0.0,692.0,361200.0,192200.0,Personal Loan EMI,852000.0,44,Not_Eligible,12485.0
32.0,Male,Married,Post Graduate,72600.0,Private,10.0,Large Indian,Family,0.0,4,3,0.0,0.0,7000.0,12400.0,14500.0,Yes,8700.0,689.0,85400.0,27300.0,Home Appliances EMI,164000.0,8,Not_Eligible,8400.0
32.0,Female,Single,Professional,109100.0,Private,1.3,Mid-size,Family,0.0,2,1,0.0,17300.0,14400.0,17300.0,7300.0,Yes,18200.0,777.0,787400.0,321200.0,Education EMI,402000.0,18,Not_Eligible,15985.2
27.0,Male,Married,High School,34300.0,Private,1.9,Large Indian,Own,0.0,2,1,13200.0,0.0,4600.0,7500.0,5900.0,No,0.0,745.0,265600.0,105400.0,Personal Loan EMI,58000.0,35,Not_Eligible,1705.0
32.0,Male,Married,Post Graduate,23400.0,Private,0.5,Large Indian,Rented,3900.0,3,2,0.0,12200.0,3300.0,5000.0,4600.0,No,0.0,658.0,71700.0,24200.0,Vehicle EMI,1314000.0,70,Not_Eligible,500.0
27.0,Male,Single,Graduate,36300.0,Private,1.0,MNC,Rented,11700.0,1,0,0.0,0.0,3100.0,6000.0,5000.0,Yes,5500.0,619.0,175300.0,62400.0,Vehicle EMI,654000.0,34,Not_Eligible,1400.0
27.0,Male,Single,Graduate,40300.0,Private,0.8,Mid-size,Rented,6300.0,1,0,0.0,0.0,3400.0,7800.0,3700.0,No,0.0,711.0,133400.0,52200.0,Home Appliances EMI,93000.0,13,Not_Eligible,7640.0
58.0,Male,Married,Post Graduate,100800.0,Private,0.7,Mid-size,Family,0.0,3,2,11900.0,0.0,9100.0,26900.0,14800.0,Yes,18000.0,601.0,653100.0,184300.0,Vehicle EMI,1413000.0,15,Not_Eligible,4952.64
38.0,Female,Married,Graduate,36700.0,Self-employed,4.2,Small,Family,13887.0,5,4,13500.0,20100.0,2100.0,10300.0,6900.0,Yes,8800.0,548.0,31400.0,12600.0,Personal Loan EMI,361000.0,37,Not_Eligible,500.0
27.0,Male,Single,Graduate,21500.0,Private,0.8,MNC,Rented,6600.0,1,0,0.0,0.0,1500.0,4900.0,3800.0,No,0.0,646.0,90300.0,39000.0,Home Appliances EMI,272000.0,11,Not_Eligible,1504.0
27.0,Female,Married,Post Graduate,88600.0,Private,2.1,Large Indian,Own,0.0,3,2,12600.0,7700.0,9400.0,16700.0,7300.0,No,0.0,782.0,270100.0,104100.0,Education EMI,322000.0,10,Not_Eligible,20940.0
27.0,Male,Married,Post Graduate,24600.0,Government,0.5,Small,Rented,5600.0,2,1,0.0,0.0,3300.0,6400.0,4000.0,No,0.0,765.0,161500.0,55000.0,Home Appliances EMI,210000.0,21,Not_Eligible,3498.0
38.0,Female,Married,Graduate,43600.0,Government,1.1,Startup,Own,,3,2,8700.0,0.0,2300.0,11000.0,5200.0,Yes,7900.0,790.0,190400.0,96700.0,E-commerce Shopping EMI,131000.0,7,Not_Eligible,3570.0
38.0,Female,Married,Graduate,77300.0,Private,3.3,Large Indian,Own,0.0,2,1,0.0,0.0,4300.0,12100.0,11500.0,Yes,17500.0,702.0,282500.0,67000.0,Home Appliances EMI,146000.0,29,Eligible,11165.0
38.0,Male,Married,Professional,86900.0,Government,5.7,Large Indian,Family,0.0,2,1,0.0,21600.0,9300.0,13700.0,12600.0,Yes,11300.0,810.0,516400.0,273700.0,Home Appliances EMI,275000.0,14,Not_Eligible,8500.8
32.0,Female,Married,Post Graduate,101500.0,Self-employed,10.0,Mid-size,Own,0.0,3,2,5800.0,0.0,11700.0,15900.0,5200.0,No,0.0,839.0,412400.0,234700.0,Education EMI,160000.0,44,Eligible,33966.0
32.0,Female,Single,Professional,87000.0,Self-employed,0.9,Mid-size,Family,0.0,3,2,0.0,0.0,9100.0,13700.0,12900.0,Yes,9800.0,719.0,381900.0,96500.0,Personal Loan EMI,472000.0,37,Not_Eligible,13072.5
32.0,Male,Married,Graduate,49500.0,Government,6.0,MNC,Own,0.0,4,3,2700.0,23800.0,5000.0,11600.0,7900.0,Yes,9900.0,742.0,190800.0,71000.0,E-commerce Shopping EMI,192000.0,20,Not_Eligible,500.0
48.0,Male,Married,Post Graduate,86200.0,Private,9.3,MNC,Rented,13600.0,3,2,0.0,23500.0,9800.0,16600.0,15800.0,Yes,21800.0,616.0,627300.0,198400.0,Home Appliances EMI,220000.0,15,Not_Eligible,500.0
48.0,Male,Married,Graduate,18000.0,Private,6.9,MNC,Rented,4600.0,3,2,5500.0,0.0,1200.0,4500.0,3300.0,No,0.0,725.0,73500.0,31600.0,Education EMI,67000.0,13,Not_Eligible,500.0
58.0,Male,Married,Post Graduate,49900.0,Government,12.5,Large Indian,Family,0.0,4,3,4700.0,0.0,5600.0,14800.0,7400.0,No,0.0,850.0,257500.0,78200.0,Home Appliances EMI,264000.0,21,Not_Eligible,11484.0
58.0,Female,Married,Graduate,17000.0,Private,13.9,Mid-size,Own,0.0,4,3,0.0,0.0,2300.0,2600.0,2500.0,No,0.0,642.0,67000.0,26500.0,E-commerce Shopping EMI,54000.0,4,Not_Eligible,3840.0
58.0,Female,Married,Graduate,32700.0,Private,2.3,Large Indian,Rented,5600.0,3,2,0.0,0.0,3400.0,5400.0,4200.0,No,0.0,679.0,128600.0,75900.0,Education EMI,435000.0,19,Not_Eligible,7050.0
27.0,Female,Single,Post Graduate,85500.0,Self-employed,1.6,MNC,Family,0.0,1,0,0.0,0.0,8500.0,14800.0,6000.0,No,0.0,704.0,524000.0,209200.0,E-commerce Shopping EMI,37000.0,9,Eligible,27819.0
38.0,Male,Married,Graduate,68900.0,Government,0.5,Mid-size,Own,0.0,5,4,0.0,23400.0,9100.0,11300.0,6600.0,Yes,7900.0,686.0,508400.0,101900.0,Education EMI,195000.0,40,Not_Eligible,4081.0
38.0,Female,Married,Professional,92700.0,Private,0.5,Mid-size,Rented,23000.0,3,2,0.0,0.0,7800.0,14700.0,18100.0,Yes,21100.0,713.0,464600.0,174200.0,Education EMI,69000.0,29,Not_Eligible,2240.0
48.0,Female,Married,Professional,70300.0,Private,7.5,MNC,Rented,13700.0,3,2,8500.0,22400.0,9600.0,17100.0,3800.0,Yes,16000.0,755.0,431600.0,206200.0,Personal Loan EMI,650000.0,16,Not_Eligible,500.0
38.0,Male,Married,High School,22600.0,Government,10.1,Startup,Own,0.0,3,2,0.0,0.0,1200.0,4500.0,3500.0,No,0.0,804.0,51300.0,12600.0,Personal Loan EMI,921000.0,23,Not_Eligible,8844.0
38.0,Male,Married,Professional,139800.0,Private,5.1,MNC,Rented,43100.0,5,4,4400.0,0.0,15500.0,30800.0,12000.0,Yes,19200.0,741.0,,428500.0,E-commerce Shopping EMI,25000.0,14,Eligible,5698.0
38.0,Female,Married,Post Graduate,49200.0,Government,4.4,Large Indian,Own,0.0,2,1,4400.0,0.0,3900.0,12900.0,4300.0,Yes,14000.0,750.0,384600.0,205400.0,Home Appliances EMI,273000.0,7,Not_Eligible,4929.54
48.0,Female,Married,Graduate,15000.0,Private,5.7,MNC,Family,0.0,2,1,14500.0,0.0,2000.0,3700.0,900.0,No,0.0,746.0,19100.0,6100.0,Home Appliances EMI,157000.0,26,Not_Eligible,500.0
27.0,Female,Single,Post Graduate,46300.0,Government,0.5,Large Indian,Family,0.0,1,0,0.0,0.0,2500.0,9700.0,7700.0,Yes,13500.0,644.0,189200.0,96100.0,Vehicle EMI,533000.0,56,Not_Eligible,3612.0
58.0,Female,Married,High School,68800.0,Private,25.7,Mid-size,Own,0.0,3,2,14000.0,0.0,10300.0,16400.0,6000.0,Yes,13000.0,693.0,133600.0,76500.0,Home Appliances EMI,83000.0,14,Not_Eligible,2548.0
38.0,Male,Married,Post Graduate,52500.0,Government,0.7,MNC,Rented,17300.0,2,1,5400.0,6400.0,6800.0,12400.0,2800.0,Yes,7900.0,743.0,129000.0,64800.0,E-commerce Shopping EMI,198000.0,23,Not_Eligible,500.0
38.0,Male,Married,Graduate,24800.0,Self-employed,2.0,Mid-size,Rented,3900.0,4,3,0.0,13000.0,3700.0,7000.0,3300.0,No,0.0,740.0,14400.0,8400.0,Education EMI,381000.0,26,Not_Eligible,500.0
58.0,Male,Married,Post Graduate,50900.0,Government,27.1,Large Indian,Own,0.0,3,2,14700.0,0.0,4300.0,10900.0,2900.0,No,0.0,786.0,291500.0,128600.0,Personal Loan EMI,249000.0,36,Eligible,11946.0
32.0,Male,Married,Graduate,20000.0,Private,1.2,Mid-size,Family,0.0,2,1,10900.0,0.0,2400.0,5300.0,3800.0,Yes,5200.0,740.0,13500.0,6400.0,Vehicle EMI,210000.0,66,Not_Eligible,500.0
27.0,Male,Single,Post Graduate,49700.0,Private,0.6,Startup,Rented,13800.0,2,1,0.0,0.0,6700.0,7800.0,8200.0,No,0.0,627.0,365600.0,98800.0,Education EMI,300000.0,32,Not_Eligible,4646.4
38.0,Male,Married,Graduate,53000.0,Self-employed,3.2,Mid-size,Rented,11700.0,3,2,14900.0,0.0,7100.0,15200.0,9400.0,No,0.0,665.0,369900.0,184600.0,Vehicle EMI,486000.0,44,Not_Eligible,500.0
27.0,Female,Single,Post Graduate,23400.0,Private,1.3,Large Indian,Family,0.0,3,2,0.0,25000.0,2900.0,4300.0,4100.0,Yes,4800.0,651.0,116700.0,62900.0,Education EMI,191000.0,39,Not_Eligible,500.0
27.0,Female,Single,Graduate,36400.0,Government,4.5,MNC,Own,0.0,2,1,0.0,0.0,2800.0,7300.0,5600.0,Yes,9900.0,722.0,75600.0,44800.0,Home Appliances EMI,226000.0,33,Not_Eligible,4158.0
38.0,Female,Married,High School,38800.0,Private,3.5,MNC,Own,0.0,3,2,4100.0,0.0,4800.0,7000.0,5900.0,No,0.0,787.0,143200.0,34700.0,Vehicle EMI,574000.0,68,Not_Eligible,10200.0
48.0,Female,Married,Graduate,65200.0,Private,26.0,Startup,Family,0.0,4,3,14400.0,7700.0,9400.0,10500.0,8300.0,No,0.0,783.0,84800.0,38000.0,Personal Loan EMI,654000.0,24,Not_Eligible,7152.0
48.0,Female,Married,Graduate,73600.0,Private,2.1,Large Indian,Rented,22000.0,3,2,0.0,0.0,7400.0,21200.0,8900.0,No,0.0,628.0,454000.0,217500.0,Home Appliances EMI,64000.0,17,Eligible,6204.0
32.0,Female,Single,High School,33200.0,Private,0.5,Mid-size,Rented,6000.0,1,0,0.0,0.0,2000.0,6000.0,4600.0,No,0.0,660.0,214600.0,45600.0,Home Appliances EMI,121000.0,9,Not_Eligible,6424.0
32.0,Male,Married,High School,60800.0,Private,6.0,Large Indian,Own,0.0,3,2,2600.0,24400.0,4000.0,15700.0,4800.0,Yes,9000.0,746.0,437700.0,107000.0,Education EMI,115000.0,9,Not_Eligible,500.0
32.0,Female,Married,Post Graduate,83400.0,Private,10.0,Startup,Rented,15400.0,2,1,0.0,20000.0,9700.0,13800.0,7200.0,Yes,24100.0,722.0,82800.0,43200.0,Home Appliances EMI,98000.0,30,Not_Eligible,500.0
38.0,Male,Married,Post Graduate,39900.0,Government,9.1,Large Indian,Own,0.0,4,3,3300.0,0.0,3100.0,10600.0,2600.0,No,0.0,844.0,144500.0,75700.0,Education EMI,308000.0,42,Eligible,13398.0
38.0,Female,Married,Post Graduate,59613.0,Private,0.9,Small,Rented,13400.0,3,2,0.0,0.0,4600.0,9200.0,10600.0,Yes,16300.0,738.0,186200.0,47800.0,Personal Loan EMI,468000.0,24,Not_Eligible,1960.0
32.0,Male,Married,Post Graduate,29800.0,Private,3.7,Startup,Rented,4900.0,4,3,13500.0,0.0,2900.0,4600.0,1600.0,Yes,5400.0,652.0,26500.0,8900.0,Vehicle EMI,985000.0,22,Not_Eligible,500.0
32.0,Male,Married,High School,493902.0,Self-employed,0.8,Large Indian,Own,0.0,4,3,12600.0,0.0,2400.0,6600.0,3400.0,Yes,7000.0,680.0,118300.0,41700.0,Education EMI,367000.0,44,Not_Eligible,500.0
27.0,Male,Single,Graduate,42400.0,Private,4.2,Startup,Own,0.0,2,1,5000.0,0.0,2700.0,8300.0,5100.0,No,0.0,647.0,64300.0,27300.0,Education EMI,423000.0,44,Not_Eligible,6816.0
32.0,Male,Married,Post Graduate,88700.0,Private,2.5,Startup,Rented,14400.0,2,1,0.0,0.0,6600.0,23700.0,10600.0,No,0.0,694.0,585300.0,228600.0,Personal Loan EMI,881000.0,58,Not_Eligible,18370.0
38.0,Male,Married,Graduate,18000.0,Self-employed,7.0,Large Indian,Own,,3,2,11800.0,0.0,1400.0,5100.0,3200.0,Yes,2400.0,628.0,84400.0,45900.0,Home Appliances EMI,229000.0,22,Not_Eligible,500.0
48.0,Male,Married,Graduate,30900.0,Private,17.4,Mid-size,Family,0.0,3,2,9400.0,16700.0,4600.0,7900.0,2400.0,Yes,5100.0,671.0,231200.0,134100.0,Education EMI,432000.0,14,Not_Eligible,500.0
48.0,Male,Married,High School,46800.0,Government,14.0,Startup,Rented,13000.0,3,2,12900.0,0.0,3900.0,10000.0,8100.0,Yes,8000.0,635.0,222900.0,123400.0,E-commerce Shopping EMI,96000.0,24,Not_Eligible,500.0
48.0,Female,Married,Professional,78000.0,Self-employed,5.0,Large Indian,Own,0.0,5,4,5400.0,23600.0,6300.0,14000.0,8000.0,Yes,8800.0,746.0,307200.0,164400.0,Home Appliances EMI,30000.0,12,Eligible,3748.5
48.0,Male,Married,Graduate,102400.0,Private,20.9,Large Indian,Own,9133.0,3,2,6400.0,0.0,14400.0,29900.0,12300.0,Yes,27500.0,749.0,646600.0,223900.0,E-commerce Shopping EMI,66000.0,6,Not_Eligible,4581.5
58.0,Male,Married,Graduate,51800.0,Private,36.0,Small,Own,0.0,2,1,5500.0,6300.0,3000.0,12700.0,3400.0,No,0.0,696.0,107000.0,53400.0,Personal Loan EMI,352000.0,59,High_Risk,10450.0
38.0,Male,Married,Graduate,33300.0,Government,0.5,Mid-size,Own,0.0,2,1,9900.0,0.0,2900.0,5800.0,2200.0,Yes,7800.0,,73500.0,19900.0,E-commerce Shopping EMI,200000.0,20,Not_Eligible,1645.0
48.0,Male,Married,Post Graduate,79700.0,Private,1.7,MNC,Rented,14000.0,2,1,10300.0,0.0,7600.0,14400.0,10500.0,No,0.0,763.0,472700.0,118000.0,Vehicle EMI,731000.0,84,High_Risk,13740.0
48.0,Female,Married,Post Graduate,89900.0,Private,5.6,Large Indian,Rented,28200.0,5,4,2200.0,18800.0,9000.0,18200.0,12900.0,No,0.0,747.0,691400.0,291200.0,Personal Loan EMI,506000.0,32,Not_Eligible,500.0
38.0,Male,Married,Professional,26200.0,Private,7.3,Startup,Rented,9100.0,2,1,3300.0,0.0,1800.0,7000.0,2100.0,Yes,3500.0,678.0,129300.0,62000.0,E-commerce Shopping EMI,161000.0,22,Not_Eligible,500.0
27.0,Male,Single,Graduate,57400.0,Private,0.5,MNC,Own,0.0,2,1,4600.0,0.0,3100.0,14900.0,8300.0,No,0.0,732.0,70300.0,19300.0,Personal Loan EMI,269000.0,39,Not_Eligible,8480.0
27.0,Female,Single,Graduate,27900.0,Government,2.4,Large Indian,Rented,5500.0,2,1,9100.0,0.0,2600.0,4300.0,5500.0,No,0.0,756.0,135100.0,55200.0,E-commerce Shopping EMI,125000.0,17,Not_Eligible,540.0
27.0,Male,Single,Graduate,70800.0,Private,0.5,Startup,Family,0.0,3,2,3100.0,0.0,6400.0,12700.0,6400.0,Yes,19300.0,0.0,294200.0,172500.0,E-commerce Shopping EMI,81000.0,13,High_Risk,7694.4
32.0,Female,Single,Graduate,18000.0,Private,1.3,Large Indian,Own,0.0,1,0,0.0,0.0,1300.0,4400.0,1100.0,Yes,5400.0,570.0,102200.0,40300.0,Personal Loan EMI,813000.0,17,Not_Eligible,1624.0
38.0,Female,Married,Graduate,64300.0,Self-employed,15.1,MNC,Rented,12300.0,3,2,5900.0,0.0,3700.0,14100.0,10000.0,No,0.0,763.0,501600.0,178500.0,E-commerce Shopping EMI,119000.0,12,High_Risk,10870.2
58.0,Male,Married,High School,30200.0,Government,1.6,MNC,Own,0.0,3,2,8400.0,0.0,4100.0,7700.0,6000.0,No,0.0,797.0,111900.0,45200.0,Home Appliances EMI,244000.0,34,Not_Eligible,2400.0
32.0,Male,Married,High School,26100.0,Private,0.5,Small,Rented,5200.0,5,4,4800.0,0.0,1300.0,5900.0,2700.0,Yes,5300.0,566.0,39900.0,11500.0,Personal Loan EMI,840000.0,34,Not_Eligible,500.0
32.0,Female,Married,Graduate,65000.0,Private,7.6,Startup,Own,0.0,3,2,0.0,0.0,9700.0,11400.0,10000.0,No,0.0,768.0,107100.0,46000.0,Education EMI,172000.0,16,Eligible,16272.0
27.0,Female,Single,Post Graduate,19500.0,Private,1.9,Mid-size,Family,0.0,2,1,0.0,17900.0,2400.0,4800.0,3400.0,Yes,2200.0,668.0,51200.0,27500.0,Education EMI,288000.0,21,Not_Eligible,500.0
32.0,Male,Married,High School,46700.0,Private,3.4,Mid-size,Rented,7100.0,2,1,5300.0,0.0,5100.0,13800.0,3900.0,Yes,12900.0,763.0,172900.0,76200.0,Home Appliances EMI,97000.0,9,Not_Eligible,500.0
58.0,Male,Married,Post Graduate,56000.0,Private,21.9,MNC,Own,0.0,3,2,4200.0,12200.0,5400.0,12000.0,10700.0,Yes,7800.0,665.0,333600.0,177800.0,Vehicle EMI,492000.0,52,Not_Eligible,1295.0
38.0,Male,Married,Graduate,38600.0,Self-employed,6.7,Startup,Own,0.0,2,1,2600.0,0.0,5000.0,8000.0,3300.0,Yes,6500.0,662.0,179700.0,78000.0,Personal Loan EMI,374000.0,39,Not_Eligible,4158.0
48.0,Female,Married,Post Graduate,107300.0,Private,1.0,Large Indian,Family,0.0,4,3,0.0,17100.0,14800.0,17700.0,18500.0,Yes,15100.0,704.0,221500.0,80900.0,Education EMI,477000.0,6,Not_Eligible,8435.0
58.0,Male,Married,Professional,56600.0,Private,14.4,Mid-size,Family,0.0,3,2,4700.0,0.0,7900.0,10500.0,7200.0,No,0.0,831.0,441800.0,246400.0,Education EMI,172000.0,34,Eligible,17358.0
58.0,Male,Married,Post Graduate,80500.0,Private,12.0,Large Indian,Own,0.0,2,1,3300.0,0.0,8000.0,13600.0,12400.0,Yes,21200.0,737.0,603400.0,264100.0,Personal Loan EMI,949000.0,12,Not_Eligible,8470.0
27.0,Female,Married,Graduate,92400.0,Government,1.0,MNC,Own,0.0,3,2,0.0,23200.0,5000.0,17500.0,12000.0,Yes,22300.0,768.0,389900.0,167900.0,Home Appliances EMI,149000.0,32,Not_Eligible,5208.0
27.0,Female,Single,Graduate,42300.0,Government,1.7,Mid-size,Own,0.0,2,1,0.0,0.0,5200.0,9300.0,6800.0,No,0.0,704.0,237800.0,125600.0,Vehicle EMI,429000.0,24,Not_Eligible,10500.0
32.0,Female,Married,Professional,51700.0,Private,4.1,Mid-size,Own,0.0,4,3,0.0,0.0,6500.0,9200.0,7100.0,No,0.0,674.0,42800.0,10000.0,Education EMI,310000.0,22,Not_Eligible,11560.0
38.0,Female,Married,Graduate,20400.0,Government,7.2,MNC,Rented,7100.0,3,2,11600.0,22300.0,2000.0,5700.0,2000.0,No,0.0,719.0,62200.0,24500.0,Personal Loan EMI,341000.0,20,Not_Eligible,500.0
32.0,Male,Married,Post Graduate,19500.0,Private,0.5,Startup,Family,0.0,4,3,7100.0,0.0,1000.0,3600.0,3500.0,No,0.0,681.0,95900.0,25600.0,Personal Loan EMI,542000.0,17,Not_Eligible,1720.0
27.0,Male,Single,Post Graduate,45000.0,Private,1.5,MNC,Family,0.0,3,2,4900.0,0.0,3800.0,7000.0,3700.0,No,0.0,758.0,265200.0,74100.0,Education EMI,233000.0,18,High_Risk,15360.0
48.0,Male,Married,High School,62000.0,Private,10.8,Mid-size,Rented,17800.0,4,3,2200.0,0.0,6900.0,18200.0,5800.0,No,0.0,726.0,87100.0,30700.0,Personal Loan EMI,823000.0,28,Not_Eligible,4440.0
32.0,Female,Married,Post Graduate,31400.0,Private,5.1,Large Indian,Rented,8000.0,4,3,0.0,0.0,2200.0,6800.0,6000.0,Yes,3600.0,675.0,162800.0,52300.0,Personal Loan EMI,430000.0,50,Not_Eligible,1680.0
48.0,Male,Married,Graduate,20000.0,Private,9.5,Large Indian,Own,0.0,3,2,6400.0,0.0,2700.0,3800.0,3400.0,No,0.0,675.0,158900.0,61300.0,Education EMI,311000.0,30,Not_Eligible,2035.0
38.0,Female,Married,High School,23800.0,Private,3.0,Large Indian,Rented,6700.0,4,3,9800.0,18300.0,2100.0,6100.0,3300.0,Yes,4100.0,688.0,50800.0,16800.0,Home Appliances EMI,151000.0,19,Not_Eligible,500.0
38.0,Male,Married,Graduate,47500.0,Private,1.2,MNC,Own,0.0,3,2,4800.0,0.0,5600.0,7400.0,8600.0,No,0.0,629.0,363000.0,,Home Appliances EMI,132000.0,17,High_Risk,9284.0
32.0,Male,Married,Professional,78900.0,Private,5.0,MNC,Own,0.0,3,2,9500.0,0.0,10500.0,17100.0,6800.0,No,0.0,768.0,142000.0,57100.0,E-commerce Shopping EMI,148000.0,9,Not_Eligible,16800.0
27.0,Female,Single,High School,59200.0,Private,0.5,MNC,Rented,9300.0,1,0,0.0,0.0,5100.0,15100.0,4200.0,No,0.0,687.0,460300.0,224700.0,Vehicle EMI,947000.0,81,Not_Eligible,11220.0
27.0,Female,Married,Graduate,82600.0,Government,1.2,Mid-size,Family,0.0,4,3,5200.0,0.0,8000.0,18800.0,12900.0,No,0.0,783.0,498600.0,292000.0,Personal Loan EMI,933000.0,21,Not_Eligible,24882.0
58.0,Female,Married,Post Graduate,55200.0,Private,1.3,Mid-size,Rented,10100.0,4,3,0.0,0.0,3400.0,15700.0,8000.0,Yes,16300.0,556.0,151600.0,39900.0,Vehicle EMI,129000.0,41,Not_Eligible,500.0
58.0,Male,Married,High School,38900.0,Private,7.0,Startup,Own,0.0,4,3,11100.0,18500.0,2200.0,6000.0,5600.0,No,0.0,687.0,285200.0,115900.0,Vehicle EMI,1417000.0,65,Not_Eligible,500.0
32.0,Male,Married,Professional,87600.0,Private,4.9,Startup,Rented,23500.0,3,2,9800.0,0.0,11800.0,22600.0,8300.0,No,0.0,738.0,578600.0,195400.0,Vehicle EMI,223000.0,16,Not_Eligible,6380.0
58.0,Male,Married,Post Graduate,96900.0,Private,8.0,MNC,Family,0.0,3,2,13100.0,0.0,6200.0,24300.0,8600.0,Yes,18100.0,689.0,465300.0,201600.0,Home Appliances EMI,129000.0,25,Eligible,9310.0
58.0,Female,Married,Graduate,50000.0,Self-employed,3.5,MNC,Rented,8600.0,2,1,0.0,0.0,3100.0,13600.0,7300.0,No,0.0,751.0,167200.0,98600.0,Home Appliances EMI,102000.0,20,Eligible,9396.0
48.0,Female,Married,Professional,41200.0,Private,6.6,MNC,Rented,12100.0,5,4,14700.0,0.0,4900.0,11300.0,6000.0,Yes,4600.0,581.0,295300.0,148600.0,Home Appliances EMI,60000.0,17,Not_Eligible,500.0
38.0,Male,Married,Graduate,56400.0,Private,2.3,Large Indian,Own,0.0,2,1,4400.0,20600.0,4600.0,14500.0,4800.0,Yes,15900.0,624.0,192800.0,103000.0,Vehicle EMI,240000.0,27,Not_Eligible,500.0
38.0,Male,Married,Graduate,54900.0,Private,5.0,Startup,Rented,18800.0,2,1,0.0,0.0,3700.0,10000.0,7100.0,No,0.0,684.0,216300.0,100900.0,Education EMI,411000.0,16,Not_Eligible,7650.0
32.0,Female,Married,Post Graduate,122800.0,Private,3.9,Startup,Own,0.0,5,4,0.0,0.0,10000.0,35400.0,8100.0,Yes,34200.0,626.0,358400.0,87900.0,Education EMI,482000.0,46,Not_Eligible,9828.0
38.0,Male,Married,Post Graduate,56800.0,Private,2.4,MNC,Own,0.0,2,1,13300.0,0.0,7400.0,15800.0,4200.0,No,0.0,685.0,123900.0,52800.0,Vehicle EMI,274000.0,65,Eligible,8050.0
48.0,Male,Single,Graduate,18900.0,Government,5.9,MNC,Own,0.0,3,2,9200.0,7600.0,2400.0,3400.0,3400.0,No,0.0,722.0,53000.0,23800.0,Vehicle EMI,1139000.0,23,Not_Eligible,500.0
58.0,Female,Married,Graduate,81200.0,Private,17.1,Small,Own,0.0,3,2,0.0,0.0,11400.0,23200.0,12900.0,Yes,16100.0,741.0,85500.0,46800.0,Vehicle EMI,805000.0,19,Not_Eligible,4928.0
38.0,Female,Single,High School,37800.0,Private,2.6,Mid-size,Own,0.0,3,2,6900.0,17100.0,3200.0,6300.0,4100.0,No,0.0,631.0,,7500.0,Home Appliances EMI,283000.0,9,Not_Eligible,500.0
58.0,Female,Single,,85900.0,Private,9.6,Mid-size,Own,0.0,2,1,12800.0,23100.0,11100.0,22300.0,7600.0,No,0.0,583.0,649000.0,376000.0,Home Appliances EMI,81000.0,19,Not_Eligible,3960.0
32.0,Female,Single,Professional,38200.0,Private,2.8,Large Indian,Family,0.0,1,0,0.0,0.0,3200.0,7600.0,4000.0,No,0.0,708.0,226600.0,81600.0,Home Appliances EMI,246000.0,28,High_Risk,11700.0
38.0,Female,Married,Post Graduate,69800.0,Government,2.2,MNC,Family,0.0,2,1,0.0,0.0,5900.0,19700.0,6800.0,Yes,16300.0,672.0,497300.0,183500.0,Education EMI,80000.0,47,Eligible,8123.5
27.0,Female,Married,Post Graduate,38100.0,Private,4.5,Large Indian,Family,0.0,5,4,3900.0,0.0,2300.0,8100.0,7600.0,Yes,5800.0,685.0,71400.0,16500.0,E-commerce Shopping EMI,44000.0,23,Eligible,2912.0
32.0,Male,Married,Post Graduate,81700.0,Private,0.7,MNC,Family,,4,3,0.0,7000.0,10500.0,16400.0,4500.0,No,0.0,592.0,298900.0,106600.0,Home Appliances EMI,191000.0,23,Eligible,13856.0
27.0,Female,Married,Graduate,78100.0,Government,3.6,Mid-size,Rented,15700.0,4,3,4400.0,0.0,6300.0,20700.0,7200.0,No,0.0,685.0,69700.0,29400.0,Home Appliances EMI,256000.0,26,Not_Eligible,10472.0
48.0,Male,Single,High School,32700.0,Private,5.2,Startup,Rented,8900.0,2,1,3800.0,0.0,4000.0,6800.0,2100.0,No,0.0,622.0,210500.0,42700.0,E-commerce Shopping EMI,87000.0,7,Not_Eligible,3124.0
38.0,Male,Married,Graduate,45800.0,Private,9.9,Mid-size,Rented,8500.0,3,2,0.0,0.0,6800.0,13400.0,7700.0,No,0.0,732.0,144600.0,51400.0,E-commerce Shopping EMI,102000.0,11,Not_Eligible,4700.0
32.0,Female,Married,Graduate,71600.0,Private,0.9,Large Indian,Family,0.0,4,3,7800.0,0.0,4800.0,19800.0,3800.0,No,0.0,699.0,50500.0,12200.0,Education EMI,438000.0,46,Not_Eligible,11328.0
58.0,Male,Married,Graduate,48800.0,Private,33.5,Startup,Own,0.0,2,1,7900.0,0.0,2500.0,10600.0,5800.0,No,0.0,717.0,129100.0,39700.0,Home Appliances EMI,134000.0,27,Eligible,11000.0
48.0,Male,Married,Post Graduate,45300.0,Private,20.2,Mid-size,Rented,14700.0,3,2,0.0,11100.0,2300.0,9400.0,6400.0,No,0.0,711.0,311300.0,98000.0,Education EMI,331000.0,46,Not_Eligible,770.0
32.0,Female,Married,Post Graduate,63600.0,Private,2.8,Mid-size,Own,0.0,4,3,13700.0,0.0,3500.0,13300.0,10300.0,No,0.0,603.0,132900.0,68500.0,Personal Loan EMI,646000.0,33,Not_Eligible,9120.0
32.0,Male,Married,Graduate,46400.0,Government,2.5,Large Indian,Rented,9900.0,3,2,5400.0,0.0,6900.0,11600.0,5300.0,Yes,7700.0,733.0,192000.0,76500.0,Personal Loan EMI,199000.0,34,Not_Eligible,500.0
32.0,Male,Married,Graduate,53300.0,Private,4.1,Startup,Family,0.0,3,2,0.0,0.0,6400.0,15500.0,6800.0,No,0.0,668.0,279200.0,118100.0,Vehicle EMI,927000.0,61,Not_Eligible,12300.0
38.0,Female,Married,Graduate,48700.0,Self-employed,3.9,Mid-size,Rented,17000.0,3,2,0.0,7500.0,6800.0,12700.0,3900.0,Yes,11000.0,711.0,369100.0,157500.0,Vehicle EMI,829000.0,77,Not_Eligible,500.0
48.0,Male,Single,Graduate,33200.0,Private,6.4,Large Indian,Family,0.0,1,0,0.0,0.0,3800.0,8700.0,1800.0,Yes,6700.0,738.0,178300.0,106400.0,Home Appliances EMI,278000.0,9,Not_Eligible,4270.0
38.0,Female,Married,High School,75800.0,Private,0.8,MNC,Own,0.0,4,3,12600.0,0.0,6500.0,17700.0,10800.0,Yes,8700.0,737.0,150100.0,76800.0,E-commerce Shopping EMI,92000.0,4,Not_Eligible,4368.0
38.0,Male,Single,Graduate,51700.0,Government,3.8,Startup,Own,0.0,2,1,11900.0,0.0,2700.0,9000.0,9500.0,No,0.0,705.0,308000.0,83400.0,Personal Loan EMI,791000.0,14,Not_Eligible,10230.0
27.0,Female,Married,Post Graduate,88300.0,Private,0.7,Large Indian,Rented,17200.0,3,2,9100.0,0.0,4500.0,20000.0,8500.0,No,0.0,727.0,136500.0,77000.0,Personal Loan EMI,491000.0,38,Not_Eligible,9280.0
32.0,Male,Married,Post Graduate,41300.0,Private,1.8,Mid-size,Own,0.0,3,2,12000.0,22800.0,2100.0,11900.0,4900.0,Yes,10600.0,517.0,43700.0,9000.0,Education EMI,471000.0,39,Not_Eligible,500.0
38.0,Female,Married,High School,43400.0,Private,1.3,MNC,Own,0.0,2,1,13100.0,0.0,5900.0,7400.0,8300.0,No,0.0,733.0,297900.0,165700.0,Personal Loan EMI,285000.0,34,Not_Eligible,4785.0
32.0,Female,Married,Graduate,33500.0,Private,1.5,MNC,Rented,9300.0,3,2,4500.0,18600.0,2400.0,6800.0,6500.0,No,0.0,659.0,79900.0,38800.0,Vehicle EMI,539000.0,38,Not_Eligible,500.0
32.0,Female,Married,Post Graduate,143500.0,Private,1.2,Mid-size,Own,0.0,4,3,10800.0,0.0,18600.0,24900.0,13300.0,Yes,15600.0,681.0,668900.0,281100.0,E-commerce Shopping EMI,171000.0,17,Eligible,21105.0
38.0,Female,Married,Graduate,27300.0,Private,3.3,Large Indian,Family,0.0,3,2,5500.0,0.0,3700.0,6700.0,1600.0,Yes,7600.0,529.0,115000.0,60400.0,Personal Loan EMI,730000.0,48,Not_Eligible,500.0
48.0,Female,Married,High School,18300.0,Private,16.1,Startup,Family,0.0,4,3,4700.0,0.0,1800.0,3900.0,2400.0,No,0.0,715.0,29900.0,16000.0,E-commerce Shopping EMI,199000.0,3,Not_Eligible,2200.0
27.0,Female,Single,Graduate,114700.0,Private,2.5,Large Indian,Rented,27400.0,2,1,0.0,0.0,6800.0,28600.0,14500.0,Yes,12200.0,608.0,124100.0,58800.0,Education EMI,98000.0,16,Not_Eligible,5644.8
58.0,Male,Married,Graduate,23000.0,Private,23.0,Startup,Family,0.0,3,2,2700.0,15000.0,1500.0,5900.0,4200.0,No,0.0,596.0,55100.0,17800.0,Home Appliances EMI,259000.0,13,Not_Eligible,500.0
38.0,Male,Married,Graduate,72500.0,Private,5.7,Mid-size,Family,0.0,4,3,13900.0,0.0,9800.0,12700.0,4500.0,No,0.0,809.0,232900.0,116500.0,Personal Loan EMI,488000.0,45,Eligible,18960.0
38.0,Female,Married,Graduate,29200.0,Private,4.1,Small,Rented,7900.0,3,2,0.0,0.0,3600.0,8300.0,3900.0,No,0.0,703.0,32400.0,15400.0,E-commerce Shopping EMI,121000.0,23,Not_Eligible,2200.0
48.0,Female,Married,Post Graduate,7184.0,Private,9.8,Large Indian,Family,0.0,4,3,0.0,5800.0,2000.0,10800.0,5100.0,Yes,10100.0,713.0,206300.0,92400.0,E-commerce Shopping EMI,162000.0,7,Not_Eligible,1715.0
32.0,Male,Single,Graduate,29300.0,Private,1.2,Mid-size,Own,6783.0,1,0,0.0,0.0,4100.0,8300.0,4600.0,Yes,3600.0,682.0,77100.0,31200.0,Education EMI,440000.0,20,Not_Eligible,3045.0
38.0,Male,Married,Professional,115600.0,Private,0.5,Mid-size,Family,0.0,3,2,14700.0,0.0,9400.0,26700.0,22400.0,Yes,22000.0,661.0,599000.0,346100.0,Education EMI,153000.0,17,Not_Eligible,5712.0
48.0,Female,Married,Graduate,50400.0,Government,21.9,MNC,Family,0.0,3,2,8800.0,0.0,7100.0,11100.0,7300.0,No,0.0,675.0,74500.0,20200.0,Home Appliances EMI,38000.0,13,Eligible,7084.0
48.0,Male,Married,Post Graduate,77800.0,Private,26.0,Large Indian,Own,0.0,3,2,4900.0,0.0,10200.0,22200.0,11600.0,Yes,16500.0,754.0,130600.0,76200.0,Vehicle EMI,304000.0,43,Not_Eligible,4166.4
32.0,Male,Single,Post Graduate,62200.0,Private,0.5,Mid-size,Own,0.0,2,1,0.0,11300.0,3800.0,14600.0,9000.0,No,0.0,663.0,223400.0,100800.0,Personal Loan EMI,315000.0,60,High_Risk,9400.0
38.0,Male,Single,Graduate,25500.0,Government,5.5,Small,Own,0.0,1,0,0.0,0.0,1400.0,4700.0,1600.0,Yes,5200.0,766.0,82400.0,35100.0,Home Appliances EMI,252000.0,31,Not_Eligible,5821.2
48.0,Male,Married,,43400.0,Government,3.7,Mid-size,Family,0.0,3,2,6900.0,0.0,2600.0,8500.0,7400.0,No,0.0,708.0,71300.0,19300.0,Education EMI,393000.0,21,Not_Eligible,7920.0
38.0,Male,Married,Post Graduate,60900.0,Private,1.6,MNC,Rented,9300.0,4,3,0.0,0.0,4000.0,17100.0,10700.0,Yes,9500.0,651.0,45900.0,17400.0,Home Appliances EMI,129000.0,10,Not_Eligible,2884.0
32.0,Female,Married,Graduate,99800.0,Private,1.2,MNC,Rented,15000.0,3,2,0.0,0.0,14400.0,19200.0,5400.0,No,0.0,842.0,526900.0,195700.0,Vehicle EMI,653000.0,17,Not_Eligible,27480.0
48.0,Female,Married,Graduate,40300.0,Self-employed,3.8,Small,Family,0.0,5,4,3000.0,0.0,4900.0,9600.0,4900.0,No,0.0,672.0,242300.0,125800.0,Home Appliances EMI,245000.0,31,Not_Eligible,8860.5
32.0,Female,Married,Post Graduate,26000.0,Private,0.5,MNC,Rented,3900.0,2,1,13900.0,0.0,3700.0,5100.0,4800.0,No,0.0,757.0,129100.0,57200.0,Education EMI,330000.0,27,Not_Eligible,500.0
32.0,Male,Married,High School,35500.0,Private,0.6,Large Indian,Rented,9300.0,3,2,7400.0,0.0,2900.0,7600.0,6100.0,No,0.0,707.0,209600.0,67500.0,E-commerce Shopping EMI,64000.0,23,Not_Eligible,880.0
38.0,Male,Married,High School,44800.0,Private,0.6,Startup,Rented,9500.0,3,2,0.0,9200.0,3300.0,11500.0,6500.0,No,0.0,633.0,292500.0,148400.0,Personal Loan EMI,96000.0,38,Not_Eligible,1689.6
58.0,Male,Married,Graduate,84100.0,Private,10.8,Large Indian,Family,0.0,3,2,4800.0,0.0,7500.0,23600.0,11200.0,No,0.0,770.0,184200.0,87600.0,Home Appliances EMI,185000.0,24,Eligible,22200.0
32.0,Male,Married,Graduate,36500.0,Private,1.7,Large Indian,Family,0.0,4,3,4900.0,20800.0,2300.0,5800.0,3900.0,Yes,7700.0,610.0,234700.0,128800.0,Vehicle EMI,1120000.0,12,Not_Eligible,500.0
27.0,Female,Single,Post Graduate,112819.0,Government,0.7,Startup,Family,0.0,1,0,0.0,0.0,12500.0,17100.0,11200.0,Yes,32900.0,681.0,719700.0,299200.0,Home Appliances EMI,208000.0,23,Eligible,15438.5
38.0,Female,Married,Post Graduate,70900.0,Private,0.5,Mid-size,Rented,10900.0,3,2,13500.0,0.0,6300.0,17600.0,12900.0,Yes,17500.0,580.0,210500.0,58400.0,Vehicle EMI,731000.0,39,Not_Eligible,500.0
58.0,Male,Married,Graduate,28200.0,Private,28.3,Startup,Family,0.0,3,2,0.0,0.0,2100.0,4600.0,2100.0,Yes,6800.0,677.0,85900.0,19100.0,Vehicle EMI,1177000.0,51,Not_Eligible,4410.0
32.0,Female,Single,High School,28400.0,Government,10.0,Startup,Rented,6000.0,3,2,5300.0,7700.0,2800.0,6600.0,5000.0,Yes,3800.0,712.0,123100.0,55700.0,Vehicle EMI,1169000.0,64,Not_Eligible,500.0
38.0,Female,Married,Graduate,40000.0,Private,0.7,MNC,Own,0.0,4,3,14900.0,0.0,5700.0,9900.0,2200.0,Yes,8600.0,637.0,214300.0,82200.0,Home Appliances EMI,146000.0,17,Not_Eligible,500.0
32.0,Female,Married,High School,75900.0,Government,4.5,Startup,Own,0.0,4,3,0.0,0.0,9300.0,15900.0,10600.0,No,0.0,727.0,334000.0,153100.0,Vehicle EMI,151000.0,76,Eligible,22055.0
38.0,Female,Married,Professional,69600.0,Private,10.4,Startup,Rented,12400.0,5,4,0.0,15800.0,5800.0,15300.0,11800.0,No,0.0,755.0,413000.0,85800.0,Education EMI,470000.0,9,Not_Eligible,5100.0
32.0,Male,Married,Graduate,62700.0,Government,3.7,MNC,Own,0.0,5,4,0.0,0.0,4700.0,14900.0,8300.0,No,0.0,698.0,65100.0,14000.0,Personal Loan EMI,282000.0,16,Not_Eligible,15312.0
38.0,Female,Married,Graduate,24800.0,Government,3.7,Mid-size,Family,0.0,3,2,6100.0,0.0,3300.0,5300.0,3300.0,Yes,3100.0,691.0,122400.0,70100.0,Vehicle EMI,1188000.0,45,Not_Eligible,1424.5
48.0,Female,Married,Professional,34800.0,Private,20.1,Startup,Own,22445.0,4,3,11400.0,24400.0,2800.0,9800.0,3700.0,Yes,4300.0,706.0,251700.0,108500.0,E-commerce Shopping EMI,115000.0,17,Not_Eligible,500.0
38.0,Male,Married,Professional,49700.0,Private,7.4,Large Indian,Family,0.0,4,3,10300.0,0.0,5300.0,13800.0,7700.0,No,0.0,629.0,261400.0,61500.0,Personal Loan EMI,864000.0,50,Not_Eligible,5040.0
38.0,Female,Married,High School,46700.0,Private,1.4,Startup,Rented,11300.0,2,1,0.0,0.0,5300.0,8300.0,3800.0,Yes,11700.0,631.0,96900.0,36300.0,Vehicle EMI,1131000.0,57,Not_Eligible,1764.0
38.0,Male,Married,Graduate,77100.0,Private,0.5,MNC,Rented,16000.0,4,3,7300.0,0.0,4700.0,19700.0,5700.0,No,0.0,753.0,376300.0,188100.0,Home Appliances EMI,248000.0,9,Not_Eligible,11376.0
32.0,Male,Married,High School,13800.0,Government,3.6,Large Indian,Rented,4600.0,4,3,8700.0,7000.0,1900.0,2200.0,2700.0,No,0.0,670.0,49300.0,24900.0,Personal Loan EMI,572000.0,16,Not_Eligible,500.0
58.0,Male,Married,Post Graduate,23400.0,Private,1.5,Startup,Own,0.0,4,3,0.0,11500.0,1400.0,6400.0,4300.0,Yes,7000.0,636.0,146200.0,78400.0,Vehicle EMI,809000.0,34,Not_Eligible,500.0
38.0,Female,Married,High School,21400.0,Private,5.8,MNC,Rented,4000.0,2,1,2800.0,0.0,2800.0,3400.0,1500.0,No,0.0,725.0,163800.0,36000.0,Home Appliances EMI,174000.0,23,Not_Eligible,3795.0
32.0,Female,Married,Graduate,44400.0,Private,7.1,Large Indian,Rented,12200.0,2,1,0.0,0.0,6400.0,7800.0,5000.0,Yes,11800.0,735.0,75600.0,31100.0,E-commerce Shopping EMI,19000.0,23,Not_Eligible,500.0
48.0,Female,Single,Graduate,47800.0,Private,9.7,MNC,Own,0.0,3,2,0.0,0.0,5900.0,11700.0,9000.0,No,0.0,784.0,90700.0,18600.0,E-commerce Shopping EMI,173000.0,11,Not_Eligible,10176.0
38.0,Male,Single,High School,49600.0,Private,0.9,Large Indian,Family,0.0,1,0,0.0,0.0,4500.0,14200.0,6800.0,Yes,14200.0,607.0,214000.0,76400.0,E-commerce Shopping EMI,167000.0,15,Not_Eligible,2217.6
27.0,Male,Married,Post Graduate,69200.0,Private,0.7,Small,Rented,21600.0,5,4,5300.0,8100.0,7700.0,10900.0,12400.0,Yes,8400.0,667.0,390700.0,126400.0,Home Appliances EMI,89000.0,29,Not_Eligible,500.0
58.0,Male,Married,Graduate,61700.0,Government,1.5,Large Indian,Own,0.0,4,3,0.0,0.0,7300.0,18400.0,11700.0,No,0.0,744.0,101200.0,58800.0,Education EMI,97000.0,36,Eligible,9720.0
38.0,Male,Married,Post Graduate,40700.0,Government,0.5,Large Indian,Rented,8600.0,3,2,9600.0,0.0,5800.0,10300.0,6500.0,Yes,9000.0,642.0,82600.0,22000.0,Education EMI,320000.0,21,Not_Eligible,500.0
38.0,Female,Married,Post Graduate,65500.0,Private,3.8,Startup,Rented,20100.0,4,3,6200.0,0.0,9600.0,13500.0,10400.0,Yes,6600.0,738.0,99200.0,20700.0,Education EMI,274000.0,32,Not_Eligible,500.0
32.0,Male,Married,Graduate,93100.0,Self-employed,0.5,MNC,Own,0.0,2,1,14700.0,0.0,13700.0,27400.0,11300.0,Yes,27200.0,619.0,535400.0,192400.0,Home Appliances EMI,205000.0,31,Not_Eligible,500.0
48.0,Female,Married,Post Graduate,38300.0,Private,7.5,Mid-size,Rented,12700.0,4,3,0.0,0.0,5600.0,9400.0,6500.0,Yes,4000.0,684.0,225400.0,64900.0,Home Appliances EMI,282000.0,30,Not_Eligible,500.0
58.0,Female,Married,Graduate,66800.0,Private,21.0,MNC,Own,0.0,2,1,9100.0,9500.0,7800.0,18100.0,10300.0,No,0.0,781.0,447500.0,185600.0,Education EMI,349000.0,46,Not_Eligible,7920.0
27.0,Male,Married,Post Graduate,50000.0,Government,0.6,Large Indian,Rented,16600.0,3,2,9900.0,0.0,3600.0,11400.0,4900.0,No,0.0,677.0,211900.0,89100.0,Personal Loan EMI,819000.0,17,Not_Eligible,1800.0
48.0,Female,Married,Professional,88600.0,Government,5.2,Mid-size,Rented,21200.0,3,2,14900.0,0.0,11700.0,22700.0,10000.0,No,0.0,745.0,98000.0,47800.0,Vehicle EMI,179000.0,33,Not_Eligible,3564.0
38.0,Male,Married,High School,31600.0,Government,1.9,Mid-size,Own,0.0,4,3,7800.0,0.0,4100.0,7400.0,5700.0,Yes,9100.0,748.0,188600.0,48400.0,Home Appliances EMI,157000.0,7,Not_Eligible,500.0
32.0,Female,Married,Graduate,33500.0,Private,2.2,Large Indian,Rented,5500.0,3,2,8600.0,0.0,1800.0,9900.0,6000.0,Yes,8200.0,662.0,236100.0,64000.0,Vehicle EMI,1269000.0,16,Not_Eligible,500.0
32.0,Female,Single,Graduate,75800.0,Private,3.3,MNC,Family,0.0,2,1,10500.0,0.0,5500.0,16200.0,10300.0,Yes,8300.0,689.0,378300.0,129900.0,Education EMI,357000.0,31,Not_Eligible,8750.0
58.0,Male,Married,Graduate,30600.0,Government,0.5,Large Indian,Family,0.0,3,2,0.0,23000.0,2700.0,6500.0,2900.0,Yes,7400.0,611.0,155000.0,51000.0,E-commerce Shopping EMI,16000.0,24,Not_Eligible,500.0
38.0,Male,Married,Post Graduate,48500.0,Government,1.7,Mid-size,Rented,14300.0,2,1,0.0,0.0,3900.0,9700.0,4100.0,No,0.0,779.0,119100.0,25400.0,Vehicle EMI,178000.0,59,Eligible,9900.0
32.0,Male,Married,High School,37300.0,Private,4.5,Mid-size,Own,0.0,2,1,3600.0,0.0,5300.0,5900.0,4500.0,No,0.0,613.0,251900.0,118300.0,Vehicle EMI,1340000.0,80,Not_Eligible,7920.0
58.0,Male,Married,Professional,31900.0,Private,11.7,MNC,Rented,7300.0,3,2,5100.0,0.0,2700.0,5100.0,3300.0,No,0.0,674.0,158500.0,50200.0,Education EMI,449000.0,18,Not_Eligible,4200.0
27.0,Male,Single,Graduate,92800.0,Private,2.0,Large Indian,Own,0.0,2,1,14400.0,0.0,6600.0,25700.0,8300.0,Yes,12700.0,658.0,735500.0,256700.0,Vehicle EMI,1277000.0,16,Not_Eligible,9663.5
32.0,Female,Married,Professional,127100.0,Private,1.3,Small,Own,0.0,3,2,0.0,16100.0,9000.0,22800.0,10600.0,No,0.0,672.0,342000.0,131200.0,Home Appliances EMI,262000.0,23,Eligible,34300.0
32.0,Female,Single,Graduate,34000.0,Private,3.5,Large Indian,Rented,10000.0,2,1,5700.0,0.0,3100.0,5400.0,4800.0,No,0.0,790.0,36300.0,12200.0,Education EMI,456000.0,23,Not_Eligible,2400.0
27.0,Female,Married,Post Graduate,71000.0,Private,0.9,Large Indian,Own,0.0,2,1,4400.0,22800.0,7000.0,18600.0,14200.0,Yes,18900.0,613.0,128300.0,43200.0,Home Appliances EMI,141000.0,12,Not_Eligible,500.0
32.0,Female,Married,Post Graduate,72200.0,Government,10.0,Mid-size,Family,0.0,3,2,0.0,0.0,7500.0,20200.0,14300.0,No,0.0,709.0,155700.0,90800.0,Education EMI,412000.0,29,Not_Eligible,16610.0
58.0,Female,Married,High School,22400.0,Private,25.5,Mid-size,Own,0.0,3,2,11300.0,0.0,3100.0,6700.0,2600.0,Yes,3500.0,696.0,109400.0,36800.0,Personal Loan EMI,352000.0,39,Not_Eligible,500.0
38.0,Female,Married,Post Graduate,53400.0,Private,0.5,Large Indian,Own,0.0,3,2,6600.0,0.0,5400.0,8300.0,4000.0,No,0.0,612.0,292100.0,113200.0,Education EMI,342000.0,6,Not_Eligible,9312.0
32.0,Male,Married,Post Graduate,101200.0,Private,0.5,Startup,Rented,33000.0,2,1,13100.0,0.0,9600.0,28500.0,15000.0,Yes,29100.0,661.0,494800.0,277900.0,E-commerce Shopping EMI,154000.0,4,Not_Eligible,500.0
27.0,Male,Single,Professional,107300.0,Government,0.5,Startup,Own,0.0,2,1,12200.0,17500.0,9600.0,28700.0,10200.0,No,0.0,850.0,134400.0,79100.0,Education EMI,159000.0,32,Eligible,13968.0
38.0,Male,Married,Graduate,50600.0,Self-employed,6.8,Small,Rented,14000.0,4,3,0.0,0.0,5200.0,15100.0,5000.0,Yes,12800.0,616.0,376700.0,141900.0,Personal Loan EMI,270000.0,51,Not_Eligible,500.0
32.0,Female,Single,Graduate,42000.0,Self-employed,0.8,MNC,Own,0.0,2,1,10800.0,0.0,3900.0,6600.0,4700.0,Yes,10300.0,704.0,301200.0,73700.0,Education EMI,402000.0,36,Not_Eligible,1975.05
27.0,Female,Married,Post Graduate,56100.0,Private,1.7,MNC,Own,0.0,3,2,0.0,0.0,8200.0,14900.0,10400.0,No,0.0,766.0,364900.0,179700.0,E-commerce Shopping EMI,126000.0,11,High_Risk,14916.0
48.0,Female,Single,Graduate,59900.0,Private,3.7,MNC,Family,0.0,3,2,4000.0,0.0,3800.0,15700.0,3500.0,No,0.0,603.0,243100.0,116600.0,Vehicle EMI,1211000.0,65,Not_Eligible,13160.0
58.0,Female,Married,High School,43500.0,Government,18.3,MNC,Rented,7100.0,4,3,6400.0,0.0,4100.0,9400.0,4500.0,Yes,5300.0,733.0,98700.0,28800.0,Vehicle EMI,484000.0,33,Not_Eligible,2579.5
38.0,Male,Married,Graduate,65500.0,Private,0.5,Startup,Rented,16300.0,2,1,4600.0,0.0,9200.0,11100.0,11900.0,No,0.0,850.0,213500.0,85900.0,Education EMI,145000.0,48,Eligible,5952.0
38.0,Female,Married,Graduate,25100.0,Private,4.6,Large Indian,Rented,8200.0,3,2,10500.0,0.0,3000.0,5800.0,1500.0,Yes,6500.0,654.0,142700.0,53500.0,Home Appliances EMI,244000.0,21,Not_Eligible,500.0
27.0,Female,Single,Post Graduate,25000.0,Private,4.6,MNC,Family,0.0,2,1,3200.0,14200.0,3100.0,7200.0,4500.0,No,0.0,560.0,19700.0,10100.0,Home Appliances EMI,110000.0,14,Not_Eligible,500.0
32.0,Female,Married,Graduate,19900.0,Government,1.3,Startup,Family,0.0,3,2,0.0,0.0,1600.0,5800.0,2400.0,No,0.0,687.0,72200.0,34000.0,Home Appliances EMI,45000.0,6,Not_Eligible,5050.0
48.0,Male,Married,Post Graduate,30500.0,Government,1.4,Large Indian,Own,0.0,3,2,11300.0,0.0,2500.0,7400.0,2900.0,No,0.0,751.0,37900.0,20900.0,Education EMI,296000.0,37,Not_Eligible,3072.0
32.0,Male,Married,Graduate,67500.0,Private,2.5,Startup,Rented,20600.0,3,2,6800.0,0.0,4100.0,15900.0,11600.0,No,0.0,559.0,140800.0,74500.0,Vehicle EMI,1309000.0,46,Not_Eligible,3400.0
48.0,Male,Married,High School,66200.0,Government,0.5,Large Indian,Own,0.0,2,1,0.0,8600.0,6500.0,16400.0,4800.0,Yes,9300.0,746.0,151600.0,44100.0,E-commerce Shopping EMI,85000.0,18,Eligible,7210.0
27.0,Male,Single,Professional,132100.0,Private,0.8,Startup,Rented,37500.0,2,1,0.0,12800.0,11100.0,35100.0,8800.0,No,0.0,672.0,856100.0,202200.0,Personal Loan EMI,959000.0,45,Not_Eligible,11792.0
38.0,Female,Married,Post Graduate,113200.0,Private,2.1,Startup,Rented,17500.0,4,3,0.0,0.0,16900.0,19200.0,16100.0,No,0.0,744.0,346300.0,162100.0,Home Appliances EMI,174000.0,6,Not_Eligible,21750.0
32.0,Male,Single,Post Graduate,91500.0,Private,0.5,Mid-size,Family,0.0,1,0,0.0,0.0,7800.0,20900.0,15100.0,No,0.0,731.0,113900.0,33900.0,Education EMI,104000.0,44,Eligible,15264.0
38.0,Male,Single,Graduate,41400.0,Private,4.6,Large Indian,Own,0.0,1,0,0.0,0.0,5600.0,11900.0,8000.0,No,0.0,757.0,268000.0,126500.0,E-commerce Shopping EMI,160000.0,5,Not_Eligible,10494.0
38.0,Male,Married,Graduate,65000.0,Private,0.6,Mid-size,Family,0.0,2,1,0.0,6100.0,9300.0,10200.0,5100.0,No,0.0,694.0,102300.0,48200.0,Home Appliances EMI,226000.0,11,Not_Eligible,10976.0
32.0,Male,Single,Graduate,32300.0,Self-employed,6.6,Startup,Rented,9000.0,2,1,0.0,0.0,2500.0,9700.0,3000.0,Yes,9400.0,647.0,82100.0,46900.0,Personal Loan EMI,585000.0,16,Not_Eligible,500.0
58.0,Male,Married,Graduate,54800.0,Private,23.4,Large Indian,Own,0.0,3,2,5700.0,0.0,4700.0,15100.0,10700.0,No,0.0,733.0,94400.0,19400.0,E-commerce Shopping EMI,93000.0,19,Eligible,7440.0
32.0,Female,Married,Graduate,41300.0,Private,1.7,Large Indian,Family,0.0,3,2,0.0,0.0,4500.0,7400.0,2300.0,Yes,9700.0,650.0,174000.0,39100.0,Vehicle EMI,778000.0,60,Not_Eligible,6090.0
32.0,Male,Single,High School,23100.0,Private,2.4,Mid-size,Rented,3500.0,1,0,0.0,0.0,1500.0,4300.0,3400.0,No,0.0,666.0,167700.0,55100.0,Education EMI,328000.0,11,Not_Eligible,5720.0
38.0,Female,Married,Graduate,38900.0,Government,8.8,Large Indian,Family,0.0,4,3,0.0,11000.0,2100.0,9600.0,7100.0,No,0.0,778.0,136700.0,73500.0,Education EMI,300000.0,43,Not_Eligible,6006.0
38.0,Female,Single,Post Graduate,73200.0,Private,3.5,MNC,Rented,13200.0,1,0,0.0,0.0,9400.0,18300.0,10200.0,No,0.0,,161300.0,88700.0,Vehicle EMI,500000.0,13,Not_Eligible,11050.0
32.0,Male,Married,Graduate,35400.0,Government,0.5,MNC,Family,0.0,3,2,0.0,0.0,4000.0,8700.0,4000.0,No,0.0,759.0,86000.0,28200.0,Home Appliances EMI,274000.0,36,High_Risk,11220.0
27.0,Male,Married,Post Graduate,45100.0,Private,0.6,Mid-size,Own,0.0,4,3,11600.0,0.0,3300.0,13000.0,7600.0,No,0.0,708.0,355800.0,89300.0,E-commerce Shopping EMI,187000.0,23,Not_Eligible,4224.0
48.0,Male,Married,Post Graduate,55500.0,Private,0.5,Mid-size,Family,0.0,2,1,4500.0,22100.0,4600.0,12200.0,8900.0,No,0.0,603.0,262300.0,130700.0,Home Appliances EMI,163000.0,12,Not_Eligible,1024.0
38.0,Female,Married,Post Graduate,99400.0,Private,6.8,Mid-size,Family,0.0,2,1,10300.0,0.0,7900.0,20800.0,6600.0,Yes,18900.0,635.0,326100.0,119400.0,Vehicle EMI,787000.0,77,Not_Eligible,9772.0
58.0,Male,Married,Professional,58600.0,Private,36.0,MNC,Family,0.0,4,3,7500.0,13500.0,7400.0,11500.0,4600.0,Yes,16300.0,782.0,423900.0,110400.0,Vehicle EMI,860000.0,17,Not_Eligible,500.0
48.0,Female,Married,Professional,35500.0,Private,1.3,Startup,Family,0.0,3,2,9500.0,0.0,4400.0,5900.0,3300.0,Yes,10500.0,633.0,152700.0,84500.0,Vehicle EMI,862000.0,62,Not_Eligible,532.0
38.0,Female,Married,Graduate,446531.0,Private,1.8,MNC,Family,0.0,2,1,9300.0,0.0,7400.0,8900.0,6000.0,Yes,9100.0,741.0,394900.0,137200.0,Education EMI,439000.0,35,Not_Eligible,3965.5
48.0,Male,Married,High School,42600.0,Private,3.9,Mid-size,Own,0.0,2,1,0.0,6600.0,4700.0,10700.0,5300.0,No,0.0,697.0,259400.0,113300.0,E-commerce Shopping EMI,78000.0,7,Not_Eligible,8415.0
32.0,Male,Married,High School,38300.0,Private,0.6,Large Indian,Rented,9200.0,4,3,0.0,10400.0,5400.0,10800.0,6300.0,No,0.0,850.0,267800.0,54500.0,Personal Loan EMI,890000.0,53,Not_Eligible,500.0
27.0,Male,Married,Post Graduate,46900.0,Private,3.3,Startup,Family,0.0,4,3,12500.0,0.0,5600.0,13400.0,7300.0,No,0.0,710.0,229900.0,109900.0,Personal Loan EMI,345000.0,59,Not_Eligible,4050.0
32.0,Male,Married,Graduate,58500.0,Private,2.1,Small,Rented,17700.0,2,1,0.0,17200.0,6500.0,12000.0,10300.0,Yes,9500.0,673.0,457000.0,151100.0,E-commerce Shopping EMI,98000.0,13,Not_Eligible,500.0
32.0,Female,Married,Graduate,61600.0,Government,0.5,Large Indian,Own,0.0,4,3,0.0,0.0,3700.0,14300.0,11400.0,No,0.0,803.0,185500.0,62300.0,Education EMI,490000.0,36,High_Risk,19320.0
32.0,Female,Single,Graduate,72100.0,Private,8.0,Mid-size,Rented,17900.0,1,0,0.0,0.0,10200.0,11800.0,7700.0,No,0.0,779.0,232600.0,120000.0,Home Appliances EMI,200000.0,16,High_Risk,14700.0
48.0,Female,Married,Graduate,31100.0,Private,26.0,MNC,Own,0.0,4,3,12500.0,0.0,4000.0,5500.0,5900.0,No,0.0,759.0,102700.0,49600.0,Vehicle EMI,232000.0,16,Not_Eligible,1920.0
32.0,Female,Married,Professional,64700.0,Private,5.9,Large Indian,Family,0.0,4,3,0.0,23800.0,4800.0,19200.0,12000.0,Yes,12300.0,,408700.0,224200.0,Home Appliances EMI,127000.0,11,Not_Eligible,500.0
48.0,Male,Married,Graduate,48700.0,Private,0.5,Large Indian,Own,0.0,4,3,0.0,0.0,6400.0,9900.0,4200.0,Yes,6300.0,631.0,281300.0,112800.0,Vehicle EMI,769000.0,12,Not_Eligible,4905.6
38.0,Female,Married,Post Graduate,76000.0,Private,1.5,Mid-size,Family,0.0,5,4,0.0,6100.0,5800.0,12200.0,14900.0,No,0.0,733.0,87600.0,24300.0,Personal Loan EMI,104000.0,54,Eligible,14800.0
58.0,Female,Married,Graduate,51800.0,Private,16.8,Large Indian,Family,0.0,2,1,9200.0,0.0,5800.0,7800.0,8900.0,Yes,14400.0,700.0,241100.0,126800.0,E-commerce Shopping EMI,81000.0,8,Not_Eligible,1995.0
38.0,Female,Married,Graduate,37500.0,Private,10.4,Small,Rented,7200.0,4,3,0.0,12800.0,4400.0,6400.0,7300.0,No,0.0,639.0,171000.0,68900.0,Personal Loan EMI,827000.0,19,Not_Eligible,500.0
48.0,Male,Married,Graduate,32700.0,Private,16.1,Large Indian,Own,0.0,4,3,10600.0,0.0,1700.0,7700.0,5500.0,Yes,6400.0,640.0,192400.0,72900.0,Vehicle EMI,549000.0,84,Not_Eligible,500.0
48.0,Male,Single,Graduate,23300.0,Government,4.5,Mid-size,Family,0.0,2,1,0.0,0.0,2100.0,3900.0,2500.0,No,0.0,606.0,16700.0,8700.0,E-commerce Shopping EMI,179000.0,20,Not_Eligible,5209.6
38.0,Male,Married,Graduate,36300.0,Self-employed,0.9,Mid-size,Family,0.0,4,3,6000.0,0.0,4400.0,7500.0,3400.0,Yes,9000.0,515.0,131300.0,73900.0,Vehicle EMI,351000.0,30,Not_Eligible,945.0
32.0,Female,Married,Graduate,28400.0,Private,6.7,Mid-size,Own,0.0,2,1,0.0,0.0,1900.0,4800.0,1800.0,Yes,5200.0,676.0,154200.0,84800.0,Personal Loan EMI,78000.0,29,Eligible,5145.0
58.0,Female,Married,Professional,116700.0,Private,5.2,Large Indian,Rented,18500.0,4,3,6000.0,0.0,9800.0,29400.0,6000.0,No,0.0,783.0,624800.0,150700.0,Home Appliances EMI,281000.0,24,Eligible,28200.0
38.0,Female,Single,Graduate,54600.0,Private,7.0,Startup,Family,0.0,2,1,13200.0,22300.0,6000.0,15200.0,2900.0,Yes,12700.0,655.0,156100.0,88500.0,Vehicle EMI,301000.0,20,Not_Eligible,500.0
38.0,Male,Single,Graduate,52200.0,Private,6.1,Startup,Family,0.0,1,0,0.0,0.0,4900.0,11500.0,8500.0,Yes,11500.0,693.0,76600.0,26100.0,Education EMI,83000.0,46,Eligible,4424.0
38.0,Male,Married,High School,29900.0,Private,0.6,Large Indian,Own,0.0,2,1,3100.0,0.0,2100.0,5700.0,5000.0,Yes,5900.0,742.0,198900.0,115100.0,Home Appliances EMI,26000.0,31,Eligible,2494.8
27.0,Female,Single,Graduate,48300.0,Private,3.2,Large Indian,Family,0.0,3,2,0.0,0.0,3300.0,10900.0,3700.0,Yes,12700.0,702.0,139100.0,44200.0,Education EMI,74000.0,48,Eligible,6195.0
38.0,Male,Married,Graduate,20000.0,Government,9.4,MNC,Rented,6500.0,2,1,9600.0,0.0,1300.0,4200.0,2100.0,No,0.0,803.0,38600.0,18400.0,Home Appliances EMI,240000.0,27,Not_Eligible,500.0
58.0,Male,Married,Graduate,25300.0,Private,7.6,MNC,Rented,8600.0,3,2,2400.0,0.0,1800.0,6000.0,3000.0,Yes,6300.0,675.0,177200.0,77100.0,Vehicle EMI,1009000.0,62,Not_Eligible,500.0
38.0,Female,Married,High School,20000.0,Private,0.5,Large Indian,Own,0.0,3,2,5000.0,0.0,1500.0,4400.0,1300.0,No,0.0,605.0,74100.0,20400.0,E-commerce Shopping EMI,194000.0,15,Not_Eligible,2496.0
48.0,Male,Married,Professional,72200.0,Private,16.5,Mid-size,Own,0.0,3,2,12900.0,0.0,6200.0,20900.0,6200.0,No,0.0,711.0,566500.0,270900.0,Home Appliances EMI,278000.0,12,Not_Eligible,14300.0
58.0,Female,Married,Graduate,72200.0,Private,1.1,MNC,Rented,16300.0,3,2,0.0,13600.0,7500.0,15000.0,5900.0,No,0.0,596.0,101200.0,34600.0,Education EMI,332000.0,30,Not_Eligible,4448.0
38.0,Male,Married,Post Graduate,109000.0,Private,0.5,Mid-size,Rented,27500.0,3,2,0.0,0.0,13600.0,18800.0,14700.0,Yes,11500.0,694.0,650100.0,384600.0,E-commerce Shopping EMI,148000.0,13,Not_Eligible,6412.0
38.0,Female,Married,Graduate,26100.0,Government,0.5,Large Indian,Own,0.0,4,3,0.0,0.0,3300.0,7800.0,4300.0,Yes,7700.0,756.0,206300.0,73900.0,Personal Loan EMI,794000.0,38,Not_Eligible,1386.0
32.0,Female,Married,Post Graduate,34900.0,Government,2.9,Mid-size,Family,0.0,3,2,0.0,0.0,3600.0,8100.0,5300.0,No,0.0,850.0,186800.0,102600.0,Home Appliances EMI,88000.0,33,Eligible,10740.0
32.0,Female,Married,Professional,67200.0,Private,6.4,Mid-size,Own,0.0,3,2,0.0,23800.0,3600.0,18600.0,13000.0,No,0.0,684.0,204500.0,55400.0,Education EMI,93000.0,35,Eligible,4100.0
27.0,Male,Married,Graduate,58300.0,Private,0.6,MNC,Rented,17600.0,5,4,11600.0,17300.0,7700.0,10200.0,4800.0,Yes,15300.0,682.0,381800.0,225800.0,Personal Loan EMI,278000.0,27,Not_Eligible,500.0
48.0,Male,Married,Graduate,15000.0,Government,0.5,MNC,Own,0.0,4,3,0.0,21100.0,1900.0,3700.0,1700.0,Yes,1800.0,710.0,32900.0,19200.0,Personal Loan EMI,723000.0,45,Not_Eligible,500.0
48.0,Male,Married,Post Graduate,53900.0,Government,0.7,Mid-size,Own,0.0,2,1,0.0,0.0,6700.0,9300.0,6000.0,No,0.0,746.0,266100.0,77000.0,Home Appliances EMI,83000.0,13,Eligible,15950.0
58.0,Female,Married,Professional,93400.0,Private,7.3,Large Indian,Rented,29100.0,2,1,5200.0,13600.0,7700.0,27400.0,17600.0,No,0.0,660.0,,304900.0,Home Appliances EMI,121000.0,28,Not_Eligible,500.0
27.0,Female,Married,Professional,57600.0,Private,1.3,MNC,Family,0.0,4,3,13700.0,0.0,7200.0,8800.0,10500.0,Yes,7800.0,648.0,425300.0,87700.0,E-commerce Shopping EMI,181000.0,3,Not_Eligible,2956.8
48.0,Female,Married,Professional,68500.0,Private,6.0,Mid-size,Own,0.0,4,3,0.0,0.0,9500.0,18100.0,11100.0,Yes,18400.0,674.0,361200.0,99500.0,Personal Loan EMI,940000.0,26,Not_Eligible,3990.0
58.0,Male,Married,High School,35400.0,Government,36.0,Large Indian,Rented,8700.0,3,2,6000.0,0.0,4300.0,8800.0,3800.0,No,0.0,722.0,172300.0,36700.0,Home Appliances EMI,202000.0,20,Not_Eligible,2090.0
38.0,Male,Married,Graduate,67600.0,Private,2.1,Large Indian,Rented,15800.0,2,1,0.0,23900.0,3700.0,15000.0,7700.0,Yes,17200.0,584.0,344500.0,104900.0,Education EMI,100000.0,17,Not_Eligible,500.0
32.0,Female,Married,Post Graduate,67100.0,Private,4.6,Large Indian,Own,0.0,3,2,5000.0,0.0,9200.0,14200.0,4700.0,No,0.0,687.0,153900.0,67300.0,Home Appliances EMI,195000.0,18,Eligible,17000.0
32.0,Female,Married,Post Graduate,61500.0,Government,1.3,Large Indian,Own,0.0,3,2,7300.0,0.0,6600.0,14700.0,8500.0,Yes,8500.0,769.0,406800.0,165400.0,Education EMI,392000.0,7,Not_Eligible,7345.8
48.0,Male,Married,Post Graduate,111500.0,Private,5.3,Large Indian,Family,0.0,3,2,10800.0,17400.0,10100.0,31900.0,10800.0,No,0.0,732.0,180300.0,88300.0,Vehicle EMI,493000.0,75,Eligible,12200.0
32.0,Female,Married,Graduate,71700.0,Private,0.6,Small,Own,0.0,5,4,13500.0,0.0,5200.0,19200.0,10400.0,Yes,21200.0,1200.0,358800.0,189700.0,Education EMI,438000.0,15,Not_Eligible,616.0
38.0,Female,Married,Graduate,94400.0,Private,11.3,Large Indian,Rented,23600.0,3,2,0.0,0.0,9800.0,19100.0,8700.0,Yes,12700.0,717.0,91800.0,44400.0,Vehicle EMI,1040000.0,76,Not_Eligible,5740.0
32.0,Male,Married,Graduate,50600.0,Government,0.5,Large Indian,Rented,14700.0,5,4,0.0,20500.0,6200.0,9500.0,8200.0,No,0.0,797.0,207900.0,90000.0,Education EMI,325000.0,31,Not_Eligible,500.0
38.0,Male,Married,Graduate,74600.0,Private,2.8,Large Indian,Family,0.0,3,2,0.0,0.0,7900.0,22000.0,4600.0,Yes,9100.0,592.0,123000.0,55500.0,Personal Loan EMI,174000.0,51,Eligible,6944.0
27.0,Female,Married,Post Graduate,91300.0,Private,3.0,MNC,Rented,22100.0,3,2,0.0,0.0,4800.0,15800.0,11600.0,Yes,16300.0,707.0,587500.0,274300.0,Personal Loan EMI,283000.0,60,High_Risk,7969.5
48.0,Male,Married,Professional,22500.0,Private,14.1,Startup,Own,0.0,3,2,0.0,0.0,2700.0,4700.0,1600.0,Yes,4300.0,666.0,43500.0,15400.0,Vehicle EMI,1449000.0,48,Not_Eligible,2576.0
58.0,Male,Married,Post Graduate,39300.0,Private,8.8,Small,Rented,11100.0,3,2,7600.0,8100.0,2100.0,7700.0,5200.0,No,0.0,679.0,210600.0,57700.0,Education EMI,117000.0,42,Not_Eligible,500.0
58.0,Male,Married,High School,31200.0,Private,7.3,Large Indian,Own,0.0,3,2,13400.0,0.0,2700.0,5300.0,2000.0,No,0.0,686.0,73500.0,28700.0,E-commerce Shopping EMI,164000.0,10,Not_Eligible,3900.0
58.0,Female,Married,Professional,53200.0,Government,7.3,Large Indian,Own,0.0,3,2,0.0,0.0,6800.0,8900.0,3500.0,Yes,11900.0,680.0,169400.0,59900.0,Home Appliances EMI,191000.0,23,Not_Eligible,8508.5
38.0,Male,Married,Professional,66700.0,Private,1.4,Large Indian,Family,0.0,3,2,2600.0,0.0,9600.0,10000.0,12800.0,Yes,10700.0,631.0,113900.0,50700.0,Home Appliances EMI,247000.0,6,Not_Eligible,4704.0
32.0,Female,Married,Graduate,21100.0,Private,0.5,MNC,Rented,7300.0,5,4,5700.0,0.0,2900.0,5800.0,2500.0,No,0.0,603.0,122500.0,29100.0,Vehicle EMI,230000.0,35,Not_Eligible,500.0
38.0,Male,Single,Professional,106700.0,Private,5.5,Large Indian,Family,0.0,2,1,0.0,0.0,14700.0,30100.0,20100.0,Yes,31600.0,702.0,160100.0,68800.0,Education EMI,345000.0,12,Not_Eligible,2856.0
32.0,Female,Married,,61800.0,Private,0.5,Large Indian,Family,0.0,3,2,0.0,0.0,6300.0,18000.0,6300.0,Yes,16300.0,678.0,38900.0,21000.0,Education EMI,175000.0,8,Not_Eligible,3337.6
48.0,Male,Married,Graduate,49000.0,Private,4.4,MNC,Rented,14100.0,2,1,0.0,0.0,2500.0,11600.0,5100.0,No,0.0,670.0,292200.0,157600.0,Vehicle EMI,1248000.0,40,Not_Eligible,7850.0
38.0,Male,Married,Professional,182100.0,Private,4.0,Large Indian,Own,0.0,3,2,0.0,23000.0,9200.0,41500.0,34500.0,No,0.0,750.0,335900.0,141300.0,Home Appliances EMI,223000.0,22,Eligible,35472.0
38.0,Male,Married,Post Graduate,87700.0,Private,1.5,Startup,Rented,17900.0,4,3,14300.0,0.0,7500.0,18200.0,5600.0,No,0.0,755.0,314100.0,114900.0,Home Appliances EMI,242000.0,33,Eligible,14520.0
38.0,Female,Married,Graduate,75600.0,Government,9.6,MNC,Family,0.0,2,1,0.0,0.0,10200.0,19400.0,6300.0,Yes,8100.0,813.0,383900.0,182100.0,Education EMI,447000.0,6,Not_Eligible,14599.2
58.0,Male,Married,Graduate,29500.0,Self-employed,1.9,MNC,Own,0.0,3,2,0.0,8600.0,1800.0,4600.0,5400.0,No,0.0,667.0,173500.0,49100.0,E-commerce Shopping EMI,145000.0,3,Not_Eligible,4095.0
32.0,Male,Single,Post Graduate,59000.0,Private,2.8,Small,Rented,15000.0,1,0,0.0,0.0,7100.0,12600.0,11200.0,No,0.0,587.0,185900.0,109000.0,Vehicle EMI,517000.0,81,Not_Eligible,5240.0
58.0,Female,Married,Post Graduate,68900.0,Private,6.4,Startup,Rented,16900.0,5,4,0.0,0.0,7500.0,11400.0,13800.0,No,0.0,715.0,451800.0,209100.0,E-commerce Shopping EMI,39000.0,6,Eligible,10615.0
32.0,Male,Married,High School,75300.0,Private,0.5,Large Indian,Own,0.0,4,3,0.0,0.0,9000.0,13100.0,5100.0,Yes,12100.0,582.0,109200.0,35100.0,Personal Loan EMI,345000.0,28,Not_Eligible,6451.2
48.0,Male,Married,Graduate,49200.0,Private,5.3,Large Indian,Family,0.0,3,2,0.0,22000.0,7100.0,9100.0,5600.0,Yes,14500.0,701.0,26200.0,13200.0,Personal Loan EMI,54000.0,38,Not_Eligible,500.0
32.0,Male,Married,Graduate,33100.0,Government,8.0,Mid-size,Rented,5300.0,5,4,0.0,15700.0,4500.0,8100.0,4300.0,No,0.0,687.0,28000.0,7400.0,E-commerce Shopping EMI,32000.0,8,Not_Eligible,500.0
32.0,Female,Married,Graduate,91400.0,Private,1.7,Large Indian,Family,0.0,4,3,0.0,0.0,6900.0,23400.0,13700.0,No,0.0,676.0,554100.0,177000.0,Home Appliances EMI,193000.0,12,Eligible,26070.0
58.0,Male,Married,High School,42700.0,Private,3.0,MNC,Family,0.0,4,3,8800.0,0.0,3600.0,10400.0,3100.0,No,0.0,652.0,295600.0,155900.0,Vehicle EMI,812000.0,82,Not_Eligible,9240.0
27.0,Female,Single,Post Graduate,42200.0,Private,4.0,Mid-size,Own,0.0,2,1,12300.0,0.0,3300.0,8000.0,4200.0,No,0.0,658.0,118500.0,39400.0,Vehicle EMI,171000.0,67,Eligible,7200.0
48.0,Male,Married,Professional,86800.0,Private,2.9,Startup,Rented,25000.0,2,1,5100.0,0.0,5800.0,24100.0,14700.0,Yes,25400.0,732.0,239100.0,143400.0,Vehicle EMI,764000.0,31,Not_Eligible,500.0
32.0,Male,Single,Graduate,44800.0,Private,5.6,MNC,Own,0.0,2,1,5300.0,0.0,5200.0,8900.0,6100.0,No,0.0,685.0,162800.0,83300.0,Vehicle EMI,1080000.0,37,Not_Eligible,9650.0
48.0,Male,Married,High School,12900.0,Private,15.2,Large Indian,Rented,3200.0,2,1,4400.0,0.0,1800.0,2500.0,1900.0,Yes,3500.0,611.0,7900.0,3800.0,Vehicle EMI,1401000.0,44,Not_Eligible,500.0
32.0,Female,Married,Graduate,47700.0,Self-employed,1.9,Mid-size,Own,0.0,4,3,0.0,0.0,3000.0,13100.0,8800.0,No,0.0,720.0,161100.0,95600.0,Personal Loan EMI,594000.0,59,Not_Eligible,10260.0
27.0,Male,Single,Graduate,52300.0,Private,0.5,Large Indian,Own,0.0,1,0,0.0,0.0,4400.0,13700.0,6100.0,No,0.0,569.0,330600.0,110500.0,E-commerce Shopping EMI,133000.0,8,Not_Eligible,9891.2
38.0,Male,Married,Graduate,30000.0,Private,16.0,Small,Own,0.0,3,2,14800.0,0.0,2700.0,5700.0,5200.0,Yes,7200.0,752.0,73000.0,16100.0,Personal Loan EMI,630000.0,59,Not_Eligible,500.0
27.0,Male,Single,Post Graduate,44200.0,Private,0.7,Large Indian,Own,0.0,3,2,4800.0,0.0,4400.0,9700.0,6000.0,No,0.0,705.0,186400.0,55800.0,Education EMI,133000.0,11,Not_Eligible,7720.0
27.0,Female,Married,Graduate,39700.0,Government,2.0,Large Indian,Own,0.0,3,2,14600.0,0.0,3500.0,7400.0,4800.0,No,0.0,764.0,36300.0,7900.0,Education EMI,342000.0,17,Not_Eligible,4512.0
38.0,Female,Married,Graduate,55200.0,Private,1.0,MNC,Family,0.0,2,1,9600.0,0.0,2900.0,12600.0,9400.0,Yes,12800.0,600.0,303900.0,169300.0,Vehicle EMI,1185000.0,18,Not_Eligible,2212.0
32.0,Female,Married,High School,46600.0,Private,1.0,Startup,Family,0.0,3,2,9300.0,0.0,4500.0,8100.0,8800.0,No,0.0,530.0,135800.0,41900.0,Education EMI,371000.0,21,Not_Eligible,3975.0
48.0,Female,Married,Graduate,90200.0,Private,0.6,Startup,Rented,28700.0,2,1,7300.0,0.0,7600.0,26700.0,15500.0,No,0.0,704.0,679800.0,176600.0,Vehicle EMI,309000.0,28,Not_Eligible,1936.0
38.0,Male,Married,Graduate,20000.0,Government,0.5,Mid-size,Rented,3600.0,5,4,10700.0,18000.0,2000.0,4300.0,2100.0,No,0.0,752.0,123200.0,54800.0,Personal Loan EMI,92000.0,39,Not_Eligible,500.0
48.0,Female,Single,Graduate,40100.0,Private,3.4,Large Indian,Family,0.0,1,0,0.0,0.0,3200.0,6600.0,2800.0,No,0.0,657.0,218600.0,87600.0,Personal Loan EMI,798000.0,25,Not_Eligible,13750.0
38.0,Female,Married,High School,62100.0,Private,10.0,MNC,Own,0.0,3,2,0.0,0.0,8700.0,9900.0,9000.0,No,0.0,695.0,86500.0,30200.0,Vehicle EMI,1414000.0,37,Not_Eligible,13800.0
58.0,Female,Married,Graduate,41200.0,Private,8.6,Mid-size,Rented,7800.0,3,2,0.0,23500.0,4200.0,6400.0,4800.0,Yes,6400.0,748.0,64500.0,13100.0,Personal Loan EMI,678000.0,25,Not_Eligible,500.0
48.0,Male,Married,High School,41800.0,Private,2.3,Mid-size,Family,0.0,2,1,0.0,0.0,3300.0,9400.0,6600.0,No,0.0,775.0,148800.0,50100.0,Home Appliances EMI,267000.0,29,Eligible,13500.0
48.0,Female,Married,Graduate,76600.0,Private,14.2,Large Indian,Rented,12800.0,3,2,7400.0,0.0,5200.0,20600.0,11400.0,Yes,14000.0,641.0,295000.0,63600.0,Vehicle EMI,521000.0,84,Not_Eligible,1456.0
32.0,Female,Married,Professional,61700.0,Private,6.6,MNC,Rented,13200.0,3,2,10800.0,5800.0,3400.0,15200.0,3200.0,Yes,16100.0,558.0,233900.0,59300.0,Home Appliances EMI,114000.0,29,Not_Eligible,500.0
32.0,Male,Married,High School,33600.0,Private,1.1,MNC,Rented,7000.0,4,3,2500.0,0.0,2000.0,8900.0,6700.0,No,0.0,690.0,233300.0,101500.0,E-commerce Shopping EMI,39000.0,15,High_Risk,3575.0
58.0,Male,Married,Graduate,32200.0,Private,0.5,Mid-size,Own,0.0,2,1,10900.0,10300.0,1800.0,6600.0,6200.0,No,0.0,,205400.0,121300.0,Personal Loan EMI,522000.0,54,Not_Eligible,500.0
48.0,Female,Single,Graduate,30700.0,Self-employed,8.4,MNC,Own,0.0,2,1,0.0,0.0,3100.0,8900.0,1600.0,No,0.0,797.0,123400.0,45700.0,Vehicle EMI,194000.0,18,Not_Eligible,9234.0
38.0,Female,Married,High School,13500.0,Private,0.5,Startup,Own,0.0,2,1,11300.0,13500.0,1100.0,2600.0,1600.0,Yes,1400.0,695.0,21400.0,6400.0,Personal Loan EMI,766000.0,55,Not_Eligible,500.0
27.0,Male,Single,Graduate,63700.0,Private,0.5,Large Indian,Family,0.0,3,2,13200.0,0.0,6600.0,18000.0,8900.0,No,0.0,999.0,354800.0,84100.0,Education EMI,423000.0,13,Not_Eligible,5440.0
27.0,Male,Married,High School,38000.0,Self-employed,0.5,Large Indian,Own,0.0,4,3,10200.0,0.0,4600.0,7900.0,3900.0,No,0.0,715.0,71300.0,21800.0,Home Appliances EMI,99000.0,31,High_Risk,4104.0
31.0,Male,Married,High School,64597.0,Private,1.5,MNC,Family,0.0,2,1,0.0,0.0,4600.0,16500.0,4600.0,No,0.0,686.0,61600.0,22800.0,Education EMI,146000.0,26,Eligible,15880.0
38.0,Male,Single,Graduate,55600.0,Private,1.8,Large Indian,Own,0.0,1,0,0.0,0.0,5100.0,10100.0,5000.0,No,0.0,676.0,226100.0,73300.0,E-commerce Shopping EMI,53000.0,16,Eligible,17700.0
38.0,Male,Married,High School,38000.0,Self-employed,2.7,Startup,Rented,11000.0,4,3,3300.0,24400.0,4400.0,8900.0,5900.0,No,0.0,695.0,28300.0,11100.0,Personal Loan EMI,874000.0,21,Not_Eligible,500.0
27.0,Female,Single,Professional,141900.0,Government,0.5,MNC,Own,0.0,3,2,0.0,0.0,12000.0,23000.0,18600.0,Yes,27300.0,730.0,453100.0,257200.0,Vehicle EMI,1438000.0,79,Not_Eligible,21350.0
27.0,Male,Married,Professional,106600.0,Private,1.0,Startup,Rented,20200.0,4,3,0.0,0.0,9400.0,24500.0,17700.0,Yes,30800.0,660.0,104600.0,41600.0,Vehicle EMI,683000.0,70,Not_Eligible,1120.0
38.0,Female,Married,Graduate,88400.0,Private,1.1,MNC,Rented,19900.0,4,3,0.0,0.0,4700.0,14500.0,12900.0,No,0.0,654.0,570100.0,311400.0,Home Appliances EMI,277000.0,8,Not_Eligible,20020.0
38.0,Male,Married,Post Graduate,114200.0,Private,1.7,Mid-size,Own,0.0,2,1,10600.0,0.0,14100.0,22500.0,7500.0,No,0.0,631.0,201800.0,89500.0,Personal Loan EMI,602000.0,13,Not_Eligible,19040.0
32.0,Female,Married,Post Graduate,28100.0,Private,1.8,MNC,Rented,5200.0,5,4,0.0,0.0,2900.0,6600.0,4900.0,No,0.0,616.0,60900.0,12800.0,Education EMI,367000.0,34,Not_Eligible,3400.0
32.0,Female,Married,Graduate,49200.0,Government,0.5,MNC,Rented,9400.0,4,3,3600.0,0.0,5400.0,9200.0,8200.0,No,0.0,674.0,353300.0,208800.0,E-commerce Shopping EMI,74000.0,13,High_Risk,7370.0
38.0,Female,Married,Graduate,15700.0,Private,1.3,Mid-size,Own,5075.0,4,3,11800.0,0.0,1500.0,2400.0,900.0,No,0.0,621.0,118500.0,32000.0,Vehicle EMI,514000.0,66,Not_Eligible,500.0
48.0,Female,Married,Graduate,18000.0,Government,2.2,Mid-size,Rented,5100.0,5,4,5100.0,0.0,1600.0,4000.0,3500.0,No,0.0,688.0,32700.0,18200.0,E-commerce Shopping EMI,162000.0,12,Not_Eligible,500.0
32.0,Male,Married,Graduate,34800.0,Government,0.7,Large Indian,Rented,9100.0,5,4,0.0,0.0,3000.0,6100.0,2800.0,Yes,7100.0,647.0,17400.0,8600.0,Vehicle EMI,1243000.0,43,Not_Eligible,1500.8
58.0,Female,Married,Post Graduate,26000.0,Private,7.9,Mid-size,Own,0.0,4,3,13700.0,19300.0,3500.0,4500.0,4700.0,Yes,7800.0,665.0,142400.0,78100.0,Home Appliances EMI,39000.0,18,Not_Eligible,500.0
48.0,Male,Married,Graduate,17700.0,Government,4.3,MNC,Family,0.0,3,2,0.0,0.0,1200.0,3700.0,3200.0,No,0.0,802.0,117600.0,29500.0,Vehicle EMI,1120000.0,40,Not_Eligible,6969.6
48.0,Female,Married,Professional,87600.0,Government,15.0,Large Indian,Rented,14400.0,3,2,0.0,0.0,12100.0,18000.0,13900.0,No,0.0,850.0,378200.0,196000.0,Education EMI,257000.0,43,Eligible,19272.0
38.0,Male,Married,Graduate,71000.0,Private,1.0,Large Indian,Rented,17200.0,3,2,9200.0,0.0,8200.0,16400.0,11500.0,Yes,11200.0,649.0,246800.0,138900.0,E-commerce Shopping EMI,172000.0,3,Not_Eligible,500.0
38.0,Male,Married,Graduate,35500.0,Private,1.3,MNC,Own,0.0,3,2,5600.0,0.0,2200.0,7900.0,3000.0,Yes,8600.0,732.0,77100.0,39300.0,Home Appliances EMI,164000.0,18,Not_Eligible,2870.0
32.0,Female,Married,Graduate,47700.0,Private,0.5,Mid-size,Family,0.0,4,3,4600.0,0.0,2700.0,12400.0,3500.0,No,0.0,729.0,218700.0,81200.0,Vehicle EMI,609000.0,79,Not_Eligible,9800.0
58.0,Male,Married,Graduate,54900.0,Government,0.6,MNC,Own,0.0,4,3,2600.0,0.0,2800.0,9500.0,4100.0,Yes,12700.0,615.0,160900.0,78000.0,Vehicle EMI,585000.0,44,Not_Eligible,6496.0
32.0,Male,Single,Graduate,20000.0,Private,0.8,Large Indian,Own,0.0,2,1,3700.0,0.0,2800.0,5700.0,3900.0,No,0.0,705.0,36700.0,7500.0,Personal Loan EMI,559000.0,26,Not_Eligible,1248.0
32.0,Female,Single,Post Graduate,56400.0,Government,3.9,Small,Rented,15800.0,2,1,13000.0,0.0,4500.0,12300.0,6400.0,No,0.0,721.0,374500.0,177500.0,Home Appliances EMI,283000.0,15,Not_Eligible,2662.0
27.0,Male,Single,Post Graduate,48600.0,Private,1.3,Mid-size,Rented,11600.0,1,0,0.0,0.0,4300.0,12600.0,8100.0,No,0.0,737.0,298700.0,76400.0,Personal Loan EMI,278000.0,22,Not_Eligible,6600.0
27.0,Female,Married,Graduate,26300.0,Private,5.0,Mid-size,Rented,5500.0,3,2,14100.0,0.0,2800.0,4300.0,3200.0,No,0.0,661.0,15000.0,8100.0,Home Appliances EMI,28000.0,23,Not_Eligible,500.0
38.0,Male,Married,High School,71200.0,Private,0.8,Mid-size,Rented,19600.0,2,1,8300.0,0.0,8300.0,13500.0,4600.0,No,0.0,638.0,66200.0,37000.0,Vehicle EMI,732000.0,81,Not_Eligible,4326.4
32.0,Male,Married,Post Graduate,19500.0,Government,2.1,MNC,Own,0.0,3,2,7800.0,0.0,2100.0,4500.0,1300.0,Yes,5800.0,626.0,127900.0,63300.0,Education EMI,475000.0,41,Not_Eligible,500.0
38.0,Female,Married,High School,25600.0,Private,0.5,Large Indian,Own,0.0,4,3,0.0,19400.0,1800.0,6400.0,3600.0,Yes,6600.0,666.0,35800.0,13000.0,Education EMI,482000.0,18,Not_Eligible,500.0
32.0,Male,Married,Professional,114800.0,Private,0.5,Startup,Own,0.0,5,4,4700.0,0.0,10800.0,18800.0,18600.0,No,0.0,743.0,841600.0,351100.0,Vehicle EMI,808000.0,62,Eligible,27236.0
38.0,Female,Married,Graduate,84800.0,Private,3.9,Large Indian,Family,0.0,4,3,0.0,0.0,11100.0,13100.0,9800.0,Yes,11600.0,680.0,439600.0,195900.0,Vehicle EMI,920000.0,17,Not_Eligible,13720.0
38.0,Male,Married,Professional,53200.0,Private,2.5,Mid-size,Own,0.0,4,3,6300.0,0.0,3900.0,10000.0,8700.0,No,0.0,695.0,374800.0,142400.0,Education EMI,302000.0,43,Eligible,13365.0
58.0,Male,Married,Graduate,65300.0,Private,16.8,Large Indian,Rented,16600.0,3,2,0.0,0.0,3800.0,16800.0,8800.0,Yes,15000.0,812.0,238600.0,96100.0,Vehicle EMI,828000.0,26,Not_Eligible,1806.0
32.0,Male,Married,Graduate,18000.0,Private,3.4,Large Indian,Family,0.0,3,2,0.0,0.0,1100.0,4200.0,3000.0,No,0.0,599.0,133300.0,65300.0,Vehicle EMI,1045000.0,41,Not_Eligible,4268.0
58.0,Male,Married,Graduate,45400.0,Private,6.4,Large Indian,Family,0.0,3,2,4600.0,23500.0,5700.0,8600.0,5800.0,Yes,6300.0,813.0,264400.0,149500.0,Personal Loan EMI,627000.0,39,Not_Eligible,500.0
32.0,Female,Single,Professional,119000.0,Private,0.9,MNC,Own,0.0,2,1,0.0,0.0,7700.0,31900.0,20000.0,No,0.0,759.0,637800.0,341600.0,Vehicle EMI,1173000.0,25,Not_Eligible,28512.0
32.0,Male,Married,Post Graduate,105200.0,Private,10.0,Startup,Own,0.0,3,2,0.0,11900.0,15500.0,28600.0,15600.0,Yes,26700.0,747.0,649300.0,195700.0,Home Appliances EMI,62000.0,29,High_Risk,2656.5
32.0,Female,Married,Graduate,65800.0,Self-employed,0.5,MNC,Own,0.0,3,2,8400.0,18400.0,8500.0,16400.0,10100.0,No,0.0,672.0,311700.0,113000.0,Education EMI,304000.0,27,Not_Eligible,1800.0
58.0,Male,Married,Graduate,69400.0,Private,5.1,Large Indian,Rented,23500.0,4,3,6900.0,0.0,8000.0,14000.0,6600.0,No,0.0,802.0,339900.0,142500.0,Education EMI,368000.0,13,Not_Eligible,6240.0
58.0,Male,Married,Graduate,71700.0,Private,5.2,MNC,Rented,22100.0,2,1,4800.0,0.0,5300.0,15000.0,14200.0,No,0.0,741.0,142700.0,40100.0,Home Appliances EMI,199000.0,29,Not_Eligible,4120.0
48.0,Male,Married,High School,30200.0,Self-employed,0.9,Startup,Family,0.0,3,2,0.0,11200.0,3900.0,5200.0,4200.0,No,0.0,744.0,38700.0,18900.0,Education EMI,111000.0,7,Not_Eligible,2052.0
58.0,Male,Married,Graduate,79000.0,Private,28.4,MNC,Own,0.0,4,3,0.0,0.0,10200.0,19100.0,11500.0,Yes,12800.0,642.0,318900.0,124200.0,E-commerce Shopping EMI,98000.0,6,Not_Eligible,7112.0
38.0,Male,Married,Post Graduate,40700.0,Private,1.4,Mid-size,Rented,7400.0,3,2,5800.0,0.0,3600.0,9900.0,7300.0,No,0.0,712.0,90400.0,48800.0,Home Appliances EMI,95000.0,26,Not_Eligible,3350.0
58.0,Female,Single,Graduate,41500.0,Self-employed,11.8,MNC,Rented,7600.0,1,0,0.0,0.0,6000.0,12400.0,2100.0,No,0.0,694.0,259000.0,140700.0,Home Appliances EMI,151000.0,24,Not_Eligible,6633.0
38.0,Female,Married,Post Graduate,33100.0,Private,8.9,MNC,Own,0.0,3,2,0.0,0.0,3300.0,8100.0,3200.0,No,0.0,789.0,171800.0,40600.0,Personal Loan EMI,231000.0,44,Eligible,11100.0
38.0,Male,Single,Graduate,34400.0,Self-employed,10.8,Large Indian,Family,0.0,2,1,14700.0,5100.0,1800.0,9500.0,5500.0,Yes,4800.0,745.0,250900.0,108600.0,Home Appliances EMI,236000.0,6,Not_Eligible,500.0
38.0,Male,Single,Graduate,77900.0,Self-employed,2.6,Mid-size,Family,22870.0,2,1,0.0,0.0,8900.0,15300.0,13100.0,No,0.0,696.0,475300.0,166400.0,Personal Loan EMI,151000.0,25,Eligible,20097.0
48.0,Male,Married,Professional,120100.0,Private,19.4,Startup,Rented,33800.0,3,2,0.0,0.0,7400.0,31300.0,20300.0,No,0.0,762.0,507600.0,272900.0,E-commerce Shopping EMI,69000.0,18,Eligible,16380.0
38.0,Male,Single,Graduate,77700.0,Private,3.0,Large Indian,Own,0.0,1,0,0.0,0.0,8700.0,14500.0,6900.0,No,0.0,781.0,43200.0,18600.0,Personal Loan EMI,518000.0,43,Eligible,22848.0
48.0,Male,Married,High School,17900.0,Private,8.2,Large Indian,Own,0.0,3,2,4200.0,16300.0,2500.0,2900.0,1500.0,Yes,2200.0,655.0,15900.0,4000.0,Education EMI,157000.0,43,Not_Eligible,500.0
32.0,Male,Married,Professional,58500.0,Private,2.5,Mid-size,Rented,10500.0,5,4,6200.0,0.0,3200.0,13800.0,11400.0,No,0.0,678.0,321300.0,113400.0,Education EMI,443000.0,6,Not_Eligible,6700.0
48.0,Female,Married,Graduate,28800.0,Government,7.6,Mid-size,Rented,4400.0,4,3,0.0,0.0,2300.0,4400.0,3600.0,No,0.0,694.0,221100.0,76800.0,Personal Loan EMI,437000.0,14,Not_Eligible,8530.5
32.0,Male,Single,Graduate,63200.0,Private,1.6,MNC,Rented,18000.0,1,0,0.0,0.0,4300.0,14600.0,11600.0,No,0.0,739.0,332600.0,152600.0,E-commerce Shopping EMI,185000.0,18,Not_Eligible,7350.0
38.0,Male,Married,Professional,65800.0,Private,3.6,Large Indian,Rented,14400.0,3,2,14200.0,0.0,8000.0,11400.0,4200.0,Yes,10200.0,711.0,509700.0,129700.0,Home Appliances EMI,193000.0,7,Not_Eligible,1309.0
27.0,Male,Single,Graduate,62000.0,Private,0.6,Mid-size,Own,0.0,1,0,0.0,0.0,4900.0,10700.0,11000.0,No,0.0,700.0,315400.0,167200.0,Home Appliances EMI,46000.0,26,Eligible,14160.0
38.0,Female,Single,Post Graduate,63700.0,Government,2.8,Mid-size,Family,0.0,2,1,11300.0,0.0,8100.0,18700.0,9500.0,No,0.0,719.0,354700.0,151700.0,Education EMI,194000.0,42,Eligible,8050.0
38.0,Male,Married,Professional,60500.0,Private,4.9,Mid-size,Family,0.0,3,2,0.0,0.0,8900.0,16200.0,11400.0,Yes,16900.0,671.0,395800.0,79200.0,E-commerce Shopping EMI,112000.0,9,Not_Eligible,2733.5
38.0,Female,Married,Graduate,48600.0,Private,12.4,MNC,Own,0.0,4,3,0.0,0.0,5900.0,9000.0,5700.0,Yes,8400.0,643.0,328400.0,134900.0,Vehicle EMI,1403000.0,77,Not_Eligible,6036.8
32.0,Female,Single,Post Graduate,45600.0,Private,3.5,MNC,Own,0.0,2,1,8700.0,17300.0,4600.0,13000.0,2700.0,No,0.0,639.0,318300.0,120800.0,E-commerce Shopping EMI,28000.0,11,Not_Eligible,500.0
48.0,Male,Married,High School,33800.0,Government,0.5,MNC,Family,0.0,4,3,0.0,0.0,4200.0,8900.0,1900.0,No,0.0,682.0,194000.0,85800.0,Personal Loan EMI,800000.0,32,Not_Eligible,9400.0
32.0,Male,Married,Professional,47200.0,Private,1.2,Large Indian,Family,0.0,2,1,7500.0,0.0,4500.0,7900.0,3100.0,No,0.0,720.0,151000.0,54900.0,Education EMI,245000.0,34,Eligible,12100.0
38.0,Male,Married,Graduate,37600.0,Private,16.0,Large Indian,Rented,8000.0,2,1,0.0,0.0,2900.0,6400.0,5700.0,No,0.0,662.0,149100.0,77600.0,Personal Loan EMI,213000.0,60,Eligible,7300.0
38.0,Male,Married,Post Graduate,77900.0,Private,10.9,Startup,Family,0.0,3,2,8500.0,6100.0,6900.0,18100.0,14700.0,Yes,7900.0,642.0,88500.0,47200.0,Home Appliances EMI,125000.0,19,Not_Eligible,3516.8
48.0,Male,Married,Post Graduate,47000.0,Private,0.5,Mid-size,Family,0.0,2,1,11400.0,0.0,4500.0,10200.0,2900.0,No,0.0,700.0,372700.0,149200.0,Education EMI,314000.0,45,Not_Eligible,7920.0
38.0,Female,Married,Professional,29900.0,Private,2.2,Large Indian,Own,0.0,5,4,9300.0,0.0,4300.0,6300.0,5400.0,Yes,8100.0,572.0,111100.0,62600.0,Vehicle EMI,93000.0,19,Not_Eligible,500.0
48.0,Female,Married,Graduate,32100.0,Private,15.6,Large Indian,Own,0.0,5,4,9200.0,0.0,4400.0,6500.0,3500.0,No,0.0,785.0,56300.0,21900.0,E-commerce Shopping EMI,93000.0,5,Not_Eligible,4080.0
48.0,Male,Married,Professional,34000.0,Private,14.0,Large Indian,Own,0.0,5,4,11100.0,23300.0,3700.0,7800.0,6500.0,Yes,8600.0,707.0,40600.0,15800.0,E-commerce Shopping EMI,41000.0,10,Not_Eligible,500.0
48.0,Male,Married,Professional,114100.0,Private,4.0,Large Indian,Own,0.0,3,2,12000.0,0.0,12800.0,30300.0,7400.0,Yes,26400.0,678.0,189900.0,53100.0,Personal Loan EMI,72000.0,40,Eligible,7056.0
32.0,Female,Married,High School,27800.0,Private,3.9,Startup,Rented,7500.0,4,3,12000.0,0.0,1800.0,7700.0,1700.0,No,0.0,701.0,39100.0,20700.0,E-commerce Shopping EMI,120000.0,15,Not_Eligible,500.0
48.0,Male,Single,Graduate,24800.0,Private,10.4,MNC,Family,0.0,1,0,0.0,0.0,1200.0,5400.0,3100.0,Yes,7200.0,761.0,156900.0,84300.0,E-commerce Shopping EMI,17000.0,14,Eligible,3649.8
38.0,Male,Married,Post Graduate,120300.0,Self-employed,7.0,Mid-size,Own,0.0,2,1,13200.0,0.0,7300.0,18600.0,6300.0,Yes,33000.0,733.0,939300.0,433300.0,Education EMI,386000.0,30,Not_Eligible,14518.35
48.0,Male,Married,Graduate,48800.0,Government,1.8,Small,Family,0.0,5,4,14800.0,11600.0,6300.0,11000.0,9200.0,Yes,14400.0,749.0,272400.0,144200.0,Personal Loan EMI,195000.0,15,Not_Eligible,500.0
38.0,Male,Married,Graduate,22300.0,Government,1.1,Large Indian,Own,0.0,5,4,7000.0,0.0,1800.0,4200.0,2200.0,Yes,2900.0,765.0,15800.0,6300.0,Education EMI,300000.0,14,Not_Eligible,1411.2
38.0,Male,Married,High School,31300.0,Private,3.0,Mid-size,Family,0.0,3,2,0.0,0.0,3800.0,7400.0,3000.0,No,0.0,619.0,243500.0,118500.0,Personal Loan EMI,117000.0,60,Eligible,7524.0
48.0,Male,Married,Post Graduate,50300.0,Private,3.4,Large Indian,Family,0.0,4,3,8400.0,0.0,5000.0,11200.0,9800.0,No,0.0,574.0,399700.0,114500.0,E-commerce Shopping EMI,142000.0,15,Not_Eligible,6996.0
58.0,Male,Married,Graduate,38500.0,Private,29.6,MNC,Rented,8400.0,2,1,0.0,0.0,4500.0,11400.0,5200.0,No,0.0,754.0,71600.0,19900.0,Education EMI,129000.0,14,Not_Eligible,4320.0
32.0,Male,Single,Graduate,18000.0,Government,2.6,Startup,Own,0.0,3,2,13300.0,0.0,1400.0,4200.0,1300.0,No,0.0,784.0,27400.0,13800.0,Home Appliances EMI,206000.0,26,Not_Eligible,500.0
38.0,Male,Married,Graduate,33500.0,Government,14.0,Mid-size,Rented,6500.0,3,2,5800.0,17600.0,4400.0,5600.0,2700.0,No,0.0,710.0,142900.0,30100.0,Vehicle EMI,1031000.0,36,Not_Eligible,500.0
27.0,Female,Single,Post Graduate,62800.0,Private,1.4,MNC,Rented,9800.0,3,2,7700.0,0.0,4200.0,10600.0,7800.0,Yes,17300.0,669.0,218400.0,47300.0,Home Appliances EMI,247000.0,36,Not_Eligible,1890.0
38.0,Male,Married,Graduate,47800.0,Private,13.9,MNC,Rented,7600.0,4,3,0.0,20700.0,4900.0,10300.0,8300.0,No,0.0,722.0,330300.0,80900.0,Education EMI,54000.0,24,Not_Eligible,500.0
32.0,Female,Single,Post Graduate,55500.0,Government,2.8,Small,Own,0.0,1,0,0.0,0.0,7900.0,9600.0,4300.0,Yes,15600.0,630.0,93600.0,33800.0,Home Appliances EMI,35000.0,32,Eligible,4054.4
48.0,Male,Married,Graduate,39700.0,Government,13.1,Large Indian,Rented,8700.0,4,3,0.0,0.0,5400.0,11300.0,3000.0,Yes,5400.0,592.0,290800.0,122700.0,Vehicle EMI,1184000.0,66,Not_Eligible,1998.92
32.0,Male,Single,Graduate,8572.0,Private,2.8,Mid-size,Rented,18100.0,1,0,0.0,0.0,4600.0,15000.0,7500.0,No,0.0,601.0,73000.0,27100.0,E-commerce Shopping EMI,152000.0,4,Not_Eligible,5568.0
32.0,Female,Married,Post Graduate,32500.0,Private,3.3,Large Indian,Own,0.0,4,3,4500.0,0.0,1800.0,6800.0,4900.0,No,0.0,746.0,133300.0,61700.0,Vehicle EMI,497000.0,80,Not_Eligible,7250.0
32.0,Male,Married,Graduate,15000.0,Private,3.6,Startup,Family,0.0,4,3,0.0,0.0,1900.0,2600.0,1000.0,No,0.0,626.0,66900.0,19700.0,Home Appliances EMI,230000.0,28,Not_Eligible,3800.0
38.0,Male,Married,Graduate,91300.0,Government,12.4,MNC,Rented,29400.0,4,3,11300.0,23200.0,12200.0,16200.0,13500.0,Yes,18400.0,746.0,604900.0,301500.0,E-commerce Shopping EMI,48000.0,16,Not_Eligible,500.0
48.0,Male,Married,Graduate,20700.0,Government,1.1,Large Indian,Rented,5900.0,3,2,13500.0,13300.0,1900.0,6100.0,3300.0,No,0.0,839.0,48200.0,22700.0,Vehicle EMI,915000.0,12,Not_Eligible,500.0
38.0,Male,Married,Graduate,34900.0,Self-employed,8.5,MNC,Family,0.0,5,4,2400.0,11400.0,4900.0,5700.0,5800.0,No,0.0,752.0,224200.0,75300.0,Education EMI,117000.0,25,Not_Eligible,2791.8
38.0,Female,Married,Professional,113400.0,Private,4.4,Startup,Own,0.0,2,1,13200.0,0.0,6000.0,25700.0,19300.0,Yes,28900.0,644.0,193500.0,87800.0,E-commerce Shopping EMI,155000.0,22,Not_Eligible,4547.2
38.0,Female,Married,Post Graduate,96500.0,Private,2.8,Mid-size,Family,0.0,3,2,12300.0,18300.0,5500.0,28200.0,13400.0,Yes,23700.0,711.0,426900.0,224300.0,Vehicle EMI,751000.0,34,Not_Eligible,500.0
38.0,Male,Married,Post Graduate,70700.0,Private,8.8,Large Indian,Rented,23300.0,2,1,0.0,0.0,9200.0,11300.0,7800.0,No,0.0,796.0,201500.0,45100.0,Vehicle EMI,1017000.0,46,Not_Eligible,11460.0
32.0,Male,Single,Post Graduate,26000.0,Private,2.8,MNC,Own,0.0,3,2,8500.0,17700.0,3700.0,7300.0,4600.0,Yes,2900.0,551.0,37300.0,13100.0,Vehicle EMI,1389000.0,70,Not_Eligible,500.0
38.0,Male,Married,Graduate,77400.0,Private,0.8,Small,Own,0.0,2,1,0.0,6200.0,6800.0,19000.0,8800.0,No,0.0,826.0,98300.0,38700.0,Vehicle EMI,246000.0,77,Eligible,14054.4
38.0,Male,Married,Post Graduate,90000.0,Private,3.0,Large Indian,Own,0.0,3,2,0.0,0.0,12300.0,20700.0,6900.0,Yes,10000.0,577.0,450000.0,267600.0,E-commerce Shopping EMI,197000.0,17,Not_Eligible,11228.0
38.0,Male,Married,Graduate,23500.0,Government,14.2,Startup,Rented,6000.0,5,4,0.0,14900.0,2100.0,6700.0,3300.0,No,0.0,759.0,176800.0,69000.0,E-commerce Shopping EMI,77000.0,22,Not_Eligible,500.0
32.0,Female,Single,High School,51600.0,Private,1.5,MNC,Rented,9600.0,3,2,0.0,0.0,4900.0,8300.0,9700.0,No,0.0,703.0,305500.0,153900.0,Education EMI,163000.0,28,Eligible,9550.0
48.0,Male,Married,Graduate,18600.0,Private,2.0,MNC,Own,0.0,3,2,12700.0,0.0,1400.0,5200.0,2200.0,No,0.0,762.0,103900.0,32100.0,Personal Loan EMI,239000.0,51,Not_Eligible,500.0
27.0,Male,Single,Post Graduate,119900.0,Government,0.5,Small,Own,0.0,1,0,0.0,0.0,10800.0,20400.0,14100.0,Yes,17400.0,647.0,70600.0,20800.0,Personal Loan EMI,117000.0,49,Eligible,12812.8
27.0,Female,Single,High School,35800.0,Self-employed,3.5,Mid-size,Rented,5400.0,3,2,5000.0,0.0,4400.0,6900.0,2300.0,No,0.0,710.0,283900.0,116000.0,E-commerce Shopping EMI,199000.0,11,Not_Eligible,5841.0
32.0,Male,Married,Post Graduate,33300.0,Private,0.5,Large Indian,Rented,9200.0,3,2,0.0,0.0,1900.0,6700.0,2600.0,No,0.0,764.0,55600.0,22700.0,Home Appliances EMI,190000.0,23,Not_Eligible,4953.6
39.0,Female,Married,Graduate,94542.0,Self-employed,2.8,Startup,Own,0.0,3,2,10100.0,18000.0,5900.0,26700.0,7800.0,No,0.0,596.0,515500.0,154100.0,Home Appliances EMI,28000.0,22,Eligible,9180.0
48.0,Male,Married,Professional,78800.0,Private,7.1,Large Indian,Own,0.0,2,1,0.0,0.0,4300.0,18800.0,12400.0,No,0.0,819.0,205800.0,110200.0,Personal Loan EMI,344000.0,15,High_Risk,25980.0
32.0,Male,Married,Graduate,38200.0,Private,1.5,Mid-size,Own,0.0,3,2,2100.0,0.0,5600.0,9100.0,3700.0,No,0.0,685.0,159800.0,38800.0,Home Appliances EMI,88000.0,34,Eligible,8850.0
32.0,Female,Married,Graduate,355489.0,Private,0.6,MNC,Own,0.0,2,1,2700.0,18000.0,2300.0,2700.0,2600.0,No,0.0,707.0,99100.0,27300.0,Home Appliances EMI,67000.0,6,Not_Eligible,500.0
38.0,Male,Married,Professional,123000.0,Private,0.7,MNC,Own,0.0,5,4,0.0,0.0,12400.0,21000.0,18000.0,No,0.0,569.0,66100.0,16400.0,Personal Loan EMI,436000.0,38,High_Risk,18329.6
48.0,Male,Married,Graduate,466750.0,Private,1.8,Startup,Own,0.0,3,2,0.0,0.0,3700.0,6200.0,6000.0,No,0.0,672.0,147300.0,70300.0,E-commerce Shopping EMI,112000.0,9,Not_Eligible,10900.0
48.0,Female,Married,Professional,64200.0,Private,10.3,MNC,Own,0.0,3,2,5500.0,0.0,9300.0,12500.0,8200.0,No,0.0,609.0,490900.0,292000.0,Home Appliances EMI,192000.0,27,Eligible,12628.0
32.0,Male,Single,High School,32100.0,Private,2.4,MNC,Own,0.0,1,0,0.0,0.0,3400.0,8800.0,5800.0,No,0.0,726.0,229700.0,115200.0,E-commerce Shopping EMI,183000.0,4,Not_Eligible,7755.0
38.0,Female,Married,Post Graduate,37000.0,Private,1.2,Mid-size,Rented,8600.0,2,1,5800.0,0.0,2700.0,6400.0,5000.0,Yes,8000.0,695.0,162400.0,44400.0,Education EMI,476000.0,10,Not_Eligible,500.0
38.0,Male,Married,Graduate,50900.0,Private,0.7,Startup,Own,0.0,5,4,3300.0,0.0,3800.0,12500.0,3800.0,Yes,14100.0,618.0,118200.0,33800.0,Home Appliances EMI,94000.0,20,Not_Eligible,3001.6
27.0,Female,Single,High School,16700.0,Private,0.5,Mid-size,Family,0.0,1,0,0.0,0.0,800.0,4400.0,1800.0,No,0.0,627.0,105400.0,25900.0,Vehicle EMI,1329000.0,20,Not_Eligible,3414.4
27.0,Female,Single,Post Graduate,19500.0,Private,2.3,Mid-size,Own,0.0,1,0,0.0,0.0,2600.0,5100.0,3600.0,No,0.0,666.0,62600.0,34700.0,Vehicle EMI,1304000.0,27,Not_Eligible,4100.0
48.0,Male,Married,Professional,57700.0,Private,1.6,Mid-size,Rented,9000.0,3,2,2300.0,23800.0,5500.0,12900.0,7500.0,No,0.0,764.0,97000.0,43300.0,Education EMI,257000.0,9,Not_Eligible,500.0
27.0,Male,Single,Graduate,52100.0,Private,0.5,Large Indian,Rented,8200.0,3,2,12100.0,8600.0,6700.0,12200.0,3900.0,No,0.0,707.0,47400.0,19200.0,Personal Loan EMI,721000.0,15,Not_Eligible,500.0
58.0,Male,Married,Professional,86000.0,Self-employed,8.7,Mid-size,Rented,17300.0,4,3,0.0,5600.0,10700.0,24100.0,13900.0,No,0.0,768.0,543500.0,232800.0,Vehicle EMI,322000.0,59,High_Risk,8553.6
32.0,Female,Married,Post Graduate,83600.0,Government,1.8,Large Indian,Rented,22000.0,4,3,14600.0,0.0,7900.0,15000.0,13100.0,Yes,18500.0,754.0,278700.0,123400.0,E-commerce Shopping EMI,67000.0,10,Not_Eligible,500.0
32.0,Male,Married,Post Graduate,131500.0,Self-employed,3.1,Mid-size,Own,0.0,4,3,0.0,20100.0,17400.0,38800.0,25000.0,Yes,37500.0,671.0,362200.0,197300.0,Education EMI,149000.0,31,Not_Eligible,500.0
38.0,Male,Single,Post Graduate,82600.0,Private,5.0,MNC,Own,0.0,2,1,0.0,0.0,4700.0,21900.0,15000.0,Yes,19500.0,600.0,583900.0,270100.0,Education EMI,382000.0,45,Not_Eligible,6622.0
58.0,Male,Married,Graduate,107700.0,Private,24.0,Large Indian,Own,0.0,3,2,11700.0,0.0,5600.0,21000.0,7200.0,No,0.0,787.0,223900.0,67500.0,Education EMI,302000.0,42,Eligible,37320.0
48.0,Female,Married,Graduate,74200.0,Private,26.0,Startup,Own,0.0,4,3,12600.0,0.0,6400.0,15600.0,9500.0,No,0.0,710.0,504700.0,147100.0,Personal Loan EMI,130000.0,58,Eligible,16555.0
32.0,Male,Single,Post Graduate,49800.0,Private,2.7,Small,Rented,15500.0,1,0,0.0,0.0,2900.0,7500.0,6000.0,No,0.0,719.0,350700.0,174900.0,Education EMI,457000.0,17,Not_Eligible,9845.0
31.0,Male,Single,Professional,49947.0,Private,6.7,Startup,Rented,7400.0,3,2,14800.0,0.0,6800.0,10700.0,4400.0,Yes,12200.0,671.0,89100.0,48100.0,Personal Loan EMI,825000.0,32,Not_Eligible,500.0
27.0,Male,Married,Graduate,70800.0,Private,0.5,Mid-size,Family,0.0,2,1,0.0,0.0,10400.0,18100.0,4600.0,No,0.0,709.0,86400.0,48000.0,E-commerce Shopping EMI,38000.0,5,Eligible,12064.0
38.0,Male,Single,Graduate,108200.0,Private,2.2,Large Indian,Own,0.0,2,1,2100.0,0.0,6300.0,31700.0,19200.0,No,0.0,775.0,270300.0,153300.0,Vehicle EMI,556000.0,79,Eligible,29340.0
27.0,Female,Single,Post Graduate,69700.0,Private,0.6,Mid-size,Own,0.0,1,0,0.0,0.0,6100.0,13800.0,8100.0,No,0.0,711.0,154700.0,79500.0,Personal Loan EMI,239000.0,59,Eligible,16680.0
48.0,Male,Married,Post Graduate,88800.0,Private,12.9,Mid-size,Family,0.0,4,3,14500.0,0.0,9300.0,15600.0,14100.0,Yes,21500.0,723.0,172400.0,84900.0,Home Appliances EMI,239000.0,14,Not_Eligible,3864.0
32.0,Male,Married,Post Graduate,139400.0,Private,8.8,Mid-size,Own,0.0,4,3,0.0,0.0,15900.0,41500.0,20500.0,No,0.0,823.0,960200.0,282700.0,E-commerce Shopping EMI,114000.0,12,Eligible,40590.0
58.0,Male,Single,High School,64200.0,Government,0.5,MNC,Own,0.0,1,0,0.0,0.0,5900.0,18900.0,8800.0,No,0.0,705.0,494700.0,199200.0,E-commerce Shopping EMI,124000.0,13,Eligible,16830.0
32.0,Male,Married,Graduate,22800.0,Private,1.3,Mid-size,Rented,5600.0,3,2,9700.0,16700.0,2800.0,4000.0,2300.0,Yes,3500.0,584.0,45200.0,16400.0,Personal Loan EMI,101000.0,54,Not_Eligible,500.0
32.0,Female,Married,Post Graduate,66500.0,Government,0.6,MNC,Own,0.0,4,3,0.0,0.0,6100.0,17800.0,10600.0,No,0.0,739.0,384600.0,103200.0,Personal Loan EMI,727000.0,12,Not_Eligible,16000.0
27.0,Male,Single,Graduate,33900.0,Private,1.0,Large Indian,Family,0.0,1,0,0.0,0.0,2900.0,8400.0,1900.0,Yes,7600.0,,242800.0,83600.0,Home Appliances EMI,133000.0,30,Not_Eligible,5043.5
38.0,Male,Married,Post Graduate,81900.0,Private,2.3,Large Indian,Own,0.0,3,2,5400.0,0.0,11200.0,14600.0,12800.0,No,0.0,808.0,187700.0,49100.0,Education EMI,373000.0,20,High_Risk,22740.0
32.0,Male,Single,Graduate,91600.0,Government,1.6,MNC,Family,0.0,1,0,0.0,0.0,6500.0,16000.0,13100.0,No,0.0,710.0,389900.0,182300.0,Education EMI,178000.0,44,Eligible,28000.0
32.0,Male,Married,Post Graduate,86800.0,Government,4.2,MNC,Own,0.0,3,2,2500.0,0.0,5400.0,23900.0,16700.0,No,0.0,712.0,534100.0,181500.0,Home Appliances EMI,247000.0,20,Eligible,23171.5
27.0,Female,Single,High School,49900.0,Private,0.5,Startup,Own,0.0,1,0,0.0,0.0,3800.0,8400.0,8000.0,Yes,9300.0,706.0,33500.0,15800.0,Vehicle EMI,500000.0,46,Not_Eligible,4569.6
48.0,Male,Married,Professional,66500.0,Private,11.0,Large Indian,Family,0.0,4,3,0.0,0.0,9500.0,15500.0,4000.0,Yes,18200.0,662.0,334800.0,200000.0,Vehicle EMI,939000.0,71,Not_Eligible,6755.0
38.0,Female,Married,Graduate,109500.0,Private,9.1,Large Indian,Family,0.0,3,2,3800.0,0.0,7100.0,32500.0,10400.0,Yes,24000.0,585.0,178900.0,99200.0,Vehicle EMI,184000.0,65,Eligible,7100.8
58.0,Male,Married,Graduate,44500.0,Private,12.2,MNC,Own,0.0,4,3,11700.0,0.0,4900.0,9300.0,8700.0,Yes,9600.0,794.0,196100.0,93600.0,E-commerce Shopping EMI,177000.0,20,Not_Eligible,500.0
38.0,Male,Married,High School,34200.0,Private,1.3,Large Indian,Family,0.0,4,3,3500.0,13900.0,3300.0,5600.0,2000.0,No,0.0,640.0,224100.0,49100.0,Home Appliances EMI,66000.0,24,Not_Eligible,2596.0
38.0,Female,Single,Post Graduate,45800.0,Government,5.8,Large Indian,Family,0.0,1,0,0.0,0.0,2600.0,10700.0,3100.0,No,0.0,794.0,104800.0,22500.0,Personal Loan EMI,871000.0,17,Not_Eligible,19404.0
48.0,Male,Married,Graduate,18700.0,Private,6.5,Mid-size,Rented,3000.0,4,3,14300.0,0.0,1800.0,2900.0,1800.0,Yes,2900.0,676.0,77200.0,28800.0,Personal Loan EMI,955000.0,55,Not_Eligible,500.0
38.0,Female,Married,Graduate,47800.0,Private,8.6,MNC,Own,0.0,3,2,0.0,0.0,2700.0,13200.0,2400.0,No,0.0,745.0,363600.0,181100.0,Education EMI,167000.0,10,Not_Eligible,16225.0
32.0,Female,Married,Graduate,39700.0,Private,2.9,Large Indian,Family,0.0,3,2,0.0,0.0,3800.0,8000.0,4100.0,No,0.0,684.0,316800.0,141100.0,E-commerce Shopping EMI,48000.0,17,Eligible,13090.0
32.0,Male,Married,Graduate,34400.0,Government,0.8,Mid-size,Rented,8400.0,3,2,7100.0,0.0,2200.0,9800.0,5600.0,Yes,9100.0,687.0,271400.0,114500.0,Vehicle EMI,449000.0,32,Not_Eligible,500.0
48.0,Male,Married,Post Graduate,84500.0,Private,17.1,Large Indian,Family,0.0,4,3,2800.0,0.0,7800.0,23800.0,14600.0,No,0.0,734.0,94300.0,26800.0,Education EMI,222000.0,20,High_Risk,14200.0
38.0,Male,Single,Post Graduate,59300.0,Private,15.6,Mid-size,Own,0.0,1,0,0.0,0.0,3800.0,11100.0,3400.0,No,0.0,759.0,66100.0,28400.0,Vehicle EMI,765000.0,84,Eligible,19680.0
48.0,Male,Married,Post Graduate,26000.0,Government,3.7,MNC,Own,0.0,3,2,11000.0,12100.0,3100.0,5900.0,4600.0,No,0.0,629.0,71000.0,42600.0,E-commerce Shopping EMI,20000.0,20,Not_Eligible,500.0
38.0,Female,Married,Professional,58700.0,Private,2.6,MNC,Own,0.0,3,2,0.0,0.0,8800.0,16500.0,4300.0,No,0.0,682.0,175900.0,77600.0,Vehicle EMI,1118000.0,18,Not_Eligible,14550.0
32.0,Male,Married,Graduate,20000.0,Private,2.5,Mid-size,Own,0.0,3,2,5100.0,0.0,2600.0,4500.0,1800.0,Yes,5600.0,602.0,43000.0,17600.0,E-commerce Shopping EMI,176000.0,16,Not_Eligible,500.0
32.0,Female,Single,Graduate,48700.0,Private,2.0,Large Indian,Rented,12500.0,2,1,10800.0,0.0,6400.0,10100.0,7600.0,No,0.0,660.0,106300.0,43300.0,Education EMI,352000.0,21,Not_Eligible,650.0
32.0,Female,Married,Professional,55900.0,Private,3.0,Large Indian,Own,0.0,3,2,7100.0,0.0,6100.0,11100.0,8500.0,Yes,9300.0,695.0,231100.0,100500.0,Home Appliances EMI,72000.0,30,Eligible,4830.0
48.0,Male,Married,Graduate,65600.0,Private,7.7,Large Indian,Own,0.0,4,3,5500.0,0.0,9700.0,17400.0,6300.0,Yes,19700.0,817.0,412200.0,115700.0,E-commerce Shopping EMI,46000.0,16,High_Risk,3234.0
48.0,Male,Married,Graduate,134000.0,Private,1.2,MNC,Rented,43700.0,2,1,10900.0,0.0,18500.0,35600.0,10100.0,No,0.0,711.0,544900.0,155100.0,Home Appliances EMI,64000.0,12,Eligible,7600.0
48.0,Female,Married,Professional,51900.0,Government,6.7,MNC,Family,0.0,4,3,0.0,5100.0,5200.0,9200.0,8500.0,No,0.0,690.0,83000.0,30300.0,Education EMI,369000.0,30,Not_Eligible,10516.0
38.0,Male,Married,Post Graduate,85100.0,Self-employed,1.6,Mid-size,Family,0.0,3,2,0.0,0.0,7200.0,21700.0,4800.0,Yes,21900.0,662.0,221300.0,53400.0,Personal Loan EMI,453000.0,32,Not_Eligible,9292.5
38.0,Male,Married,High School,36500.0,Private,0.6,Startup,Rented,10300.0,3,2,3500.0,0.0,3900.0,8800.0,6000.0,Yes,10000.0,616.0,174000.0,60300.0,E-commerce Shopping EMI,163000.0,7,Not_Eligible,500.0
48.0,Male,Married,Post Graduate,32200.0,Government,0.5,Mid-size,Own,0.0,3,2,0.0,0.0,2100.0,7400.0,5600.0,No,0.0,634.0,193000.0,107000.0,Education EMI,269000.0,44,Not_Eligible,6840.0
48.0,Male,Married,High School,59000.0,Private,3.1,Small,Own,0.0,3,2,0.0,7100.0,8800.0,13900.0,7100.0,Yes,8900.0,614.0,184000.0,56300.0,Education EMI,388000.0,18,Not_Eligible,3696.0
32.0,Male,Single,Graduate,60300.0,Private,4.9,MNC,Family,0.0,1,0,0.0,0.0,5800.0,13100.0,6000.0,Yes,16900.0,614.0,177600.0,51000.0,Vehicle EMI,101000.0,61,Eligible,5180.0
48.0,Male,Married,Graduate,18000.0,Private,2.8,Small,Family,0.0,3,2,14900.0,0.0,1300.0,4700.0,3500.0,Yes,5200.0,803.0,82400.0,42700.0,Home Appliances EMI,155000.0,14,Not_Eligible,500.0
38.0,Female,Married,Post Graduate,114400.0,Private,7.5,MNC,Own,0.0,3,2,14100.0,0.0,11800.0,31000.0,13800.0,Yes,23100.0,759.0,59000.0,24400.0,Vehicle EMI,1352000.0,32,Not_Eligible,6921.6
38.0,Male,Married,Professional,43400.0,Private,10.9,MNC,Rented,7000.0,3,2,12000.0,0.0,4900.0,11400.0,5100.0,Yes,6800.0,704.0,317900.0,143000.0,Home Appliances EMI,300000.0,34,Not_Eligible,500.0
58.0,Male,Married,Graduate,37800.0,Self-employed,10.7,Mid-size,Own,0.0,3,2,5500.0,19500.0,5100.0,7200.0,7500.0,No,0.0,666.0,196500.0,115200.0,Home Appliances EMI,56000.0,18,Not_Eligible,500.0
27.0,Female,Married,Professional,72400.0,Self-employed,0.5,MNC,Own,0.0,2,1,5200.0,0.0,7600.0,14400.0,5200.0,No,0.0,682.0,46800.0,26600.0,Personal Loan EMI,579000.0,40,Not_Eligible,14400.0
48.0,Male,Married,High School,34800.0,Private,3.2,Startup,Own,0.0,3,2,5100.0,0.0,2600.0,5500.0,2200.0,Yes,8400.0,620.0,155300.0,40600.0,E-commerce Shopping EMI,46000.0,18,High_Risk,3080.0
32.0,Female,Single,Graduate,32300.0,Private,0.5,Startup,Family,0.0,3,2,11900.0,0.0,1900.0,8300.0,4200.0,Yes,4000.0,593.0,54400.0,22400.0,Home Appliances EMI,170000.0,23,Not_Eligible,500.0
27.0,Male,Single,Post Graduate,62500.0,Government,3.1,Mid-size,Family,0.0,1,0,0.0,0.0,8800.0,14700.0,7300.0,No,0.0,829.0,138500.0,76900.0,E-commerce Shopping EMI,170000.0,15,Eligible,20922.0
58.0,Male,Married,Graduate,82900.0,Private,4.3,Large Indian,Own,0.0,4,3,12400.0,0.0,12200.0,21500.0,7900.0,Yes,13600.0,626.0,44700.0,24000.0,Home Appliances EMI,199000.0,17,Not_Eligible,3427.2
38.0,Male,Married,Professional,67600.0,Government,7.2,Mid-size,Own,0.0,2,1,6100.0,0.0,4700.0,11800.0,8300.0,No,0.0,680.0,261100.0,100300.0,Vehicle EMI,712000.0,46,High_Risk,20185.0
48.0,Female,Married,Graduate,39600.0,Private,5.6,Mid-size,Rented,13800.0,3,2,0.0,0.0,5900.0,6300.0,5400.0,No,0.0,625.0,111900.0,67000.0,Vehicle EMI,900000.0,28,Not_Eligible,3280.0
48.0,Male,Married,Graduate,51000.0,Government,19.0,MNC,Rented,10800.0,2,1,12100.0,0.0,7100.0,7800.0,5400.0,Yes,10800.0,681.0,148600.0,63600.0,Personal Loan EMI,263000.0,40,Not_Eligible,500.0
48.0,Female,Married,Graduate,49600.0,Private,1.5,Large Indian,Family,0.0,3,2,12200.0,18800.0,6700.0,14200.0,5000.0,No,0.0,623.0,191500.0,99000.0,Home Appliances EMI,240000.0,33,Not_Eligible,500.0
32.0,Female,Married,Post Graduate,44700.0,Private,10.0,Mid-size,Own,8979.0,3,2,0.0,11100.0,5500.0,9200.0,8900.0,No,0.0,764.0,356300.0,75700.0,Personal Loan EMI,149000.0,54,Eligible,6600.0
32.0,Male,Single,Post Graduate,54100.0,Private,6.6,Large Indian,Rented,18800.0,1,0,0.0,0.0,5900.0,8900.0,6000.0,No,0.0,759.0,424500.0,157500.0,E-commerce Shopping EMI,39000.0,24,Eligible,9570.0
38.0,Female,Married,Graduate,33400.0,Government,7.5,MNC,Own,0.0,4,3,5000.0,21900.0,4600.0,9500.0,6200.0,Yes,9700.0,685.0,209500.0,80900.0,E-commerce Shopping EMI,98000.0,7,Not_Eligible,500.0
32.0,Male,Single,Graduate,50300.0,Government,1.0,MNC,Own,10083.0,1,0,0.0,0.0,6600.0,14600.0,10000.0,No,0.0,761.0,268100.0,137800.0,E-commerce Shopping EMI,58000.0,14,Eligible,11460.0
48.0,Male,Married,Graduate,18000.0,Private,4.5,Startup,Family,0.0,3,2,0.0,0.0,1200.0,4700.0,1200.0,No,0.0,756.0,42900.0,24100.0,E-commerce Shopping EMI,62000.0,19,Eligible,6540.0
27.0,Female,Single,Graduate,78300.0,Government,1.2,Large Indian,Rented,26100.0,2,1,0.0,18000.0,4400.0,19000.0,13300.0,Yes,19100.0,752.0,247100.0,71300.0,Home Appliances EMI,57000.0,14,Not_Eligible,500.0
38.0,Male,Married,Graduate,35800.0,Private,9.4,MNC,Rented,7200.0,3,2,4700.0,0.0,3100.0,7700.0,3900.0,Yes,5500.0,750.0,60400.0,19200.0,Education EMI,407000.0,26,Not_Eligible,1243.2
38.0,Female,Married,High School,20400.0,Private,0.5,Mid-size,Rented,6500.0,3,2,0.0,17100.0,1400.0,4100.0,3900.0,No,0.0,638.0,25900.0,13300.0,Home Appliances EMI,46000.0,36,Not_Eligible,500.0
58.0,Male,Married,Post Graduate,43900.0,Private,13.3,Mid-size,Own,0.0,4,3,7600.0,0.0,2700.0,12900.0,8300.0,Yes,10300.0,681.0,300900.0,96900.0,Vehicle EMI,920000.0,34,Not_Eligible,808.5
32.0,Male,Single,Post Graduate,7513.0,Private,7.0,MNC,Family,0.0,3,2,2100.0,7000.0,5600.0,11300.0,4500.0,Yes,4900.0,623.0,330000.0,130000.0,E-commerce Shopping EMI,135000.0,8,Not_Eligible,2217.6
32.0,Male,Married,Professional,77700.0,Self-employed,2.5,MNC,Rented,21000.0,4,3,13600.0,0.0,7700.0,13900.0,12900.0,No,0.0,709.0,426300.0,169500.0,E-commerce Shopping EMI,57000.0,11,Not_Eligible,3870.0
32.0,Male,Married,Graduate,37600.0,Private,3.0,Large Indian,Rented,7200.0,5,4,14400.0,0.0,3900.0,10000.0,3000.0,No,0.0,687.0,227700.0,97300.0,Vehicle EMI,559000.0,83,Not_Eligible,500.0
58.0,Male,Married,Professional,76900.0,Private,0.5,Mid-size,Own,0.0,4,3,11700.0,0.0,4700.0,14300.0,8600.0,No,0.0,654.0,466200.0,173200.0,Vehicle EMI,1465000.0,68,Not_Eligible,16544.0
38.0,Male,Married,Graduate,31100.0,Private,0.5,Mid-size,Family,0.0,3,2,0.0,23600.0,3000.0,5400.0,3700.0,No,0.0,688.0,119600.0,71700.0,E-commerce Shopping EMI,61000.0,15,Not_Eligible,500.0
32.0,Male,Married,Graduate,84300.0,Private,0.5,MNC,Family,0.0,3,2,3300.0,0.0,9500.0,22100.0,13700.0,No,0.0,721.0,631200.0,172200.0,Personal Loan EMI,659000.0,37,Not_Eligible,15708.0
38.0,Female,Married,Professional,75800.0,Self-employed,1.1,Mid-size,Own,0.0,4,3,0.0,0.0,5000.0,19400.0,5200.0,No,0.0,709.0,84800.0,49200.0,Home Appliances EMI,94000.0,8,Eligible,16632.0
38.0,Male,Married,High School,57800.0,Private,16.0,MNC,Family,0.0,3,2,4600.0,5000.0,3100.0,9400.0,7200.0,No,0.0,699.0,331500.0,67600.0,Home Appliances EMI,263000.0,22,High_Risk,14250.0
32.0,Male,Married,Post Graduate,45600.0,Private,1.1,Large Indian,Family,0.0,5,4,7100.0,5200.0,2500.0,12000.0,7300.0,No,0.0,709.0,278700.0,60300.0,Education EMI,305000.0,15,Not_Eligible,6325.0
32.0,Male,Married,Post Graduate,73200.0,Private,0.8,Mid-size,Own,0.0,2,1,0.0,14400.0,9200.0,19800.0,10000.0,Yes,10200.0,629.0,549000.0,161100.0,Home Appliances EMI,229000.0,12,Not_Eligible,2365.44
48.0,Male,Married,Graduate,71200.0,Private,1.8,MNC,Own,0.0,4,3,8400.0,0.0,7200.0,16800.0,13900.0,No,0.0,850.0,274700.0,110500.0,E-commerce Shopping EMI,159000.0,11,Not_Eligible,14940.0
27.0,Female,Married,Professional,101800.0,Private,1.4,Startup,Rented,31400.0,3,2,0.0,15100.0,8000.0,22400.0,16800.0,No,0.0,728.0,350100.0,124000.0,Education EMI,194000.0,31,Not_Eligible,4050.0
38.0,Male,Married,Graduate,27800.0,Government,10.0,Startup,Own,0.0,4,3,0.0,0.0,3000.0,5000.0,5200.0,Yes,5500.0,790.0,42600.0,16600.0,Vehicle EMI,357000.0,54,Not_Eligible,3363.36
38.0,Female,Married,Graduate,39600.0,Private,3.0,Mid-size,Rented,12200.0,4,3,0.0,0.0,4600.0,11800.0,7700.0,No,0.0,650.0,275600.0,58400.0,Personal Loan EMI,470000.0,32,Not_Eligible,1815.0
38.0,Male,Married,Graduate,31500.0,Private,5.3,MNC,Rented,4900.0,2,1,8800.0,0.0,4300.0,7500.0,2700.0,Yes,6900.0,660.0,76800.0,23300.0,Education EMI,53000.0,34,Not_Eligible,500.0
58.0,Female,Married,Post Graduate,97900.0,Private,19.4,MNC,Rented,21000.0,4,3,14600.0,0.0,9600.0,15200.0,12100.0,Yes,27500.0,620.0,582800.0,345300.0,Vehicle EMI,1311000.0,27,Not_Eligible,500.0
38.0,Female,Married,Graduate,38500.0,Private,5.1,MNC,Rented,8900.0,2,1,0.0,0.0,2000.0,7500.0,4200.0,Yes,11100.0,638.0,277800.0,140900.0,Education EMI,361000.0,33,Not_Eligible,1478.4
32.0,Male,Married,Graduate,82400.0,Government,0.6,Large Indian,Rented,24100.0,3,2,8200.0,19600.0,7700.0,14400.0,10900.0,No,0.0,811.0,326200.0,168000.0,Home Appliances EMI,160000.0,25,Not_Eligible,500.0
27.0,Male,Married,Professional,134200.0,Government,0.5,Mid-size,Rented,21200.0,3,2,0.0,0.0,11900.0,21000.0,21200.0,Yes,35100.0,848.0,342600.0,180800.0,Personal Loan EMI,898000.0,51,Not_Eligible,9996.0
32.0,Male,Single,Graduate,57500.0,Private,3.8,Large Indian,Rented,17500.0,1,0,0.0,0.0,7800.0,14100.0,9300.0,No,0.0,780.0,42000.0,13700.0,Education EMI,321000.0,40,Not_Eligible,4224.0
38.0,Female,Married,Graduate,54500.0,Self-employed,1.5,MNC,Rented,12600.0,4,3,10700.0,19000.0,6800.0,15200.0,2800.0,Yes,16200.0,675.0,339300.0,162400.0,Home Appliances EMI,286000.0,10,Not_Eligible,500.0
32.0,Male,Married,Post Graduate,112100.0,Government,7.2,Small,Rented,33800.0,3,2,0.0,0.0,14000.0,26500.0,14700.0,No,0.0,801.0,399400.0,112200.0,Home Appliances EMI,201000.0,14,Not_Eligible,15246.0
38.0,Female,Married,Post Graduate,95500.0,Private,0.5,Startup,Own,0.0,5,4,2500.0,0.0,14200.0,22800.0,5900.0,No,0.0,717.0,352500.0,145900.0,Vehicle EMI,1407000.0,31,Not_Eligible,20040.0
38.0,Female,Married,Graduate,18000.0,Private,3.1,Large Indian,Rented,3900.0,4,3,3700.0,0.0,1700.0,4600.0,2700.0,Yes,3800.0,668.0,35600.0,16900.0,Education EMI,80000.0,45,Not_Eligible,500.0
27.0,Male,Single,Graduate,32700.0,Self-employed,0.6,Startup,Rented,7400.0,1,0,0.0,0.0,4800.0,6800.0,3500.0,No,0.0,639.0,194400.0,56000.0,Vehicle EMI,1166000.0,52,Not_Eligible,3672.0
32.0,Female,Single,Post Graduate,92800.0,Private,0.8,MNC,Rented,32400.0,1,0,0.0,0.0,12900.0,26000.0,11800.0,No,0.0,785.0,372000.0,151700.0,Personal Loan EMI,376000.0,33,Not_Eligible,4656.0
38.0,Female,Single,Post Graduate,117200.0,Private,0.9,Startup,Own,0.0,3,2,0.0,0.0,14300.0,25400.0,7300.0,Yes,23800.0,692.0,860500.0,259900.0,Vehicle EMI,1434000.0,13,Not_Eligible,14291.2
32.0,Female,Single,Post Graduate,83600.0,Private,6.8,Startup,Own,0.0,2,1,14400.0,0.0,9400.0,14200.0,14100.0,No,0.0,786.0,132000.0,45600.0,E-commerce Shopping EMI,60000.0,21,Eligible,15120.0
32.0,Male,Married,Graduate,50100.0,Government,10.0,MNC,Own,0.0,3,2,0.0,0.0,3200.0,10200.0,4000.0,No,0.0,835.0,47700.0,10400.0,E-commerce Shopping EMI,179000.0,17,Eligible,17265.6
48.0,Male,Married,Professional,112100.0,Private,12.5,Mid-size,Rented,36000.0,3,2,0.0,0.0,12600.0,24600.0,12900.0,No,0.0,696.0,592200.0,328500.0,Home Appliances EMI,278000.0,25,High_Risk,13000.0
32.0,Male,Single,Graduate,44200.0,Self-employed,4.2,Startup,Own,0.0,2,1,11400.0,15700.0,3200.0,7500.0,3500.0,Yes,12800.0,591.0,37400.0,8100.0,Vehicle EMI,504000.0,75,Not_Eligible,500.0
32.0,Female,Single,Post Graduate,58700.0,Government,1.6,Large Indian,Own,0.0,1,0,0.0,0.0,3400.0,9600.0,11600.0,Yes,6500.0,832.0,160500.0,52000.0,E-commerce Shopping EMI,164000.0,21,Eligible,11592.0
38.0,Male,Married,Graduate,18000.0,Private,11.6,Large Indian,Family,0.0,2,1,9800.0,0.0,1600.0,5300.0,1300.0,No,0.0,649.0,113100.0,61900.0,E-commerce Shopping EMI,92000.0,10,Not_Eligible,500.0
38.0,Female,Married,Professional,88400.0,Private,0.9,Large Indian,Rented,26900.0,4,3,15000.0,0.0,8500.0,15100.0,11100.0,No,0.0,821.0,486300.0,277200.0,E-commerce Shopping EMI,60000.0,22,Eligible,5664.0
38.0,Male,Married,Graduate,20100.0,Private,14.8,Small,Own,0.0,5,4,3200.0,0.0,2500.0,4400.0,2500.0,No,0.0,745.0,76300.0,35400.0,E-commerce Shopping EMI,14000.0,20,Eligible,3750.0
58.0,Female,Married,Professional,42200.0,Private,4.1,MNC,Own,0.0,4,3,0.0,0.0,4700.0,11400.0,3200.0,Yes,11200.0,730.0,299800.0,132600.0,Personal Loan EMI,866000.0,29,Not_Eligible,4504.5
58.0,Female,Married,Post Graduate,39900.0,Self-employed,7.1,MNC,Family,0.0,5,4,6300.0,0.0,5300.0,7400.0,3400.0,Yes,6400.0,738.0,20400.0,9800.0,Education EMI,81000.0,31,Not_Eligible,2797.2
27.0,Male,Single,Professional,42500.0,Government,5.0,MNC,Rented,8000.0,3,2,0.0,0.0,4200.0,7000.0,2800.0,Yes,5700.0,746.0,144100.0,76700.0,E-commerce Shopping EMI,162000.0,18,Not_Eligible,5698.0
27.0,Female,Single,Post Graduate,77300.0,Private,2.5,Mid-size,Family,0.0,1,0,0.0,0.0,8500.0,22300.0,6700.0,Yes,13800.0,599.0,617600.0,323100.0,E-commerce Shopping EMI,44000.0,22,Eligible,8008.0
48.0,Male,Single,Post Graduate,67800.0,Private,8.6,Large Indian,Own,0.0,2,1,6300.0,0.0,4100.0,15400.0,9900.0,No,0.0,524.0,287600.0,169000.0,Personal Loan EMI,864000.0,27,Not_Eligible,8025.0
27.0,Male,Single,Post Graduate,74400.0,Private,0.9,Large Indian,Family,0.0,1,0,0.0,0.0,4700.0,11700.0,12600.0,Yes,12000.0,611.0,258500.0,98900.0,Education EMI,196000.0,20,Not_Eligible,7481.6
27.0,Male,Married,Post Graduate,81900.0,Government,0.5,Mid-size,Rented,28100.0,3,2,0.0,0.0,10200.0,16300.0,7600.0,Yes,18700.0,694.0,335000.0,115300.0,E-commerce Shopping EMI,21000.0,19,Not_Eligible,500.0
38.0,Male,Married,Graduate,27500.0,Private,16.0,Mid-size,Rented,5500.0,3,2,2000.0,0.0,1500.0,7900.0,3300.0,No,0.0,757.0,126700.0,74700.0,Home Appliances EMI,224000.0,13,Not_Eligible,4380.0
48.0,Male,Married,Graduate,40300.0,Private,0.5,Startup,Rented,7000.0,5,4,12000.0,0.0,6000.0,7400.0,3400.0,No,0.0,709.0,254700.0,117700.0,Personal Loan EMI,257000.0,23,Not_Eligible,1980.0
48.0,Male,Married,Post Graduate,73900.0,Government,0.6,Mid-size,Family,0.0,2,1,0.0,0.0,10800.0,21300.0,13200.0,No,0.0,848.0,520200.0,253100.0,E-commerce Shopping EMI,106000.0,22,Eligible,18876.0
38.0,Male,Single,High School,12000.0,Private,5.4,Large Indian,Rented,3100.0,1,0,0.0,0.0,1700.0,3100.0,1200.0,No,0.0,678.0,75100.0,22100.0,Personal Loan EMI,373000.0,28,Not_Eligible,1595.0
27.0,Female,Single,Graduate,65000.0,Government,1.0,Large Indian,Own,0.0,1,0,0.0,0.0,3900.0,15400.0,6800.0,Yes,8000.0,699.0,229900.0,83300.0,Home Appliances EMI,121000.0,32,Eligible,10815.0
58.0,Female,Married,Graduate,51900.0,Government,12.2,MNC,Own,0.0,4,3,14400.0,19000.0,7600.0,9900.0,3200.0,No,0.0,727.0,46500.0,13300.0,Education EMI,223000.0,23,Not_Eligible,500.0
38.0,Male,Married,Graduate,59400.0,Government,4.1,MNC,Family,0.0,3,2,5600.0,0.0,8300.0,17300.0,6300.0,No,0.0,749.0,393000.0,216600.0,E-commerce Shopping EMI,62000.0,6,High_Risk,13249.5
48.0,Male,Married,Graduate,54100.0,Private,2.0,MNC,Own,0.0,5,4,13200.0,0.0,3300.0,15500.0,4400.0,No,0.0,665.0,391900.0,112700.0,Personal Loan EMI,555000.0,51,Not_Eligible,9735.0
38.0,Male,Married,Post Graduate,84000.0,Private,4.6,MNC,Rented,21500.0,4,3,8900.0,0.0,12200.0,16800.0,15800.0,No,0.0,694.0,394200.0,102200.0,Education EMI,274000.0,12,Not_Eligible,4400.0
48.0,Male,Married,Graduate,29400.0,Private,2.1,Startup,Rented,6600.0,2,1,10400.0,6800.0,1900.0,7200.0,5000.0,No,0.0,578.0,103100.0,47700.0,Home Appliances EMI,286000.0,7,Not_Eligible,500.0
27.0,Male,Single,Post Graduate,26000.0,Private,0.5,Large Indian,Rented,7100.0,1,0,0.0,0.0,1400.0,5100.0,1700.0,No,0.0,620.0,184600.0,106400.0,Personal Loan EMI,197000.0,54,Not_Eligible,3766.4
32.0,Female,Single,Post Graduate,80200.0,Private,0.5,Small,Rented,24200.0,2,1,3800.0,0.0,6000.0,15700.0,12100.0,Yes,14600.0,702.0,239200.0,86200.0,E-commerce Shopping EMI,147000.0,11,Not_Eligible,1064.0
38.0,Male,Married,Post Graduate,99900.0,Private,5.4,MNC,Own,0.0,4,3,0.0,0.0,5800.0,17200.0,19700.0,Yes,14600.0,789.0,676200.0,312100.0,Education EMI,481000.0,39,Eligible,19681.2
38.0,Male,Single,Post Graduate,84000.0,Private,1.1,Startup,Rented,28700.0,1,0,0.0,0.0,9600.0,19700.0,5000.0,No,0.0,740.0,402800.0,145300.0,Vehicle EMI,913000.0,53,Not_Eligible,10500.0
38.0,Female,Married,High School,19000.0,Private,0.5,Large Indian,Own,0.0,4,3,3300.0,0.0,2300.0,4300.0,1300.0,No,0.0,622.0,39400.0,8100.0,Home Appliances EMI,227000.0,6,Not_Eligible,2496.0
27.0,Female,Single,Graduate,50400.0,Private,0.5,Startup,Own,0.0,1,0,0.0,0.0,7000.0,9700.0,9200.0,Yes,5700.0,569.0,366500.0,165400.0,Home Appliances EMI,211000.0,24,Not_Eligible,4632.32
38.0,Male,Married,Graduate,46300.0,Private,1.7,MNC,Rented,15200.0,5,4,0.0,0.0,5700.0,12700.0,4600.0,No,0.0,677.0,168300.0,86700.0,Education EMI,294000.0,24,Not_Eligible,4050.0
27.0,Male,Single,Professional,72700.0,Private,0.5,MNC,Rented,20800.0,2,1,11500.0,0.0,6800.0,14300.0,8200.0,Yes,13600.0,604.0,120400.0,67500.0,Education EMI,381000.0,31,Not_Eligible,500.0
32.0,Male,Married,Graduate,43200.0,Private,3.1,Large Indian,Family,0.0,3,2,0.0,0.0,5100.0,7600.0,4800.0,No,0.0,667.0,114200.0,62800.0,Education EMI,79000.0,8,High_Risk,12850.0
32.0,Female,Married,Post Graduate,74900.0,Private,0.5,MNC,Rented,16400.0,4,3,8300.0,0.0,5300.0,12300.0,4100.0,No,0.0,722.0,511700.0,304100.0,Vehicle EMI,321000.0,45,Eligible,12540.0
38.0,Male,Married,Post Graduate,54200.0,Government,7.9,Large Indian,Rented,13300.0,4,3,0.0,0.0,3100.0,13000.0,3500.0,No,0.0,654.0,104600.0,36000.0,Vehicle EMI,752000.0,50,Not_Eligible,9372.0
38.0,Female,Married,Post Graduate,29900.0,Private,1.2,Large Indian,Rented,5400.0,4,3,0.0,0.0,2000.0,8400.0,2600.0,No,0.0,589.0,104400.0,39700.0,Personal Loan EMI,842000.0,53,Not_Eligible,4600.0
32.0,Female,Single,Graduate,32200.0,Private,0.8,Mid-size,Rented,10500.0,1,0,0.0,0.0,4000.0,6600.0,3600.0,No,0.0,785.0,88200.0,22300.0,Personal Loan EMI,669000.0,59,Not_Eligible,3600.0
27.0,Male,Married,Post Graduate,67000.0,Self-employed,1.6,MNC,Rented,11600.0,4,3,14200.0,21200.0,10000.0,11300.0,5700.0,No,0.0,730.0,87300.0,25000.0,Home Appliances EMI,272000.0,11,Not_Eligible,500.0
48.0,Male,Married,Post Graduate,76500.0,Government,2.4,Large Indian,Family,0.0,2,1,6900.0,0.0,9300.0,13600.0,5000.0,No,0.0,700.0,294000.0,146800.0,Personal Loan EMI,215000.0,18,Eligible,20850.0
32.0,Male,Married,Post Graduate,81300.0,Private,1.8,Large Indian,Rented,26000.0,2,1,9600.0,0.0,10100.0,21800.0,4100.0,Yes,13600.0,692.0,282600.0,158200.0,Vehicle EMI,440000.0,36,Not_Eligible,500.0
32.0,Male,Married,Graduate,59700.0,Private,10.0,Mid-size,Rented,12600.0,3,2,0.0,0.0,7800.0,12000.0,10700.0,No,0.0,753.0,434200.0,133100.0,Personal Loan EMI,734000.0,47,Not_Eligible,10956.0
27.0,Male,Married,Graduate,92400.0,Private,1.4,MNC,Family,0.0,5,4,8000.0,0.0,5800.0,19500.0,5400.0,No,0.0,850.0,157900.0,82100.0,Vehicle EMI,1383000.0,35,Not_Eligible,25776.0
58.0,Male,Single,Post Graduate,70100.0,Government,2.7,Mid-size,Family,0.0,1,0,0.0,0.0,6700.0,12100.0,5700.0,No,0.0,731.0,327300.0,110100.0,E-commerce Shopping EMI,162000.0,8,High_Risk,22800.0
32.0,Female,Married,High School,55000.0,Private,1.4,Startup,Own,0.0,3,2,0.0,23400.0,7900.0,9400.0,5800.0,Yes,13400.0,711.0,221100.0,129300.0,Personal Loan EMI,442000.0,53,Not_Eligible,500.0
27.0,Male,Married,Graduate,107800.0,Private,4.1,MNC,Rented,36600.0,4,3,8100.0,5700.0,9000.0,30800.0,17800.0,Yes,27700.0,722.0,727700.0,359100.0,Vehicle EMI,506000.0,26,Not_Eligible,500.0
58.0,Female,Married,High School,30800.0,Private,2.0,Mid-size,Rented,6800.0,3,2,0.0,0.0,3300.0,7500.0,4800.0,Yes,8900.0,675.0,213600.0,117600.0,Vehicle EMI,1062000.0,50,Not_Eligible,500.0
38.0,Female,Married,Professional,54000.0,Private,14.4,MNC,Rented,8800.0,4,3,0.0,14300.0,3300.0,15100.0,7500.0,Yes,7300.0,689.0,316500.0,108300.0,Vehicle EMI,501000.0,16,Not_Eligible,500.0
48.0,Male,Married,Graduate,43200.0,Self-employed,4.7,MNC,Own,0.0,3,2,10800.0,0.0,2800.0,9000.0,4900.0,Yes,8900.0,657.0,126900.0,42000.0,Vehicle EMI,169000.0,42,Not_Eligible,2142.0
58.0,Male,Married,Professional,50800.0,Government,8.2,MNC,Rented,9700.0,2,1,6300.0,0.0,5200.0,14400.0,3300.0,No,0.0,839.0,250800.0,98300.0,Vehicle EMI,174000.0,34,Eligible,7854.0
27.0,Male,Single,Graduate,41900.0,Private,0.9,MNC,Own,0.0,2,1,9600.0,0.0,3800.0,7000.0,7600.0,No,0.0,800.0,190700.0,63100.0,E-commerce Shopping EMI,135000.0,15,Not_Eligible,6672.0
32.0,Male,Married,Graduate,50700.0,Government,0.8,Startup,Family,0.0,3,2,0.0,0.0,6600.0,11600.0,9200.0,No,0.0,770.0,64100.0,18600.0,Vehicle EMI,1041000.0,82,Not_Eligible,11184.0
27.0,Male,Married,Graduate,37800.0,Private,0.9,MNC,Family,0.0,4,3,14100.0,14000.0,3900.0,5800.0,4400.0,No,0.0,585.0,30300.0,10700.0,Vehicle EMI,1017000.0,31,Not_Eligible,500.0
32.0,Male,Married,Professional,56900.0,Self-employed,8.7,MNC,Family,0.0,4,3,9700.0,24500.0,5700.0,11000.0,8700.0,No,0.0,786.0,161000.0,75500.0,Education EMI,333000.0,22,Not_Eligible,500.0
32.0,Female,Married,Graduate,38400.0,Government,1.3,Large Indian,Rented,12200.0,3,2,0.0,0.0,4600.0,11400.0,7300.0,Yes,10500.0,737.0,185500.0,50600.0,Education EMI,372000.0,35,Not_Eligible,500.0
48.0,Female,Single,Graduate,67800.0,Private,11.3,Mid-size,Own,0.0,2,1,0.0,0.0,4500.0,17100.0,12300.0,Yes,14900.0,693.0,377400.0,96700.0,Vehicle EMI,944000.0,73,Not_Eligible,6650.0
32.0,Male,Married,Graduate,48100.0,Self-employed,1.8,Large Indian,Own,0.0,3,2,3800.0,12000.0,3100.0,10000.0,9300.0,Yes,11300.0,714.0,217700.0,108900.0,Education EMI,187000.0,28,Not_Eligible,500.0
32.0,Male,Married,Graduate,33300.0,Government,0.5,Large Indian,Rented,11200.0,4,3,10500.0,0.0,2300.0,5400.0,6100.0,Yes,6800.0,609.0,32300.0,9600.0,Education EMI,402000.0,18,Not_Eligible,500.0
38.0,Female,Married,Professional,57400.0,Government,1.9,Mid-size,Own,0.0,3,2,0.0,0.0,5800.0,10200.0,5800.0,No,0.0,776.0,178500.0,43800.0,Vehicle EMI,795000.0,41,Not_Eligible,21360.0
32.0,Male,Married,Professional,120600.0,Private,0.5,MNC,Rented,39200.0,4,3,3100.0,0.0,15100.0,36200.0,14300.0,No,0.0,682.0,520700.0,174000.0,E-commerce Shopping EMI,127000.0,17,Not_Eligible,5080.0
48.0,Male,Married,Graduate,28500.0,Private,26.0,Mid-size,Family,0.0,3,2,0.0,0.0,3900.0,4300.0,2300.0,No,0.0,605.0,35700.0,10500.0,Home Appliances EMI,95000.0,7,Not_Eligible,5760.0
32.0,Female,Single,Professional,46100.0,Private,10.0,Mid-size,Rented,13400.0,2,1,0.0,15500.0,2900.0,13800.0,4300.0,Yes,8500.0,728.0,204700.0,77100.0,Vehicle EMI,934000.0,59,Not_Eligible,500.0
32.0,Male,Married,Graduate,60600.0,Private,0.7,Startup,Rented,18700.0,3,2,9200.0,10400.0,3300.0,9600.0,3200.0,No,0.0,695.0,261700.0,106500.0,E-commerce Shopping EMI,93000.0,15,Not_Eligible,2480.0
38.0,Female,Married,Professional,140600.0,Government,1.3,Mid-size,Rented,30600.0,4,3,7500.0,0.0,9200.0,36600.0,27400.0,No,0.0,709.0,774400.0,188600.0,Home Appliances EMI,234000.0,34,Eligible,14650.0
38.0,Male,Married,Post Graduate,45200.0,Self-employed,6.5,Small,Own,0.0,3,2,8200.0,0.0,2300.0,11300.0,5900.0,Yes,11100.0,843.0,247600.0,71300.0,Personal Loan EMI,276000.0,28,Not_Eligible,2419.2
32.0,Male,Married,Graduate,33800.0,Self-employed,3.1,Large Indian,Rented,11000.0,3,2,7200.0,0.0,4200.0,9700.0,4300.0,No,0.0,785.0,79700.0,18100.0,Personal Loan EMI,839000.0,32,Not_Eligible,500.0
38.0,Male,Single,Professional,53400.0,Government,3.6,Mid-size,Own,0.0,1,0,0.0,0.0,7300.0,9900.0,3700.0,No,0.0,807.0,154500.0,74300.0,E-commerce Shopping EMI,120000.0,12,Eligible,21450.0
58.0,Male,Married,Graduate,52000.0,Government,0.5,Startup,Rented,8700.0,2,1,0.0,0.0,6100.0,14300.0,3900.0,No,0.0,803.0,102100.0,49700.0,Vehicle EMI,1159000.0,35,Not_Eligible,9120.0
38.0,Male,Married,Post Graduate,49700.0,Private,16.0,Small,Family,22737.0,3,2,8600.0,0.0,5200.0,12800.0,4400.0,No,0.0,706.0,34600.0,10900.0,Vehicle EMI,1312000.0,64,Not_Eligible,7480.0
48.0,Male,Married,Post Graduate,112900.0,Private,6.8,MNC,Rented,37600.0,2,1,0.0,0.0,12500.0,24600.0,12200.0,No,0.0,757.0,549600.0,,Home Appliances EMI,91000.0,23,Eligible,15600.0
32.0,Female,Single,Post Graduate,28500.0,Private,4.5,MNC,Own,0.0,1,0,0.0,0.0,3800.0,5100.0,2800.0,No,0.0,758.0,49900.0,19100.0,Education EMI,295000.0,46,Not_Eligible,8064.0
38.0,Male,Single,Graduate,46600.0,Government,6.5,MNC,Own,0.0,3,2,0.0,0.0,5500.0,12300.0,6800.0,Yes,7100.0,712.0,326600.0,111600.0,E-commerce Shopping EMI,188000.0,18,Not_Eligible,6310.15
38.0,Female,Married,Graduate,40800.0,Private,2.0,MNC,Rented,10100.0,4,3,0.0,0.0,5200.0,12200.0,7300.0,Yes,6100.0,506.0,186900.0,96300.0,Vehicle EMI,1049000.0,54,Not_Eligible,500.0
48.0,Male,Married,Post Graduate,128200.0,Government,5.2,Large Indian,Own,0.0,4,3,13000.0,0.0,14100.0,31100.0,20100.0,No,0.0,724.0,573600.0,271700.0,Personal Loan EMI,343000.0,29,Eligible,27445.0
32.0,Female,Married,High School,31900.0,Self-employed,2.4,Large Indian,Rented,6900.0,5,4,6500.0,0.0,3000.0,6000.0,1700.0,Yes,9300.0,685.0,174800.0,52500.0,E-commerce Shopping EMI,199000.0,16,Not_Eligible,500.0
27.0,Male,Single,Post Graduate,49400.0,Private,0.9,Mid-size,Family,0.0,1,0,0.0,0.0,7000.0,14700.0,8900.0,Yes,7800.0,613.0,83600.0,19500.0,Home Appliances EMI,241000.0,6,Not_Eligible,1971.2
48.0,Male,Married,Graduate,26900.0,Government,3.8,Large Indian,Family,0.0,3,2,7800.0,0.0,2200.0,4700.0,3000.0,No,0.0,607.0,16500.0,3800.0,Home Appliances EMI,194000.0,6,Not_Eligible,3238.4
48.0,Male,Married,Graduate,37400.0,Private,2.8,Large Indian,Family,0.0,2,1,7000.0,0.0,5200.0,9500.0,3400.0,No,0.0,,252600.0,61100.0,Home Appliances EMI,274000.0,23,Not_Eligible,5412.0
27.0,Male,Single,High School,59100.0,Private,0.5,Small,Rented,17200.0,1,0,0.0,0.0,5000.0,11700.0,10100.0,Yes,16000.0,666.0,303700.0,105500.0,Home Appliances EMI,152000.0,32,Not_Eligible,500.0
32.0,Male,Single,Graduate,41800.0,Private,3.1,Large Indian,Rented,10700.0,1,0,0.0,0.0,4400.0,10900.0,4100.0,No,0.0,681.0,196600.0,81300.0,Vehicle EMI,1114000.0,44,Not_Eligible,5850.0
27.0,Female,Single,Post Graduate,24600.0,Private,0.6,Startup,Rented,4200.0,3,2,0.0,0.0,3400.0,5800.0,2200.0,Yes,4700.0,564.0,32300.0,6600.0,E-commerce Shopping EMI,101000.0,5,Not_Eligible,770.56
27.0,Female,Married,Post Graduate,52200.0,Self-employed,0.9,Startup,Rented,16500.0,3,2,13700.0,0.0,5800.0,8300.0,6100.0,No,0.0,703.0,104500.0,23600.0,Education EMI,98000.0,45,Not_Eligible,810.0
58.0,Male,Married,Graduate,62700.0,Government,2.6,Large Indian,Rented,16200.0,3,2,0.0,0.0,5800.0,16400.0,4600.0,Yes,17300.0,770.0,130000.0,45000.0,Vehicle EMI,361000.0,33,Not_Eligible,1008.0
58.0,Female,Married,Graduate,353629.0,Private,4.3,Mid-size,Rented,7900.0,4,3,13700.0,0.0,2000.0,8600.0,7100.0,No,0.0,704.0,169300.0,100000.0,Education EMI,394000.0,21,Not_Eligible,500.0
48.0,Male,Married,Professional,27000.0,Self-employed,3.5,Startup,Own,0.0,3,2,0.0,0.0,3400.0,6500.0,5300.0,No,0.0,694.0,38700.0,8100.0,E-commerce Shopping EMI,30000.0,15,Eligible,4248.0
32.0,Male,Married,Post Graduate,41700.0,Private,3.0,MNC,Family,0.0,3,2,13700.0,0.0,5700.0,12300.0,2900.0,Yes,7600.0,637.0,172500.0,61500.0,Vehicle EMI,827000.0,73,Not_Eligible,500.0
58.0,Male,Married,Post Graduate,68000.0,Private,5.6,Mid-size,Rented,11600.0,2,1,0.0,0.0,7700.0,18500.0,6800.0,Yes,10000.0,511.0,172200.0,60800.0,E-commerce Shopping EMI,105000.0,19,Not_Eligible,2345.0
27.0,Male,Single,Post Graduate,33500.0,Private,2.0,Startup,Family,0.0,1,0,0.0,0.0,2000.0,6200.0,5900.0,No,0.0,674.0,76300.0,38400.0,Personal Loan EMI,405000.0,23,Not_Eligible,9700.0
27.0,Male,Single,Professional,116200.0,Private,0.5,Mid-size,Rented,32300.0,1,0,0.0,0.0,12500.0,20300.0,9300.0,No,0.0,676.0,62900.0,25300.0,Personal Loan EMI,143000.0,57,Eligible,13376.0
48.0,Female,Single,Post Graduate,108200.0,Government,0.9,Mid-size,Family,0.0,3,2,6400.0,0.0,12600.0,19500.0,19100.0,No,0.0,808.0,186900.0,37500.0,Education EMI,216000.0,37,Eligible,24288.0
32.0,Male,Single,High School,73400.0,Private,4.3,Large Indian,Family,0.0,2,1,0.0,0.0,10200.0,16700.0,8000.0,No,0.0,593.0,258000.0,76400.0,E-commerce Shopping EMI,72000.0,23,Eligible,15400.0
37.0,Male,Married,Post Graduate,68850.0,Private,5.6,Startup,Rented,11300.0,2,1,0.0,0.0,6000.0,18400.0,6600.0,No,0.0,775.0,405900.0,139300.0,Personal Loan EMI,373000.0,43,Eligible,15540.0
32.0,Male,Married,High School,29700.0,Private,0.5,MNC,Rented,7400.0,5,4,0.0,0.0,3700.0,6800.0,3200.0,Yes,8400.0,574.0,93200.0,28500.0,Personal Loan EMI,883000.0,32,Not_Eligible,500.0
38.0,Female,Married,Graduate,78600.0,Private,1.7,MNC,Rented,19600.0,2,1,4500.0,19500.0,5500.0,23200.0,5900.0,No,0.0,791.0,361700.0,106700.0,E-commerce Shopping EMI,139000.0,22,Not_Eligible,500.0
48.0,Male,Married,Post Graduate,56800.0,Private,0.5,Large Indian,Rented,9400.0,3,2,10900.0,7700.0,8000.0,15600.0,8300.0,No,0.0,677.0,87300.0,48800.0,Home Appliances EMI,95000.0,14,Not_Eligible,500.0
27.0,Male,Single,Professional,158000.0,Private,0.5,Small,Rented,54000.0,1,0,0.0,0.0,11900.0,36900.0,12200.0,Yes,40100.0,650.0,880900.0,286300.0,Vehicle EMI,907000.0,42,Not_Eligible,812.0
32.0,Male,Married,Professional,36000.0,Government,2.5,Mid-size,Rented,10800.0,2,1,0.0,0.0,5200.0,10300.0,1900.0,No,0.0,749.0,172800.0,99400.0,Personal Loan EMI,423000.0,53,Not_Eligible,3900.0
38.0,Male,Single,Graduate,29300.0,Government,4.5,Large Indian,Rented,4400.0,1,0,0.0,0.0,2900.0,6800.0,3700.0,No,0.0,746.0,95200.0,37700.0,Home Appliances EMI,92000.0,32,Eligible,6325.0
48.0,Female,Married,Post Graduate,68900.0,Private,26.0,Large Indian,Own,0.0,2,1,0.0,0.0,3800.0,20500.0,7100.0,Yes,10800.0,699.0,471100.0,103600.0,Education EMI,298000.0,18,Not_Eligible,10279.5
32.0,Male,Single,Graduate,86200.0,Private,0.5,Mid-size,Family,0.0,1,0,0.0,0.0,8000.0,19500.0,15600.0,Yes,17000.0,681.0,74700.0,25700.0,Vehicle EMI,266000.0,52,Not_Eligible,5846.4
48.0,Male,Married,Graduate,77000.0,Private,1.2,MNC,Rented,22100.0,4,3,4400.0,0.0,9700.0,21400.0,13200.0,No,0.0,731.0,308900.0,172900.0,Education EMI,445000.0,28,Not_Eligible,3100.0
32.0,Female,Married,High School,49800.0,Private,1.7,Large Indian,Rented,11100.0,4,3,14500.0,6000.0,5200.0,14900.0,8400.0,No,0.0,767.0,321900.0,171800.0,E-commerce Shopping EMI,55000.0,15,Not_Eligible,500.0
38.0,Male,Married,Post Graduate,69100.0,Private,0.6,Large Indian,Rented,12000.0,3,2,10600.0,0.0,7000.0,15100.0,8200.0,Yes,10500.0,582.0,101100.0,55300.0,Education EMI,321000.0,28,Not_Eligible,1021.44
27.0,Male,Single,Professional,100100.0,Private,0.5,Mid-size,Family,0.0,3,2,11500.0,0.0,6700.0,15800.0,13500.0,No,0.0,794.0,524100.0,224700.0,E-commerce Shopping EMI,177000.0,24,Eligible,25248.0
27.0,Female,Single,Post Graduate,77600.0,Private,3.5,Large Indian,Rented,13500.0,2,1,0.0,0.0,9200.0,12100.0,10700.0,Yes,9800.0,618.0,236200.0,112100.0,Home Appliances EMI,103000.0,6,Not_Eligible,6244.0
27.0,Male,Married,Post Graduate,23400.0,Private,4.6,Mid-size,Own,0.0,5,4,11100.0,15900.0,2800.0,5500.0,2500.0,No,0.0,735.0,129700.0,72000.0,Education EMI,155000.0,23,Not_Eligible,500.0
48.0,Male,Married,,116900.0,Government,4.7,Startup,Own,0.0,4,3,9500.0,0.0,14400.0,20100.0,20200.0,Yes,22200.0,729.0,879800.0,188400.0,Personal Loan EMI,580000.0,42,Not_Eligible,12916.75
38.0,Male,Married,Professional,53800.0,Private,12.5,MNC,Family,0.0,4,3,3600.0,0.0,7100.0,12400.0,8200.0,No,0.0,668.0,195000.0,72900.0,Education EMI,494000.0,33,Not_Eligible,11250.0
38.0,Male,Single,Post Graduate,59600.0,Private,9.6,Small,Own,0.0,2,1,3700.0,16200.0,6500.0,15400.0,9200.0,No,0.0,731.0,245800.0,123200.0,Vehicle EMI,432000.0,13,Not_Eligible,4300.0
48.0,Male,Married,Professional,111400.0,Self-employed,17.0,Startup,Rented,23700.0,4,3,5200.0,0.0,11700.0,28800.0,11100.0,No,0.0,685.0,413700.0,140900.0,Vehicle EMI,88000.0,32,Eligible,13905.0
38.0,Male,Married,Post Graduate,52000.0,Private,1.0,MNC,Own,0.0,3,2,0.0,0.0,6000.0,13400.0,3100.0,Yes,6000.0,638.0,266700.0,86500.0,Education EMI,55000.0,33,Eligible,6580.0
48.0,Male,Married,Graduate,37900.0,Government,12.7,Mid-size,Family,0.0,3,2,10500.0,9000.0,2400.0,11200.0,7300.0,No,0.0,710.0,227500.0,105500.0,Home Appliances EMI,105000.0,31,Not_Eligible,500.0
32.0,Female,Married,High School,68100.0,Private,1.5,Mid-size,Own,0.0,2,1,4800.0,5000.0,3500.0,15900.0,8500.0,No,0.0,662.0,339400.0,108400.0,Home Appliances EMI,28000.0,18,Eligible,15200.0
48.0,Male,Married,Graduate,90000.0,Private,2.5,Small,Rented,19100.0,5,4,4500.0,18200.0,7200.0,20100.0,16800.0,No,0.0,809.0,683800.0,407100.0,E-commerce Shopping EMI,19000.0,7,Not_Eligible,2706.0
27.0,Female,Single,Post Graduate,150400.0,Private,2.6,Mid-size,Family,0.0,1,0,0.0,0.0,8500.0,30700.0,20800.0,No,0.0,679.0,854700.0,298800.0,Vehicle EMI,209000.0,45,Eligible,45200.0
27.0,Male,Single,Graduate,48800.0,Private,0.8,Startup,Own,0.0,2,1,7100.0,0.0,3200.0,9500.0,4100.0,No,0.0,704.0,185200.0,64900.0,Personal Loan EMI,539000.0,59,Not_Eligible,9960.0
32.0,Male,Single,Post Graduate,92100.0,Government,5.1,Small,Own,0.0,1,0,0.0,0.0,12100.0,13900.0,18100.0,No,0.0,763.0,259600.0,52600.0,Home Appliances EMI,72000.0,32,Eligible,31680.0
48.0,Female,Married,Post Graduate,42700.0,Self-employed,26.0,MNC,Rented,11300.0,3,2,3200.0,0.0,5600.0,12100.0,5800.0,No,0.0,779.0,278600.0,92800.0,E-commerce Shopping EMI,183000.0,23,Not_Eligible,2791.8
32.0,Male,Married,Post Graduate,51600.0,Private,0.5,Large Indian,Own,0.0,3,2,7100.0,10600.0,7300.0,11600.0,3200.0,Yes,10300.0,697.0,354400.0,88400.0,Vehicle EMI,259000.0,46,Not_Eligible,500.0
38.0,Male,Married,Graduate,39600.0,Self-employed,5.8,MNC,Own,0.0,3,2,0.0,0.0,2400.0,9900.0,4500.0,Yes,8800.0,722.0,22900.0,8300.0,Vehicle EMI,854000.0,35,Not_Eligible,3528.0
32.0,Female,Single,Post Graduate,40300.0,Government,9.7,Startup,Family,0.0,2,1,2800.0,0.0,3700.0,9600.0,5600.0,Yes,4900.0,671.0,124500.0,56400.0,Vehicle EMI,384000.0,16,Not_Eligible,5274.5
32.0,Male,Married,Graduate,42800.0,Government,4.1,Startup,Own,0.0,4,3,0.0,0.0,3300.0,12200.0,3300.0,No,0.0,663.0,130200.0,35000.0,E-commerce Shopping EMI,49000.0,23,Eligible,13200.0
27.0,Female,Married,High School,29700.0,Private,0.5,Small,Rented,5900.0,2,1,14900.0,21800.0,3000.0,8700.0,4300.0,No,0.0,639.0,205100.0,106600.0,Home Appliances EMI,284000.0,17,Not_Eligible,500.0
38.0,Male,Married,Post Graduate,23400.0,Private,4.2,MNC,Rented,3900.0,3,2,0.0,0.0,2000.0,5800.0,4400.0,Yes,6000.0,740.0,174500.0,93600.0,Education EMI,439000.0,37,Not_Eligible,500.5
32.0,Male,Married,Graduate,34000.0,Private,4.8,MNC,Own,0.0,2,1,14100.0,20000.0,4500.0,9100.0,4400.0,No,0.0,728.0,34900.0,14800.0,Home Appliances EMI,254000.0,7,Not_Eligible,500.0
32.0,Male,Married,Graduate,18000.0,Government,7.6,Mid-size,Rented,5000.0,3,2,0.0,0.0,900.0,3000.0,1000.0,Yes,4900.0,720.0,113300.0,58800.0,Home Appliances EMI,267000.0,12,Not_Eligible,1355.2
38.0,Female,Married,Post Graduate,98000.0,Private,1.7,Large Indian,Rented,31200.0,4,3,3600.0,23100.0,14000.0,24500.0,14900.0,Yes,10600.0,660.0,117800.0,27500.0,Vehicle EMI,483000.0,69,Not_Eligible,500.0
48.0,Male,Married,Graduate,36200.0,Private,2.0,MNC,Rented,8300.0,3,2,3900.0,0.0,4300.0,6900.0,2300.0,Yes,10000.0,644.0,86200.0,49900.0,Home Appliances EMI,70000.0,33,Not_Eligible,500.0
27.0,Male,Married,Professional,69100.0,Self-employed,1.3,Large Indian,Rented,16000.0,2,1,10700.0,12000.0,4300.0,11000.0,3500.0,Yes,18800.0,758.0,166900.0,94100.0,Home Appliances EMI,218000.0,20,Not_Eligible,500.0
27.0,Male,Single,Graduate,15000.0,Private,1.3,Startup,Rented,4800.0,2,1,5300.0,0.0,1700.0,2400.0,1100.0,No,0.0,626.0,76800.0,26500.0,Home Appliances EMI,191000.0,27,Not_Eligible,500.0
48.0,Male,Married,Graduate,23500.0,Private,3.1,Mid-size,Own,0.0,4,3,2700.0,0.0,2700.0,6000.0,4600.0,No,0.0,739.0,144300.0,83700.0,E-commerce Shopping EMI,34000.0,11,High_Risk,4125.0
32.0,Male,Single,Post Graduate,94000.0,Self-employed,5.0,Mid-size,Own,0.0,1,0,0.0,0.0,7800.0,22700.0,6500.0,Yes,11900.0,643.0,256700.0,125700.0,Vehicle EMI,492000.0,62,High_Risk,11365.2
32.0,Male,Single,Professional,115400.0,Private,0.8,Small,Rented,31800.0,2,1,7100.0,6500.0,12000.0,29300.0,18700.0,No,0.0,650.0,130600.0,72000.0,E-commerce Shopping EMI,78000.0,22,Not_Eligible,3200.0
38.0,Male,Married,Graduate,95600.0,Self-employed,4.1,Mid-size,Family,0.0,3,2,6600.0,0.0,6700.0,22200.0,16400.0,Yes,12200.0,665.0,211700.0,120700.0,E-commerce Shopping EMI,146000.0,20,High_Risk,9922.5
27.0,Male,Married,Post Graduate,54400.0,Private,2.7,Startup,Family,0.0,2,1,0.0,0.0,7200.0,13900.0,6000.0,No,0.0,706.0,298500.0,166500.0,Personal Loan EMI,318000.0,21,Not_Eligible,13650.0
38.0,Male,Married,Post Graduate,23800.0,Private,16.0,Startup,Rented,6200.0,3,2,0.0,0.0,3100.0,3800.0,2100.0,No,0.0,699.0,168200.0,47100.0,Vehicle EMI,791000.0,64,Not_Eligible,4730.0
48.0,Male,Married,Graduate,32000.0,Private,2.4,MNC,Rented,10300.0,5,4,11900.0,21700.0,1800.0,6000.0,6300.0,No,0.0,647.0,215900.0,106300.0,Education EMI,189000.0,21,Not_Eligible,500.0
38.0,Male,Single,Post Graduate,50100.0,Government,1.4,Mid-size,Rented,13000.0,1,0,0.0,0.0,5100.0,10200.0,9000.0,No,0.0,687.0,232900.0,82100.0,Vehicle EMI,953000.0,61,Not_Eligible,6400.0
38.0,Female,Married,Graduate,34400.0,Government,11.0,MNC,Family,0.0,3,2,3600.0,0.0,4200.0,10100.0,6300.0,Yes,3700.0,721.0,247200.0,,Vehicle EMI,839000.0,61,Not_Eligible,2752.75
48.0,Male,Married,Post Graduate,101800.0,Private,4.2,Large Indian,Own,0.0,2,1,4500.0,0.0,11200.0,23500.0,8500.0,No,0.0,722.0,693200.0,204700.0,Education EMI,433000.0,38,Eligible,29755.0
58.0,Male,Married,Professional,59300.0,Private,1.0,Large Indian,Own,0.0,3,2,9400.0,0.0,6700.0,10400.0,5000.0,No,0.0,646.0,474300.0,263900.0,E-commerce Shopping EMI,119000.0,4,Not_Eligible,12232.0
32.0,Female,Married,High School,24700.0,Private,0.5,Large Indian,Rented,5000.0,4,3,13800.0,0.0,2400.0,4500.0,4100.0,Yes,5100.0,699.0,96600.0,40300.0,Home Appliances EMI,286000.0,6,Not_Eligible,500.0
32.0,Male,Single,Graduate,95700.0,Private,1.2,Large Indian,Own,0.0,1,0,0.0,0.0,6900.0,16000.0,16200.0,No,0.0,772.0,154500.0,37100.0,E-commerce Shopping EMI,39000.0,17,Eligible,27168.0
27.0,Female,Single,High School,16100.0,Government,0.5,MNC,Own,0.0,1,0,0.0,0.0,1400.0,4700.0,1200.0,Yes,1800.0,649.0,27400.0,12800.0,Vehicle EMI,1471000.0,25,Not_Eligible,1568.0
27.0,Male,Single,Professional,81800.0,Government,0.5,MNC,Rented,14500.0,2,1,0.0,12600.0,11500.0,13400.0,16200.0,No,0.0,741.0,433800.0,102400.0,Personal Loan EMI,649000.0,24,Not_Eligible,6800.0
27.0,Male,Married,Graduate,103200.0,Private,1.1,Startup,Own,0.0,3,2,10600.0,7600.0,7400.0,16000.0,5800.0,No,0.0,770.0,523900.0,223400.0,E-commerce Shopping EMI,180000.0,18,Eligible,33480.0
38.0,Male,Single,High School,32100.0,Self-employed,10.8,Large Indian,Rented,8200.0,1,0,0.0,0.0,3400.0,8200.0,2500.0,Yes,3500.0,744.0,242400.0,108500.0,Vehicle EMI,963000.0,71,Not_Eligible,2182.95
38.0,Male,Married,Professional,55500.0,Self-employed,1.4,MNC,Family,0.0,4,3,0.0,0.0,5900.0,9800.0,7200.0,Yes,14400.0,688.0,241800.0,121700.0,Personal Loan EMI,145000.0,38,High_Risk,5733.0
38.0,Male,Married,Graduate,23900.0,Government,0.5,MNC,Own,0.0,3,2,0.0,0.0,1500.0,6500.0,4300.0,No,0.0,769.0,168000.0,95800.0,Education EMI,396000.0,39,Not_Eligible,7656.0
32.0,Female,Married,High School,14400.0,Self-employed,3.2,Startup,Own,0.0,4,3,4900.0,22000.0,900.0,2500.0,1800.0,Yes,2200.0,620.0,76700.0,44200.0,Education EMI,405000.0,27,Not_Eligible,500.0
38.0,Male,Married,Post Graduate,40900.0,Private,11.6,Large Indian,Own,0.0,4,3,6200.0,0.0,3900.0,10500.0,6100.0,No,0.0,680.0,222400.0,53200.0,Education EMI,486000.0,9,Not_Eligible,7100.0
48.0,Male,Married,Professional,42700.0,Private,0.7,MNC,Own,0.0,4,3,3800.0,10400.0,5300.0,9200.0,7600.0,Yes,8700.0,679.0,69800.0,15500.0,Personal Loan EMI,610000.0,29,Not_Eligible,500.0
27.0,Male,Single,Graduate,27100.0,Government,0.5,Startup,Family,0.0,1,0,0.0,0.0,2700.0,7300.0,4800.0,No,0.0,808.0,76600.0,28000.0,E-commerce Shopping EMI,121000.0,16,Not_Eligible,7380.0
48.0,Female,Married,Post Graduate,66200.0,Private,2.7,Mid-size,Rented,13100.0,3,2,7000.0,0.0,6200.0,16400.0,10400.0,No,0.0,763.0,225800.0,77300.0,Education EMI,459000.0,15,Not_Eligible,7860.0
48.0,Female,Single,Post Graduate,53300.0,Private,2.1,Mid-size,Own,13458.0,3,2,0.0,0.0,4900.0,12000.0,4500.0,No,0.0,659.0,49300.0,27900.0,Education EMI,51000.0,8,Eligible,12760.0
27.0,Male,Married,Graduate,68700.0,Private,2.4,Large Indian,Family,0.0,2,1,6400.0,17700.0,9700.0,17900.0,13500.0,No,0.0,675.0,185100.0,80600.0,Personal Loan EMI,868000.0,20,Not_Eligible,1750.0
38.0,Female,Married,Graduate,40700.0,Government,9.7,Large Indian,Rented,10100.0,4,3,0.0,0.0,2900.0,9600.0,7300.0,No,0.0,827.0,146500.0,69400.0,Personal Loan EMI,796000.0,33,Not_Eligible,7128.0
38.0,Male,Married,High School,47000.0,Government,3.4,Large Indian,Family,0.0,5,4,0.0,20700.0,5000.0,7300.0,4600.0,No,0.0,711.0,32600.0,10000.0,Personal Loan EMI,518000.0,35,Not_Eligible,4136.0
27.0,Female,Single,Professional,103200.0,Private,0.5,Large Indian,Family,0.0,2,1,10300.0,11200.0,14000.0,27700.0,12400.0,Yes,12700.0,560.0,501900.0,160400.0,E-commerce Shopping EMI,61000.0,20,Not_Eligible,3337.6
58.0,Male,Married,Graduate,86900.0,Private,25.8,Mid-size,Family,0.0,5,4,0.0,0.0,8100.0,20200.0,10700.0,Yes,9800.0,608.0,145700.0,36900.0,Personal Loan EMI,643000.0,21,Not_Eligible,8534.4
48.0,Male,Married,High School,54000.0,Private,5.5,Large Indian,Rented,12200.0,4,3,0.0,0.0,6200.0,14200.0,2900.0,No,0.0,697.0,211300.0,88800.0,Personal Loan EMI,675000.0,12,Not_Eligible,9250.0
48.0,Male,Married,Post Graduate,95800.0,Private,4.5,Mid-size,Own,0.0,2,1,0.0,0.0,9900.0,23300.0,13300.0,No,0.0,701.0,244500.0,111500.0,Education EMI,436000.0,48,Eligible,24650.0
32.0,Male,Married,High School,46500.0,Self-employed,0.5,Mid-size,Family,0.0,4,3,9600.0,0.0,3700.0,8800.0,3200.0,Yes,8900.0,561.0,74000.0,42900.0,Home Appliances EMI,178000.0,28,Not_Eligible,2479.68
32.0,Male,Married,Professional,22500.0,Private,8.6,Startup,Own,0.0,3,2,0.0,0.0,3100.0,6100.0,3300.0,No,0.0,684.0,19500.0,8100.0,Personal Loan EMI,996000.0,31,Not_Eligible,4000.0
58.0,Female,Married,Post Graduate,23400.0,Private,16.3,Large Indian,Own,0.0,3,2,8800.0,0.0,2500.0,4500.0,4600.0,No,0.0,704.0,159600.0,36000.0,E-commerce Shopping EMI,90000.0,24,Not_Eligible,1650.0
38.0,Female,Married,Graduate,94200.0,Government,1.0,Large Indian,Rented,23500.0,3,2,11400.0,14800.0,6400.0,17500.0,9900.0,Yes,18600.0,667.0,360900.0,156700.0,Home Appliances EMI,157000.0,20,Not_Eligible,500.0
38.0,Male,Single,High School,19100.0,Self-employed,3.2,Startup,Rented,4300.0,2,1,0.0,0.0,1900.0,3000.0,1200.0,No,0.0,733.0,49300.0,19800.0,Personal Loan EMI,710000.0,30,Not_Eligible,3915.0
48.0,Male,Married,High School,61900.0,Private,12.5,Mid-size,Family,0.0,3,2,4600.0,0.0,7300.0,9900.0,7200.0,Yes,13200.0,796.0,424900.0,121200.0,Education EMI,100000.0,14,High_Risk,9101.4
58.0,Male,Married,Professional,52500.0,Self-employed,6.2,Startup,Own,0.0,3,2,10200.0,0.0,7000.0,9500.0,7800.0,No,0.0,810.0,90900.0,36200.0,E-commerce Shopping EMI,176000.0,24,Not_Eligible,7776.0
48.0,Male,Married,Graduate,30700.0,Private,0.7,MNC,Own,0.0,3,2,6600.0,0.0,2900.0,7600.0,3300.0,No,0.0,648.0,130300.0,69900.0,E-commerce Shopping EMI,35000.0,21,Eligible,3296.0
38.0,Male,Married,Professional,91300.0,Private,11.1,Large Indian,Rented,27900.0,3,2,6700.0,19100.0,8900.0,15600.0,13800.0,No,0.0,666.0,472100.0,139300.0,Education EMI,90000.0,24,Not_Eligible,500.0
48.0,Male,Married,Professional,79900.0,Private,8.5,Large Indian,Rented,19400.0,4,3,0.0,16400.0,7600.0,16100.0,7800.0,No,0.0,749.0,326300.0,125200.0,Education EMI,377000.0,45,Not_Eligible,6300.0
27.0,Male,Single,Professional,352473.0,Private,1.8,Startup,Rented,12200.0,1,0,0.0,0.0,3300.0,12600.0,7100.0,No,0.0,760.0,79700.0,24300.0,E-commerce Shopping EMI,93000.0,18,Not_Eligible,4080.0
48.0,Male,Married,High School,26100.0,Private,4.4,Mid-size,Family,0.0,3,2,13600.0,23100.0,1600.0,4600.0,2600.0,No,0.0,693.0,40000.0,11700.0,Personal Loan EMI,593000.0,46,Not_Eligible,500.0
48.0,Male,Married,High School,32700.0,Private,14.1,Large Indian,Rented,9500.0,2,1,6200.0,17800.0,3100.0,5000.0,2600.0,No,0.0,749.0,87600.0,37100.0,Home Appliances EMI,214000.0,21,Not_Eligible,500.0
38.0,Male,Married,Post Graduate,35100.0,Private,0.6,MNC,Family,0.0,5,4,5800.0,0.0,4700.0,7500.0,5300.0,No,0.0,733.0,178800.0,56200.0,Home Appliances EMI,259000.0,19,Not_Eligible,4720.0
32.0,Male,Married,Graduate,34000.0,Self-employed,10.0,Large Indian,Family,0.0,4,3,0.0,0.0,3800.0,7300.0,3800.0,Yes,8400.0,658.0,211000.0,76000.0,Education EMI,273000.0,29,Not_Eligible,3707.55
58.0,Female,Married,Professional,135900.0,Private,4.6,Mid-size,Family,0.0,4,3,7900.0,0.0,13500.0,35200.0,21500.0,No,0.0,765.0,630100.0,294300.0,Personal Loan EMI,788000.0,41,Eligible,34680.0
27.0,Male,Single,Graduate,70400.0,Government,1.3,MNC,Rented,16900.0,3,2,0.0,0.0,6800.0,21100.0,8800.0,No,0.0,784.0,183000.0,68200.0,Vehicle EMI,1269000.0,51,Not_Eligible,10080.0
48.0,Male,Married,Post Graduate,117100.0,Private,4.4,Startup,Rented,33300.0,2,1,0.0,0.0,10700.0,29200.0,16800.0,Yes,26100.0,685.0,841500.0,435500.0,E-commerce Shopping EMI,46000.0,19,Not_Eligible,500.0
27.0,Female,Married,Professional,71700.0,Private,2.8,Large Indian,Rented,15600.0,3,2,4200.0,0.0,10600.0,21400.0,10300.0,No,0.0,736.0,258500.0,62200.0,Personal Loan EMI,693000.0,58,Not_Eligible,4800.0
38.0,Female,Single,Post Graduate,72500.0,Government,3.3,MNC,Own,0.0,2,1,10600.0,0.0,8900.0,11900.0,9800.0,No,0.0,695.0,372600.0,111000.0,Home Appliances EMI,79000.0,22,Eligible,17215.0
27.0,Female,Single,Professional,107200.0,Private,0.5,MNC,Family,0.0,2,1,0.0,10600.0,10900.0,16600.0,15500.0,No,0.0,850.0,831700.0,446800.0,E-commerce Shopping EMI,73000.0,6,Eligible,28300.8
27.0,Female,Married,High School,54500.0,Government,2.6,Large Indian,Own,0.0,3,2,2600.0,15100.0,7200.0,13900.0,7100.0,Yes,6300.0,666.0,405800.0,147900.0,Home Appliances EMI,272000.0,14,Not_Eligible,885.5
32.0,Female,Single,Graduate,66300.0,Private,10.0,Mid-size,Rented,19700.0,1,0,0.0,0.0,4400.0,15300.0,6600.0,Yes,7400.0,574.0,46600.0,23500.0,Home Appliances EMI,234000.0,26,Not_Eligible,2889.6
48.0,Male,Married,Graduate,74600.0,Private,15.2,MNC,Own,0.0,3,2,12100.0,6000.0,5500.0,19200.0,14800.0,Yes,16800.0,686.0,469100.0,101500.0,Vehicle EMI,1390000.0,18,Not_Eligible,500.0
32.0,Male,Married,Graduate,31700.0,Government,1.3,Large Indian,Rented,5700.0,5,4,0.0,0.0,1900.0,8700.0,5500.0,Yes,7500.0,755.0,117100.0,61500.0,Education EMI,107000.0,32,Not_Eligible,1008.0
32.0,Male,Married,Graduate,45500.0,Private,3.1,MNC,Rented,11800.0,4,3,0.0,15200.0,6500.0,10100.0,4200.0,Yes,9200.0,682.0,23100.0,,E-commerce Shopping EMI,18000.0,20,Not_Eligible,500.0
48.0,Female,Married,Professional,154600.0,Private,26.0,Startup,Rented,31200.0,4,3,7200.0,0.0,11100.0,25900.0,16800.0,Yes,16300.0,722.0,537200.0,302600.0,Education EMI,214000.0,17,High_Risk,16135.0
32.0,Male,Single,Graduate,44300.0,Private,7.8,Mid-size,Rented,12900.0,1,0,0.0,0.0,5800.0,7500.0,8500.0,No,0.0,666.0,65200.0,17400.0,Personal Loan EMI,317000.0,14,Not_Eligible,3840.0
48.0,Female,Married,Graduate,52000.0,Private,7.4,Startup,Family,0.0,5,4,3800.0,23000.0,3200.0,8000.0,5300.0,No,0.0,648.0,362000.0,115200.0,Home Appliances EMI,192000.0,14,Not_Eligible,3828.0
27.0,Female,Married,Graduate,80100.0,Self-employed,0.6,MNC,Family,0.0,5,4,0.0,0.0,4400.0,13100.0,9100.0,Yes,19600.0,624.0,128300.0,73800.0,Personal Loan EMI,926000.0,49,Not_Eligible,6834.24
38.0,Male,Married,High School,20000.0,Government,16.0,Large Indian,Rented,3700.0,3,2,0.0,0.0,1300.0,4800.0,3300.0,No,0.0,804.0,24800.0,12600.0,E-commerce Shopping EMI,174000.0,7,Not_Eligible,3643.2
48.0,Female,Married,Post Graduate,77300.0,Private,2.3,MNC,Rented,12700.0,2,1,2800.0,0.0,5900.0,15700.0,5800.0,No,0.0,741.0,579700.0,126100.0,Vehicle EMI,1368000.0,66,Not_Eligible,18920.0
33.0,Male,Married,Graduate,55223.0,Private,3.2,Large Indian,Family,0.0,3,2,14500.0,0.0,4600.0,13700.0,10000.0,Yes,15500.0,712.0,345000.0,,Home Appliances EMI,159000.0,8,Not_Eligible,500.0
32.0,Female,Married,Professional,47100.0,Private,0.7,Large Indian,Rented,13800.0,2,1,0.0,0.0,2500.0,11600.0,5500.0,No,0.0,706.0,172800.0,38700.0,E-commerce Shopping EMI,46000.0,10,High_Risk,5480.0
32.0,Male,Single,Professional,124100.0,Private,1.4,Large Indian,Rented,38100.0,1,0,0.0,0.0,8400.0,30200.0,20700.0,Yes,32200.0,780.0,136500.0,42500.0,Home Appliances EMI,220000.0,27,Not_Eligible,500.0
27.0,Female,Single,Post Graduate,20900.0,Private,1.3,MNC,Rented,7000.0,2,1,11900.0,0.0,1600.0,3400.0,2300.0,Yes,3500.0,680.0,28500.0,8400.0,Education EMI,456000.0,38,Not_Eligible,500.0
27.0,Male,Married,Professional,38200.0,Private,0.5,Large Indian,Family,0.0,4,3,6200.0,0.0,2600.0,6700.0,2000.0,No,0.0,759.0,123400.0,50400.0,E-commerce Shopping EMI,101000.0,17,Eligible,9936.0
32.0,Female,Married,Professional,79600.0,Private,2.3,Mid-size,Rented,26300.0,5,4,2100.0,0.0,5600.0,22000.0,7100.0,No,0.0,724.0,537300.0,306700.0,Vehicle EMI,1249000.0,43,Not_Eligible,9075.0
48.0,Male,Married,Post Graduate,152100.0,Private,9.8,Mid-size,Rented,43500.0,4,3,0.0,18800.0,15200.0,34500.0,9000.0,Yes,34200.0,686.0,148600.0,77800.0,Education EMI,235000.0,7,Not_Eligible,500.0
38.0,Male,Married,Graduate,28700.0,Self-employed,1.3,MNC,Rented,7300.0,3,2,0.0,0.0,1700.0,5300.0,2800.0,No,0.0,624.0,103400.0,61500.0,E-commerce Shopping EMI,199000.0,24,Not_Eligible,4176.0
38.0,Male,Single,High School,39900.0,Private,0.5,Mid-size,Rented,13800.0,1,0,0.0,0.0,4200.0,8800.0,6300.0,No,0.0,612.0,200100.0,62400.0,Personal Loan EMI,790000.0,52,Not_Eligible,2176.0
38.0,Male,Married,Graduate,9463.0,Government,11.1,Large Indian,Rented,15300.0,3,2,5600.0,0.0,4600.0,12900.0,5200.0,No,0.0,817.0,271500.0,154700.0,Vehicle EMI,246000.0,73,Eligible,5742.0
38.0,Female,Married,High School,52500.0,Government,5.1,Mid-size,Own,0.0,3,2,0.0,0.0,4100.0,8800.0,8200.0,Yes,5500.0,740.0,31800.0,18700.0,Vehicle EMI,1133000.0,65,Not_Eligible,7977.2
33.0,Male,Single,High School,24824.0,Self-employed,2.5,Large Indian,Own,0.0,1,0,0.0,0.0,4000.0,7300.0,2400.0,No,0.0,665.0,106200.0,60300.0,Vehicle EMI,649000.0,71,Not_Eligible,5895.0
32.0,Female,Married,Graduate,63100.0,Government,8.4,Large Indian,Own,0.0,4,3,0.0,0.0,4600.0,10600.0,9700.0,Yes,6800.0,669.0,172400.0,87100.0,Home Appliances EMI,142000.0,14,High_Risk,12089.0
38.0,Male,Married,Post Graduate,118800.0,Private,1.6,Large Indian,Rented,18500.0,3,2,9700.0,24900.0,8800.0,20900.0,23300.0,No,0.0,671.0,270800.0,118500.0,Home Appliances EMI,276000.0,36,Not_Eligible,6350.0
58.0,Male,Married,High School,43800.0,Private,2.9,Startup,Own,0.0,4,3,0.0,24400.0,5500.0,8000.0,3800.0,Yes,8500.0,,23100.0,9600.0,E-commerce Shopping EMI,174000.0,4,Not_Eligible,500.0
38.0,Male,Single,High School,16000.0,Private,0.7,MNC,Rented,5200.0,2,1,14600.0,0.0,1500.0,3100.0,2300.0,No,0.0,711.0,72900.0,25600.0,Personal Loan EMI,72000.0,22,Not_Eligible,500.0
48.0,Male,Married,Post Graduate,81200.0,Private,26.0,Mid-size,Rented,15200.0,2,1,0.0,0.0,10900.0,22100.0,9500.0,No,0.0,770.0,640300.0,144300.0,Vehicle EMI,872000.0,58,Not_Eligible,15510.0
38.0,Male,Married,Graduate,45900.0,Private,6.9,MNC,Rented,13800.0,2,1,0.0,0.0,5200.0,13600.0,8100.0,No,0.0,677.0,237300.0,67200.0,Vehicle EMI,1478000.0,33,Not_Eligible,2600.0
38.0,Male,Married,Graduate,70300.0,Private,1.1,Mid-size,Family,0.0,2,1,9700.0,0.0,8700.0,17800.0,8100.0,Yes,8300.0,712.0,544700.0,263400.0,Home Appliances EMI,198000.0,18,Not_Eligible,6814.5
27.0,Male,Single,Graduate,42700.0,Private,3.0,Mid-size,Family,0.0,2,1,4500.0,0.0,2800.0,7800.0,7800.0,Yes,11300.0,609.0,59100.0,19600.0,E-commerce Shopping EMI,12000.0,14,Eligible,1904.0
38.0,Female,Married,Graduate,66690.0,Private,2.7,Large Indian,Own,0.0,4,3,0.0,0.0,7200.0,12900.0,12100.0,No,0.0,768.0,83900.0,46100.0,E-commerce Shopping EMI,91000.0,20,Eligible,15792.0
38.0,Male,Married,Professional,133200.0,Self-employed,7.0,Large Indian,Own,0.0,4,3,6300.0,6900.0,9900.0,35400.0,23500.0,No,0.0,790.0,384200.0,128900.0,Personal Loan EMI,614000.0,34,High_Risk,27648.0
48.0,Male,Married,Graduate,45200.0,Private,1.1,MNC,Family,0.0,4,3,9900.0,23900.0,5600.0,10200.0,7200.0,Yes,9600.0,664.0,305300.0,170800.0,Education EMI,118000.0,44,Not_Eligible,500.0
48.0,Female,Married,Professional,6638.0,Private,4.1,Large Indian,Rented,7600.0,4,3,11200.0,0.0,4300.0,9200.0,5800.0,No,0.0,646.0,79500.0,20000.0,Education EMI,54000.0,12,Not_Eligible,500.0
27.0,Male,Married,Post Graduate,100500.0,Private,0.7,MNC,Rented,15900.0,2,1,11900.0,0.0,6700.0,16200.0,14800.0,No,0.0,670.0,618100.0,138600.0,Home Appliances EMI,126000.0,35,Eligible,15400.0
32.0,Male,Married,Professional,28200.0,Private,2.6,Mid-size,Rented,7100.0,3,2,10800.0,0.0,3100.0,5400.0,4800.0,Yes,7100.0,700.0,122900.0,29700.0,Personal Loan EMI,629000.0,25,Not_Eligible,500.0
48.0,Male,Married,High School,28500.0,Private,6.5,Small,Rented,5300.0,4,3,0.0,0.0,3100.0,7700.0,2000.0,Yes,7600.0,711.0,184200.0,92900.0,E-commerce Shopping EMI,100000.0,7,Not_Eligible,1078.0
38.0,Male,Single,Post Graduate,55600.0,Government,2.2,Mid-size,Own,0.0,1,0,0.0,0.0,4700.0,9700.0,6600.0,No,0.0,731.0,392800.0,199800.0,Home Appliances EMI,217000.0,6,Not_Eligible,19030.0
48.0,Female,Married,Graduate,65200.0,Self-employed,0.5,MNC,Rented,22100.0,3,2,4500.0,0.0,4100.0,14200.0,10100.0,Yes,12700.0,614.0,497700.0,163400.0,Vehicle EMI,685000.0,76,Not_Eligible,500.0
38.0,Male,Married,Post Graduate,22000.0,Private,1.2,Mid-size,Family,0.0,3,2,3200.0,0.0,1200.0,3500.0,2900.0,No,0.0,850.0,47200.0,12600.0,Home Appliances EMI,180000.0,23,Not_Eligible,6720.0
48.0,Male,Married,High School,12000.0,Private,7.3,Large Indian,Family,0.0,4,3,0.0,21400.0,1100.0,2900.0,1700.0,No,0.0,750.0,30700.0,11800.0,Personal Loan EMI,195000.0,32,Not_Eligible,500.0
32.0,Female,Married,Graduate,40100.0,Private,1.4,Startup,Own,0.0,2,1,12500.0,0.0,3600.0,11300.0,6000.0,No,0.0,740.0,106000.0,35700.0,Vehicle EMI,535000.0,42,Not_Eligible,3350.0
32.0,Male,Married,Professional,25100.0,Private,0.5,MNC,Family,0.0,5,4,4400.0,0.0,2500.0,4800.0,4700.0,No,0.0,710.0,60800.0,24000.0,Home Appliances EMI,189000.0,27,Not_Eligible,3480.0
48.0,Male,Married,Graduate,28500.0,Private,7.6,Startup,Family,0.0,4,3,7600.0,0.0,3900.0,8100.0,2100.0,Yes,3200.0,,115700.0,59800.0,Home Appliances EMI,21000.0,21,Not_Eligible,1008.0
38.0,Male,Married,Graduate,71600.0,Government,4.4,MNC,Family,0.0,4,3,0.0,0.0,7300.0,19600.0,13000.0,No,0.0,649.0,292700.0,128100.0,Personal Loan EMI,856000.0,27,Not_Eligible,13948.0
58.0,Male,Married,Post Graduate,25600.0,Private,4.4,MNC,Own,0.0,5,4,0.0,7800.0,3800.0,4700.0,3800.0,No,0.0,694.0,89700.0,48400.0,E-commerce Shopping EMI,126000.0,21,Not_Eligible,2750.0
32.0,Male,Married,Post Graduate,43500.0,Private,1.1,Mid-size,Own,0.0,5,4,7100.0,0.0,2800.0,10000.0,5300.0,No,0.0,700.0,259600.0,126600.0,Vehicle EMI,540000.0,27,Not_Eligible,9150.0
38.0,Male,Married,Post Graduate,67000.0,Government,0.5,Startup,Family,0.0,4,3,0.0,0.0,7100.0,11300.0,6200.0,No,0.0,742.0,358300.0,79300.0,Education EMI,306000.0,29,Eligible,21200.0
48.0,Male,Married,Graduate,44100.0,Government,12.8,Large Indian,Rented,8500.0,3,2,0.0,9300.0,3400.0,12100.0,6600.0,Yes,8000.0,772.0,257600.0,109200.0,Vehicle EMI,589000.0,40,Not_Eligible,500.0
27.0,Male,Single,Graduate,67000.0,Private,1.5,Mid-size,Rented,12600.0,2,1,7300.0,0.0,4800.0,15800.0,5600.0,No,0.0,711.0,173900.0,98800.0,Home Appliances EMI,249000.0,31,High_Risk,10450.0
32.0,Male,Married,Graduate,71300.0,Private,4.3,MNC,Own,0.0,4,3,7000.0,0.0,7300.0,15100.0,7300.0,No,0.0,698.0,521600.0,284200.0,Education EMI,191000.0,15,Eligible,19030.0
32.0,Male,Married,Professional,122300.0,Private,0.6,MNC,Own,0.0,3,2,0.0,9300.0,12000.0,19600.0,12000.0,Yes,28800.0,792.0,498300.0,135400.0,Education EMI,74000.0,43,Eligible,13641.6
27.0,Female,Single,Graduate,58900.0,Private,0.9,Startup,Own,0.0,3,2,14100.0,0.0,7900.0,12800.0,5200.0,No,0.0,720.0,394600.0,99400.0,Home Appliances EMI,279000.0,31,Not_Eligible,8316.0
38.0,Male,Married,Graduate,97500.0,Self-employed,0.8,Large Indian,Rented,32900.0,4,3,10100.0,10800.0,5000.0,24400.0,5700.0,No,0.0,750.0,657200.0,188600.0,Education EMI,289000.0,38,Not_Eligible,5108.4
48.0,Male,Married,Graduate,55200.0,Self-employed,13.5,Mid-size,Rented,11500.0,3,2,2700.0,0.0,4500.0,12200.0,2900.0,Yes,9800.0,673.0,354500.0,140100.0,E-commerce Shopping EMI,191000.0,23,Not_Eligible,4019.4
32.0,Male,Married,Post Graduate,19500.0,Private,1.2,Large Indian,Own,0.0,5,4,11200.0,10200.0,2600.0,4500.0,3300.0,No,0.0,600.0,37700.0,11900.0,Home Appliances EMI,222000.0,25,Not_Eligible,500.0
32.0,Female,Married,Graduate,26600.0,Private,3.7,MNC,Own,0.0,3,2,5100.0,0.0,2300.0,7100.0,3100.0,Yes,8000.0,680.0,21500.0,6400.0,Home Appliances EMI,241000.0,13,Not_Eligible,500.0
32.0,Male,Married,Post Graduate,134100.0,Private,9.6,Mid-size,Own,0.0,3,2,8400.0,9400.0,19500.0,28200.0,13300.0,No,0.0,733.0,116100.0,27100.0,Home Appliances EMI,201000.0,34,Eligible,22120.0
38.0,Male,Married,High School,50100.0,Private,0.5,Mid-size,Family,0.0,3,2,11900.0,0.0,2800.0,7500.0,8000.0,No,0.0,679.0,347800.0,72900.0,Vehicle EMI,676000.0,78,Not_Eligible,8756.0
38.0,Male,Married,Graduate,107500.0,Private,3.9,MNC,Rented,32700.0,2,1,0.0,0.0,14300.0,19600.0,10400.0,No,0.0,675.0,556000.0,127000.0,Vehicle EMI,1335000.0,45,Not_Eligible,15250.0
38.0,Female,Married,Graduate,44600.0,Private,0.9,Startup,Family,0.0,4,3,0.0,0.0,4100.0,11500.0,2600.0,No,0.0,683.0,140800.0,58700.0,Education EMI,213000.0,28,High_Risk,10560.0
27.0,Male,Single,Graduate,54900.0,Private,0.5,MNC,Family,0.0,1,0,0.0,0.0,4700.0,15600.0,6300.0,No,0.0,758.0,289700.0,137900.0,Home Appliances EMI,137000.0,6,Not_Eligible,13584.0
27.0,Female,Married,Graduate,91900.0,Private,0.7,Startup,Family,0.0,3,2,0.0,0.0,10600.0,22000.0,15200.0,Yes,16700.0,805.0,59500.0,28100.0,Vehicle EMI,1174000.0,65,Not_Eligible,7365.12
38.0,Female,Married,High School,22200.0,Private,16.0,Small,Family,0.0,3,2,11200.0,0.0,1900.0,4900.0,2000.0,Yes,5200.0,661.0,11200.0,5700.0,E-commerce Shopping EMI,121000.0,3,Not_Eligible,500.0
48.0,Male,Married,Post Graduate,93100.0,Private,15.0,Startup,Family,0.0,3,2,10900.0,0.0,13800.0,24000.0,17900.0,Yes,21300.0,742.0,136200.0,60400.0,Home Appliances EMI,297000.0,24,Not_Eligible,1456.0
32.0,Male,Married,Post Graduate,47100.0,Private,6.0,Mid-size,Family,0.0,3,2,14800.0,0.0,6000.0,10100.0,6700.0,Yes,5100.0,732.0,161400.0,89800.0,E-commerce Shopping EMI,105000.0,19,Not_Eligible,1540.0
38.0,Male,Single,Professional,100100.0,Private,11.9,MNC,Rented,30400.0,2,1,8400.0,18800.0,9200.0,22900.0,9400.0,No,0.0,675.0,437600.0,254200.0,Personal Loan EMI,622000.0,40,Not_Eligible,500.0
32.0,Female,Married,Post Graduate,19500.0,Private,2.4,Startup,Rented,3000.0,2,1,9000.0,0.0,1900.0,4600.0,1100.0,Yes,5000.0,668.0,112300.0,34400.0,Home Appliances EMI,260000.0,30,Not_Eligible,500.0
27.0,Male,Single,Post Graduate,77500.0,Private,0.5,MNC,Own,0.0,1,0,0.0,0.0,10400.0,20100.0,7400.0,Yes,8100.0,626.0,212000.0,79800.0,Education EMI,185000.0,43,Eligible,7056.0
32.0,Female,Married,Graduate,72800.0,Private,1.8,MNC,Family,0.0,4,3,6400.0,17000.0,3800.0,16600.0,5800.0,Yes,11800.0,664.0,518800.0,152100.0,E-commerce Shopping EMI,46000.0,22,Eligible,4389.0
32.0,Female,Married,High School,33700.0,Private,1.4,MNC,Family,0.0,3,2,0.0,0.0,4100.0,8200.0,4400.0,No,0.0,604.0,236900.0,117900.0,Personal Loan EMI,822000.0,57,Not_Eligible,7480.0
27.0,Female,Married,High School,39600.0,Private,0.5,Large Indian,Family,0.0,5,4,3500.0,13000.0,5300.0,11700.0,4500.0,Yes,11800.0,647.0,162700.0,47400.0,Vehicle EMI,1287000.0,23,Not_Eligible,500.0
38.0,Female,Married,Post Graduate,63500.0,Private,4.6,Large Indian,Own,0.0,3,2,7600.0,20100.0,5300.0,16600.0,6000.0,Yes,14000.0,603.0,133000.0,62500.0,E-commerce Shopping EMI,145000.0,20,Not_Eligible,500.0
38.0,Male,Married,High School,56300.0,Private,0.5,MNC,Own,0.0,4,3,3600.0,23500.0,7200.0,11900.0,9800.0,No,0.0,652.0,316900.0,166900.0,Home Appliances EMI,262000.0,23,Not_Eligible,500.0
32.0,Male,Married,Graduate,56000.0,Private,1.0,MNC,Own,0.0,2,1,0.0,8600.0,6500.0,12300.0,5400.0,No,0.0,723.0,102000.0,41400.0,Personal Loan EMI,853000.0,45,Not_Eligible,9280.0
32.0,Female,Married,Post Graduate,75400.0,Government,3.3,Startup,Family,0.0,4,3,0.0,19200.0,4700.0,12600.0,12700.0,No,0.0,666.0,587500.0,285400.0,Home Appliances EMI,74000.0,19,Eligible,15851.0
38.0,Female,Married,Post Graduate,73200.0,Private,0.9,Large Indian,Family,0.0,3,2,0.0,0.0,7000.0,14000.0,6200.0,No,0.0,714.0,261100.0,61400.0,Education EMI,428000.0,20,Not_Eligible,18400.0
32.0,Male,Married,High School,49000.0,Private,1.5,MNC,Family,9460.0,2,1,12300.0,0.0,6800.0,13100.0,6400.0,Yes,11200.0,774.0,240700.0,57200.0,Home Appliances EMI,214000.0,12,Not_Eligible,500.0
32.0,Female,Married,Professional,161600.0,Government,3.0,Large Indian,Own,0.0,3,2,0.0,6500.0,19300.0,26700.0,18900.0,No,0.0,741.0,659600.0,206500.0,E-commerce Shopping EMI,110000.0,5,Eligible,49610.0
58.0,Male,Single,Graduate,48500.0,Private,21.1,Startup,Rented,8600.0,2,1,2400.0,0.0,2500.0,13700.0,9100.0,Yes,13500.0,669.0,349500.0,112700.0,Vehicle EMI,952000.0,77,Not_Eligible,500.0
32.0,Female,Single,Graduate,35200.0,Private,1.3,Small,Family,0.0,1,0,0.0,0.0,4400.0,9300.0,2100.0,Yes,7100.0,580.0,234600.0,81300.0,Education EMI,483000.0,24,Not_Eligible,3788.4
32.0,Female,Single,Graduate,57500.0,Private,3.7,Mid-size,Own,0.0,2,1,12000.0,5600.0,4800.0,13000.0,8300.0,Yes,14300.0,753.0,66500.0,22800.0,Personal Loan EMI,541000.0,43,Not_Eligible,500.0
58.0,Male,Married,Post Graduate,107300.0,Self-employed,25.5,Large Indian,Own,0.0,5,4,5800.0,0.0,6000.0,30000.0,19200.0,No,0.0,1200.0,321800.0,130100.0,Vehicle EMI,150000.0,37,Eligible,20835.0
38.0,Female,Married,Graduate,47100.0,Private,0.8,MNC,Family,0.0,4,3,8200.0,21000.0,4600.0,8800.0,6200.0,Yes,6600.0,600.0,276400.0,133000.0,Education EMI,281000.0,39,Not_Eligible,500.0
27.0,Male,Single,Graduate,18000.0,Private,1.8,Startup,Family,0.0,2,1,4500.0,0.0,2500.0,3000.0,1300.0,Yes,4800.0,706.0,99700.0,58300.0,Education EMI,110000.0,36,Not_Eligible,665.0
38.0,Male,Married,Professional,69900.0,Private,1.6,Large Indian,Family,0.0,2,1,11100.0,20800.0,9900.0,10900.0,11400.0,Yes,17000.0,515.0,283000.0,129100.0,E-commerce Shopping EMI,184000.0,3,Not_Eligible,500.0
48.0,Male,Married,Graduate,41800.0,Private,11.1,Mid-size,Own,0.0,3,2,0.0,7900.0,4600.0,10700.0,8200.0,Yes,8400.0,691.0,130100.0,32100.0,E-commerce Shopping EMI,106000.0,15,Not_Eligible,700.0
48.0,Female,Married,Post Graduate,28700.0,Private,2.6,Large Indian,Own,0.0,2,1,12700.0,14400.0,3600.0,5000.0,3400.0,No,0.0,743.0,182500.0,40400.0,E-commerce Shopping EMI,66000.0,18,Not_Eligible,500.0
38.0,Female,Married,High School,69500.0,Private,4.9,Large Indian,Family,0.0,3,2,7900.0,0.0,4400.0,14200.0,9300.0,No,0.0,658.0,298700.0,64300.0,Vehicle EMI,365000.0,82,Eligible,16850.0
32.0,Male,Married,Post Graduate,52100.0,Private,0.9,Mid-size,Family,0.0,3,2,4200.0,0.0,2600.0,13500.0,5500.0,Yes,13500.0,729.0,293600.0,138800.0,E-commerce Shopping EMI,81000.0,16,Not_Eligible,3584.0
32.0,Male,Married,Professional,105300.0,Private,0.9,Startup,Rented,31700.0,4,3,0.0,0.0,6200.0,20000.0,9200.0,No,0.0,719.0,818800.0,454600.0,E-commerce Shopping EMI,37000.0,10,Eligible,16808.0
48.0,Female,Married,High School,23200.0,Private,3.5,Large Indian,Family,0.0,4,3,11400.0,0.0,2600.0,4700.0,2800.0,No,0.0,721.0,56100.0,15800.0,Vehicle EMI,963000.0,58,Not_Eligible,850.0
27.0,Female,Married,Post Graduate,65900.0,Government,0.5,Mid-size,Family,0.0,5,4,0.0,0.0,8500.0,12800.0,4800.0,No,0.0,692.0,38900.0,10600.0,Home Appliances EMI,23000.0,15,Eligible,15920.0
27.0,Male,Single,Post Graduate,83300.0,Private,1.6,MNC,Own,0.0,1,0,0.0,0.0,6600.0,20100.0,9000.0,Yes,9200.0,711.0,650900.0,282500.0,Education EMI,218000.0,43,Eligible,14784.0
27.0,Male,Single,Graduate,37000.0,Private,0.5,MNC,Own,0.0,2,1,3000.0,12900.0,3500.0,8700.0,4900.0,Yes,10600.0,629.0,35300.0,19800.0,Vehicle EMI,262000.0,48,Not_Eligible,500.0
38.0,Female,Married,Graduate,26800.0,Private,16.0,Mid-size,Rented,7400.0,5,4,12600.0,0.0,2000.0,6600.0,1700.0,No,0.0,794.0,27000.0,10900.0,Vehicle EMI,1236000.0,16,Not_Eligible,500.0
32.0,Female,Single,Graduate,36600.0,Private,6.5,MNC,Rented,6500.0,1,0,0.0,0.0,2700.0,6000.0,2200.0,Yes,8700.0,661.0,254800.0,110800.0,Vehicle EMI,841000.0,65,Not_Eligible,4042.5
38.0,Male,Single,Graduate,40100.0,Private,6.2,MNC,Rented,9800.0,2,1,0.0,24900.0,5300.0,10200.0,6000.0,Yes,10900.0,742.0,100800.0,26100.0,Personal Loan EMI,802000.0,24,Not_Eligible,500.0
32.0,Female,Married,Graduate,33000.0,Private,1.3,MNC,Family,0.0,4,3,0.0,0.0,1900.0,9800.0,2100.0,Yes,8700.0,640.0,150500.0,73900.0,E-commerce Shopping EMI,80000.0,4,Not_Eligible,2940.0
38.0,Female,Married,Post Graduate,80800.0,Private,0.5,Large Indian,Rented,24500.0,4,3,0.0,0.0,7200.0,17800.0,7200.0,Yes,24000.0,622.0,444200.0,247800.0,Education EMI,399000.0,43,Not_Eligible,500.0
38.0,Female,Single,High School,23800.0,Private,3.2,Mid-size,Rented,6700.0,2,1,0.0,13400.0,1500.0,6700.0,2500.0,No,0.0,583.0,151400.0,54500.0,Home Appliances EMI,277000.0,33,Not_Eligible,500.0
27.0,Female,Single,Post Graduate,73800.0,Private,1.3,MNC,Rented,22100.0,2,1,6000.0,0.0,10200.0,19000.0,4800.0,Yes,14700.0,648.0,259000.0,110900.0,Home Appliances EMI,228000.0,14,Not_Eligible,500.0
32.0,Female,Married,Graduate,29400.0,Private,2.1,Large Indian,Family,0.0,3,2,13200.0,15700.0,3300.0,6600.0,2400.0,No,0.0,709.0,145000.0,78600.0,Vehicle EMI,923000.0,68,Not_Eligible,500.0
38.0,Male,Married,Graduate,38200.0,Private,1.4,Mid-size,Rented,10200.0,3,2,11500.0,0.0,2900.0,7100.0,7400.0,No,0.0,744.0,127300.0,29800.0,Personal Loan EMI,320000.0,38,Not_Eligible,500.0
38.0,Male,Married,Graduate,47400.0,Government,16.0,Mid-size,Family,0.0,3,2,13700.0,0.0,2900.0,7300.0,6300.0,No,0.0,735.0,342100.0,178900.0,E-commerce Shopping EMI,31000.0,13,Eligible,10406.0
27.0,Female,Single,Graduate,30100.0,Private,1.7,Startup,Rented,6700.0,1,0,0.0,0.0,4500.0,7700.0,2400.0,No,0.0,618.0,199700.0,99700.0,Home Appliances EMI,201000.0,12,Not_Eligible,3872.0
27.0,Female,Single,High School,19200.0,Private,0.5,Large Indian,Family,0.0,3,2,0.0,5000.0,1700.0,3500.0,3600.0,No,0.0,679.0,106200.0,45200.0,Vehicle EMI,974000.0,72,Not_Eligible,2160.0
48.0,Male,Married,Graduate,52600.0,Private,11.6,Small,Own,0.0,2,1,7900.0,17000.0,6100.0,13100.0,8900.0,Yes,6400.0,710.0,400600.0,216800.0,Personal Loan EMI,968000.0,26,Not_Eligible,500.0
27.0,Female,Single,Graduate,57200.0,Private,1.6,Large Indian,Rented,19400.0,1,0,0.0,0.0,6200.0,9400.0,3300.0,Yes,12900.0,616.0,269400.0,154700.0,Personal Loan EMI,245000.0,21,Not_Eligible,1680.0
58.0,Female,Married,Graduate,39900.0,Private,3.8,Large Indian,Rented,7700.0,3,2,2800.0,0.0,2900.0,10200.0,6400.0,Yes,5900.0,698.0,194700.0,103000.0,Education EMI,227000.0,23,Not_Eligible,1400.0
58.0,Male,Married,Graduate,55500.0,Private,4.1,MNC,Own,0.0,3,2,10400.0,0.0,7700.0,9300.0,7700.0,No,0.0,709.0,386200.0,130900.0,Education EMI,156000.0,12,Not_Eligible,11220.0
27.0,Female,Single,Professional,83500.0,Private,4.4,Startup,Rented,26800.0,1,0,0.0,0.0,9900.0,21000.0,11200.0,Yes,14800.0,635.0,450100.0,95700.0,E-commerce Shopping EMI,58000.0,12,Not_Eligible,500.0
32.0,Female,Married,Professional,83300.0,Private,0.9,Startup,Rented,12700.0,2,1,0.0,0.0,10600.0,14400.0,5100.0,No,0.0,724.0,191400.0,46400.0,Home Appliances EMI,288000.0,10,Not_Eligible,16200.0
38.0,Male,Married,Graduate,55500.0,Private,1.1,Small,Rented,17300.0,4,3,4400.0,0.0,6000.0,15200.0,4300.0,No,0.0,682.0,235100.0,107800.0,Home Appliances EMI,292000.0,13,Not_Eligible,4150.0
58.0,Male,Married,Post Graduate,91600.0,Private,3.4,Large Indian,Own,17559.0,4,3,0.0,0.0,5500.0,18700.0,17000.0,No,0.0,713.0,563000.0,151900.0,Home Appliances EMI,22000.0,31,Eligible,27720.0
38.0,Male,Married,Post Graduate,51635.0,Private,1.2,Mid-size,Rented,17500.0,3,2,0.0,0.0,5400.0,7800.0,9100.0,Yes,13900.0,690.0,79700.0,42500.0,E-commerce Shopping EMI,27000.0,13,Not_Eligible,500.0
48.0,Male,Married,Graduate,57200.0,Private,2.5,Startup,Family,0.0,3,2,0.0,0.0,3800.0,10900.0,7500.0,Yes,7300.0,647.0,165400.0,84400.0,Home Appliances EMI,49000.0,36,Eligible,7756.0
32.0,Female,Married,High School,51100.0,Self-employed,1.2,MNC,Rented,15400.0,3,2,0.0,9600.0,4800.0,11600.0,5400.0,Yes,12200.0,784.0,67200.0,39300.0,Vehicle EMI,549000.0,52,Not_Eligible,500.0
58.0,Male,Married,Graduate,89100.0,Government,1.0,Startup,Own,0.0,4,3,0.0,0.0,12600.0,15200.0,9400.0,No,0.0,793.0,225700.0,89300.0,Education EMI,65000.0,42,Eligible,31140.0
48.0,Female,Married,Graduate,52800.0,Private,1.6,Large Indian,Family,,3,2,2700.0,16500.0,5700.0,12900.0,6200.0,No,0.0,719.0,249300.0,97000.0,E-commerce Shopping EMI,10000.0,16,Eligible,4400.0
32.0,Male,Married,High School,38100.0,Private,2.4,Mid-size,Own,0.0,3,2,0.0,0.0,2300.0,6000.0,5800.0,No,0.0,829.0,154100.0,66300.0,Education EMI,146000.0,46,Eligible,14400.0
38.0,Male,Married,Post Graduate,60300.0,Self-employed,5.7,Small,Own,0.0,3,2,9600.0,0.0,3100.0,15400.0,7800.0,No,0.0,678.0,397500.0,128400.0,Home Appliances EMI,135000.0,14,High_Risk,12078.0
27.0,Male,Single,Post Graduate,57700.0,Government,2.3,Mid-size,Own,0.0,2,1,0.0,21600.0,5000.0,16100.0,9900.0,No,0.0,720.0,444200.0,117800.0,Education EMI,94000.0,34,Not_Eligible,2805.0
38.0,Male,Married,Graduate,47900.0,Private,2.2,Mid-size,Family,0.0,4,3,9100.0,0.0,2700.0,7800.0,5200.0,No,0.0,562.0,335500.0,90300.0,Vehicle EMI,1323000.0,18,Not_Eligible,10164.0
38.0,Male,Single,Graduate,105100.0,Government,7.1,Startup,Own,0.0,2,1,13500.0,0.0,12000.0,23900.0,10900.0,No,0.0,841.0,801700.0,212200.0,Vehicle EMI,966000.0,57,Eligible,32524.8
58.0,Male,Single,Graduate,47100.0,Private,1.5,Mid-size,Rented,7200.0,2,1,7000.0,0.0,4500.0,7500.0,4200.0,No,0.0,772.0,211300.0,55300.0,Personal Loan EMI,523000.0,26,Not_Eligible,10020.0
32.0,Female,Married,Graduate,60600.0,Private,1.2,MNC,Own,0.0,2,1,13900.0,0.0,6000.0,10200.0,5300.0,No,0.0,681.0,66800.0,23600.0,Vehicle EMI,987000.0,45,Not_Eligible,10080.0
27.0,Male,Single,Graduate,20900.0,Private,1.8,Mid-size,Family,0.0,1,0,0.0,0.0,1200.0,6200.0,1300.0,No,0.0,725.0,37800.0,14700.0,Vehicle EMI,641000.0,57,Not_Eligible,4880.0
27.0,Male,Married,Post Graduate,113800.0,Private,0.5,Mid-size,Family,0.0,4,3,3000.0,0.0,10600.0,29900.0,16900.0,Yes,24300.0,635.0,736400.0,227400.0,E-commerce Shopping EMI,74000.0,9,Not_Eligible,7170.24
38.0,Female,Married,Post Graduate,101100.0,Private,0.9,Startup,Family,0.0,3,2,0.0,0.0,14800.0,18300.0,10700.0,Yes,17300.0,661.0,100800.0,23100.0,E-commerce Shopping EMI,129000.0,22,Eligible,8960.0
48.0,Female,Married,Graduate,95400.0,Private,7.2,Startup,Own,0.0,3,2,0.0,0.0,11600.0,18700.0,6800.0,No,0.0,665.0,366400.0,160600.0,Vehicle EMI,549000.0,52,Eligible,29150.0
32.0,Female,Married,High School,28200.0,Private,1.3,MNC,Rented,5400.0,3,2,4300.0,0.0,1500.0,6700.0,2600.0,No,0.0,684.0,42900.0,20000.0,Vehicle EMI,308000.0,26,Not_Eligible,3080.0
38.0,Female,Married,High School,30500.0,Government,0.5,MNC,Rented,9000.0,4,3,6600.0,9400.0,2600.0,8400.0,5400.0,Yes,8100.0,752.0,207300.0,88400.0,Personal Loan EMI,806000.0,33,Not_Eligible,500.0
58.0,Male,Married,Post Graduate,134300.0,Government,2.7,Large Indian,Family,0.0,3,2,9000.0,0.0,12100.0,31000.0,23100.0,Yes,19100.0,829.0,854800.0,504200.0,E-commerce Shopping EMI,104000.0,3,Not_Eligible,18480.0
38.0,Male,Married,High School,41300.0,Private,3.9,Mid-size,Own,0.0,3,2,7800.0,0.0,3600.0,8900.0,2100.0,Yes,6800.0,669.0,95600.0,37200.0,Personal Loan EMI,892000.0,43,Not_Eligible,4235.0
48.0,Male,Married,Professional,61800.0,Private,0.9,Mid-size,Rented,19100.0,4,3,0.0,0.0,8200.0,18400.0,8200.0,No,0.0,753.0,460100.0,144100.0,Education EMI,172000.0,38,Not_Eligible,4171.2
58.0,Male,Single,Graduate,101500.0,Private,27.5,MNC,Own,0.0,3,2,14000.0,0.0,10100.0,27400.0,14000.0,No,0.0,708.0,655500.0,291000.0,E-commerce Shopping EMI,186000.0,20,Eligible,19800.0
27.0,Female,Single,High School,80500.0,Private,4.2,MNC,Family,0.0,1,0,0.0,0.0,9300.0,16400.0,9500.0,Yes,8700.0,746.0,438700.0,214700.0,Education EMI,279000.0,13,Not_Eligible,12810.0
32.0,Male,Married,Graduate,61700.0,Private,2.7,Large Indian,Family,0.0,4,3,0.0,0.0,5200.0,18200.0,10900.0,Yes,8700.0,562.0,90300.0,19900.0,E-commerce Shopping EMI,16000.0,16,Eligible,4188.8
32.0,Male,Married,Professional,55600.0,Private,1.4,MNC,Own,0.0,3,2,12800.0,0.0,5600.0,11600.0,7300.0,No,0.0,635.0,278800.0,73400.0,Education EMI,113000.0,10,Not_Eligible,7320.0
38.0,Female,Married,Graduate,32100.0,Private,1.4,Mid-size,Own,0.0,5,4,3000.0,0.0,2800.0,8200.0,2200.0,No,0.0,781.0,119400.0,32400.0,Education EMI,288000.0,10,Not_Eligible,9540.0
58.0,Female,Married,Graduate,29300.0,Self-employed,9.5,Large Indian,Own,0.0,4,3,14800.0,0.0,4100.0,8600.0,3900.0,No,0.0,666.0,16300.0,4200.0,Personal Loan EMI,862000.0,26,Not_Eligible,500.0
32.0,Male,Married,Graduate,15000.0,Private,0.8,Startup,Family,0.0,3,2,11300.0,7000.0,1700.0,3500.0,2800.0,Yes,1500.0,645.0,49200.0,19600.0,Education EMI,210000.0,41,Not_Eligible,500.0
27.0,Female,Married,Post Graduate,53200.0,Private,0.5,Large Indian,Rented,10900.0,3,2,0.0,6900.0,7900.0,9000.0,6500.0,Yes,13000.0,615.0,401800.0,95000.0,Home Appliances EMI,170000.0,11,Not_Eligible,500.0
38.0,Male,Married,High School,61800.0,Private,0.9,Small,Own,0.0,4,3,0.0,0.0,4000.0,10100.0,6300.0,Yes,18300.0,578.0,311200.0,96400.0,Personal Loan EMI,129000.0,37,High_Risk,5174.4
48.0,Female,Married,Graduate,36800.0,Private,2.6,MNC,Own,0.0,3,2,9600.0,0.0,3700.0,10200.0,3500.0,No,0.0,707.0,194100.0,64200.0,Home Appliances EMI,30000.0,12,Eligible,4900.0
32.0,Male,Single,High School,31700.0,Government,0.8,Large Indian,Own,0.0,2,1,5100.0,0.0,2300.0,7100.0,5100.0,Yes,5300.0,763.0,61300.0,34700.0,Education EMI,288000.0,10,Not_Eligible,2284.8
32.0,Male,Married,Graduate,46900.0,Private,1.6,Mid-size,Rented,10500.0,3,2,0.0,0.0,3100.0,9000.0,7300.0,Yes,11100.0,658.0,193200.0,96300.0,E-commerce Shopping EMI,108000.0,24,Not_Eligible,2065.0
58.0,Male,Single,Post Graduate,36800.0,Private,27.1,Mid-size,Rented,6100.0,2,1,0.0,0.0,4900.0,5600.0,5400.0,Yes,6600.0,742.0,58400.0,30500.0,Home Appliances EMI,248000.0,28,Not_Eligible,2296.0
32.0,Male,Married,Graduate,49200.0,Private,3.0,Startup,Own,0.0,4,3,11300.0,0.0,5200.0,12200.0,9200.0,No,0.0,798.0,335200.0,134500.0,E-commerce Shopping EMI,57000.0,7,Not_Eligible,7458.0
38.0,Male,Married,Post Graduate,150400.0,Self-employed,4.2,Large Indian,Family,0.0,3,2,7200.0,0.0,16200.0,27500.0,13700.0,No,0.0,651.0,594100.0,338600.0,E-commerce Shopping EMI,169000.0,21,Eligible,38610.0
38.0,Female,Married,Graduate,123700.0,Government,9.0,Large Indian,Own,0.0,3,2,8800.0,0.0,7700.0,33300.0,9100.0,No,0.0,850.0,836400.0,393300.0,Personal Loan EMI,510000.0,44,Eligible,47044.8
27.0,Female,Married,Graduate,70400.0,Private,0.7,Mid-size,Rented,17000.0,4,3,0.0,0.0,6500.0,12200.0,8100.0,Yes,13100.0,712.0,166000.0,36300.0,Home Appliances EMI,139000.0,25,Not_Eligible,3780.0
48.0,Male,Married,Graduate,74100.0,Government,2.0,MNC,Family,0.0,4,3,14700.0,10400.0,4500.0,12800.0,9800.0,Yes,20000.0,736.0,284400.0,122200.0,Education EMI,345000.0,28,Not_Eligible,665.0
38.0,Female,Married,Post Graduate,45600.0,Private,4.5,Mid-size,Rented,10600.0,3,2,0.0,0.0,2900.0,10600.0,4200.0,No,0.0,748.0,125400.0,35400.0,Personal Loan EMI,993000.0,28,Not_Eligible,8650.0
32.0,Male,Married,Post Graduate,53800.0,Private,10.0,Mid-size,Family,0.0,3,2,9000.0,14100.0,3600.0,9500.0,5400.0,No,0.0,793.0,350900.0,152600.0,Personal Loan EMI,435000.0,32,Not_Eligible,8052.0
48.0,Female,Married,Professional,80500.0,Government,26.0,MNC,Rented,17500.0,3,2,0.0,0.0,7100.0,12900.0,6200.0,No,0.0,786.0,553400.0,271200.0,Personal Loan EMI,450000.0,27,Eligible,26716.8
38.0,Male,Married,Post Graduate,38800.0,Private,4.0,Small,Own,0.0,5,4,6200.0,21900.0,5700.0,8000.0,3100.0,No,0.0,678.0,140400.0,47400.0,Home Appliances EMI,108000.0,26,Not_Eligible,500.0
27.0,Male,Single,Graduate,74300.0,Private,1.9,Mid-size,Family,0.0,3,2,10300.0,0.0,10300.0,19100.0,12000.0,No,0.0,587.0,269200.0,54600.0,E-commerce Shopping EMI,108000.0,22,Eligible,9040.0
27.0,Female,Married,Post Graduate,5271.0,Self-employed,0.5,Large Indian,Own,0.0,5,4,0.0,17800.0,2400.0,6600.0,2900.0,No,0.0,601.0,157300.0,89400.0,Vehicle EMI,678000.0,58,Not_Eligible,500.0
32.0,Male,Single,Graduate,37200.0,Private,0.5,Startup,Family,0.0,3,2,6600.0,6300.0,3000.0,8500.0,6500.0,Yes,9900.0,609.0,254600.0,56100.0,Education EMI,347000.0,42,Not_Eligible,500.0
48.0,Male,Married,Graduate,68700.0,Private,6.2,MNC,Own,0.0,2,1,6000.0,0.0,5400.0,15100.0,7700.0,No,0.0,740.0,367800.0,175200.0,Vehicle EMI,531000.0,42,High_Risk,17250.0
38.0,Male,Married,High School,17500.0,Private,0.5,Large Indian,Rented,3800.0,5,4,0.0,0.0,1500.0,5100.0,2300.0,Yes,4700.0,650.0,99300.0,29300.0,Personal Loan EMI,436000.0,40,Not_Eligible,500.0
27.0,Female,Single,Graduate,28900.0,Private,0.5,MNC,Own,0.0,2,1,13800.0,0.0,1700.0,8600.0,1700.0,Yes,5100.0,673.0,181600.0,86600.0,Education EMI,166000.0,12,Not_Eligible,500.0
38.0,Female,Married,Graduate,109200.0,Private,1.3,MNC,Own,0.0,4,3,0.0,0.0,15200.0,23200.0,6900.0,No,0.0,696.0,330200.0,100100.0,Personal Loan EMI,798000.0,31,Not_Eligible,31950.0
38.0,Female,Married,Graduate,46900.0,Private,3.4,Startup,Own,0.0,3,2,0.0,0.0,4000.0,10600.0,2900.0,No,0.0,761.0,317900.0,185300.0,Personal Loan EMI,478000.0,35,High_Risk,19404.0
48.0,Male,Married,High School,35500.0,Government,8.3,Mid-size,Rented,8800.0,4,3,10100.0,0.0,4900.0,9000.0,2600.0,Yes,6500.0,675.0,173700.0,51300.0,Home Appliances EMI,42000.0,24,Not_Eligible,500.0
32.0,Male,Married,Graduate,18400.0,Private,1.3,MNC,Rented,5500.0,3,2,8700.0,19300.0,1700.0,3800.0,2300.0,No,0.0,655.0,80900.0,24100.0,Home Appliances EMI,151000.0,15,Not_Eligible,500.0
27.0,Female,Single,Graduate,72900.0,Government,0.5,Mid-size,Rented,13800.0,1,0,0.0,0.0,4000.0,16700.0,12800.0,Yes,9000.0,640.0,402800.0,198400.0,Vehicle EMI,1146000.0,20,Not_Eligible,4648.0
32.0,Male,Married,Graduate,112000.0,Government,0.5,Mid-size,Rented,23900.0,4,3,0.0,0.0,16700.0,24000.0,14300.0,Yes,25700.0,817.0,581300.0,187700.0,Home Appliances EMI,213000.0,9,Not_Eligible,3108.0
38.0,Male,Married,Graduate,57400.0,Self-employed,2.6,Startup,Own,0.0,3,2,0.0,0.0,6000.0,10400.0,5700.0,Yes,8200.0,598.0,416800.0,196300.0,Vehicle EMI,901000.0,18,Not_Eligible,7512.12
32.0,Female,Married,Graduate,40800.0,Private,3.1,MNC,Own,0.0,4,3,5500.0,0.0,4100.0,7700.0,7700.0,Yes,11700.0,737.0,180400.0,83200.0,Education EMI,277000.0,35,Not_Eligible,1435.0
48.0,Male,Married,Graduate,70100.0,Private,0.5,Startup,Rented,19800.0,3,2,7300.0,9900.0,9700.0,17600.0,11200.0,No,0.0,706.0,515600.0,239800.0,Home Appliances EMI,139000.0,27,Not_Eligible,500.0
27.0,Male,Married,Professional,28300.0,Private,2.1,Large Indian,Family,0.0,4,3,0.0,0.0,2300.0,5500.0,1800.0,No,0.0,773.0,123200.0,42400.0,Personal Loan EMI,816000.0,31,Not_Eligible,11220.0
38.0,Male,Married,High School,18200.0,Private,6.1,Mid-size,Own,0.0,4,3,0.0,0.0,1100.0,5100.0,2400.0,Yes,3400.0,549.0,74200.0,34800.0,Home Appliances EMI,32000.0,16,Not_Eligible,1085.0
32.0,Female,Married,Professional,67100.0,Private,0.7,Startup,Rented,23300.0,3,2,0.0,0.0,4700.0,15200.0,3500.0,No,0.0,653.0,498600.0,148200.0,Home Appliances EMI,274000.0,14,Not_Eligible,8976.0
32.0,Female,Married,Post Graduate,97900.0,Private,1.1,Startup,Own,0.0,3,2,0.0,17900.0,10800.0,19000.0,17400.0,No,0.0,741.0,121400.0,65800.0,Personal Loan EMI,594000.0,25,Not_Eligible,13120.0
48.0,Male,Married,High School,31800.0,Private,16.3,Mid-size,Rented,7200.0,5,4,13500.0,0.0,2900.0,6700.0,5900.0,Yes,6200.0,711.0,222900.0,86800.0,E-commerce Shopping EMI,93000.0,5,Not_Eligible,500.0
27.0,Male,Single,Graduate,45600.0,Private,0.5,Mid-size,Family,0.0,3,2,0.0,17800.0,3300.0,11100.0,2900.0,No,0.0,652.0,297100.0,177300.0,Education EMI,101000.0,44,Eligible,4620.0
38.0,Female,Married,Professional,86900.0,Government,10.0,Large Indian,Own,0.0,5,4,0.0,12200.0,5200.0,15700.0,13200.0,No,0.0,772.0,516000.0,134100.0,Home Appliances EMI,194000.0,20,Eligible,26796.0
38.0,Male,Single,Post Graduate,47200.0,Private,6.1,MNC,Rented,14700.0,1,0,0.0,0.0,6800.0,7600.0,3900.0,No,0.0,718.0,162900.0,53900.0,Vehicle EMI,811000.0,20,Not_Eligible,7100.0
27.0,Male,Single,Professional,48500.0,Government,2.3,Startup,Own,0.0,2,1,0.0,0.0,3600.0,7700.0,6500.0,No,0.0,794.0,77900.0,44400.0,Personal Loan EMI,738000.0,15,Not_Eligible,14736.0
32.0,Male,Married,Graduate,45700.0,Private,3.2,MNC,Own,0.0,5,4,0.0,0.0,3800.0,7100.0,4100.0,No,0.0,690.0,55200.0,13500.0,Personal Loan EMI,826000.0,32,Not_Eligible,12280.0
32.0,Male,Single,Graduate,76300.0,Private,2.1,MNC,Own,0.0,2,1,13900.0,0.0,6600.0,22100.0,10700.0,Yes,11100.0,630.0,168200.0,92200.0,Education EMI,485000.0,12,Not_Eligible,3332.0
48.0,Female,Married,Graduate,22600.0,Private,7.0,Large Indian,Rented,5900.0,3,2,5800.0,0.0,1400.0,5800.0,3300.0,No,0.0,639.0,162500.0,53400.0,Education EMI,277000.0,9,Not_Eligible,500.0
32.0,Male,Married,Post Graduate,151900.0,Private,4.9,Large Indian,Rented,46800.0,4,3,0.0,11300.0,15600.0,28900.0,15700.0,Yes,21100.0,662.0,848000.0,173100.0,Home Appliances EMI,223000.0,23,Not_Eligible,4375.0
32.0,Male,Married,Graduate,24000.0,Private,2.7,MNC,Family,0.0,4,3,0.0,13300.0,1400.0,6000.0,1700.0,No,0.0,759.0,91400.0,46900.0,Personal Loan EMI,235000.0,31,Not_Eligible,960.0
38.0,Male,Married,High School,60600.0,Government,2.8,Mid-size,Own,0.0,4,3,13800.0,0.0,5200.0,12100.0,10700.0,No,0.0,761.0,86100.0,45300.0,Home Appliances EMI,244000.0,35,High_Risk,9024.0
38.0,Female,Married,Graduate,64100.0,Private,6.0,Large Indian,Rented,14300.0,4,3,0.0,0.0,7200.0,9900.0,12200.0,Yes,10500.0,649.0,389900.0,108100.0,Education EMI,80000.0,11,Not_Eligible,3080.0
38.0,Male,Married,Graduate,29000.0,Private,4.6,Large Indian,Own,0.0,3,2,0.0,0.0,4100.0,5000.0,5700.0,No,0.0,610.0,140400.0,54900.0,Home Appliances EMI,126000.0,14,Not_Eligible,5680.0
32.0,Female,Single,Post Graduate,58000.0,Private,4.4,Large Indian,Own,0.0,1,0,0.0,0.0,3200.0,13600.0,10200.0,Yes,12500.0,679.0,51300.0,15300.0,Education EMI,443000.0,6,Not_Eligible,5180.0
32.0,Male,Married,Graduate,62100.0,Private,0.8,Startup,Rented,12100.0,3,2,8300.0,0.0,8100.0,15000.0,7100.0,Yes,7300.0,507.0,212000.0,84800.0,Vehicle EMI,1095000.0,72,Not_Eligible,588.0
32.0,Male,Married,Professional,27000.0,Private,0.9,Large Indian,Own,0.0,2,1,0.0,16000.0,2800.0,8000.0,2900.0,No,0.0,799.0,151300.0,45100.0,Education EMI,474000.0,28,Not_Eligible,500.0
38.0,Female,Married,Professional,30000.0,Private,2.8,Large Indian,Own,0.0,3,2,9900.0,0.0,4100.0,7400.0,4700.0,No,0.0,639.0,48300.0,28800.0,Vehicle EMI,305000.0,48,Not_Eligible,1248.0
58.0,Male,Married,High School,74800.0,Private,8.4,Mid-size,Rented,23500.0,3,2,0.0,19300.0,4300.0,13200.0,5600.0,No,0.0,730.0,245800.0,117200.0,Home Appliances EMI,226000.0,28,Not_Eligible,4450.0
38.0,Male,Married,Graduate,44400.0,Private,4.7,MNC,Rented,15500.0,3,2,4000.0,7600.0,5700.0,8900.0,7300.0,Yes,13200.0,668.0,208800.0,46500.0,Education EMI,218000.0,46,Not_Eligible,500.0
58.0,Female,Single,Graduate,64900.0,Private,0.7,Large Indian,Rented,21400.0,1,0,0.0,0.0,5100.0,13700.0,10800.0,Yes,16900.0,746.0,145400.0,71800.0,Vehicle EMI,315000.0,56,Not_Eligible,500.0
38.0,Female,Married,Graduate,104800.0,Government,2.6,Startup,Rented,27000.0,3,2,0.0,0.0,15600.0,18000.0,9100.0,No,0.0,850.0,119200.0,71100.0,Home Appliances EMI,50000.0,17,Eligible,16848.0
27.0,Male,Single,Graduate,70000.0,Private,0.5,Large Indian,Family,0.0,2,1,12200.0,0.0,5300.0,15800.0,9600.0,No,0.0,672.0,51600.0,15500.0,E-commerce Shopping EMI,65000.0,19,Eligible,8672.0
38.0,Male,Single,Graduate,53100.0,Government,0.8,Mid-size,Family,0.0,2,1,0.0,0.0,6800.0,13300.0,8600.0,No,0.0,618.0,30700.0,18200.0,Education EMI,140000.0,19,Not_Eligible,7808.0
48.0,Female,Married,Professional,115300.0,Private,26.0,Startup,Own,0.0,2,1,14300.0,0.0,7500.0,34000.0,17200.0,No,0.0,722.0,540200.0,134700.0,Education EMI,279000.0,34,Eligible,21150.0
38.0,Female,Married,Graduate,20600.0,Private,7.5,Large Indian,Rented,7100.0,2,1,14800.0,5500.0,1700.0,4500.0,2500.0,Yes,3900.0,810.0,29400.0,16400.0,E-commerce Shopping EMI,175000.0,23,Not_Eligible,500.0
38.0,Female,Married,High School,64600.0,Private,4.8,MNC,Own,0.0,4,3,5400.0,15500.0,3800.0,14100.0,10000.0,Yes,12700.0,737.0,104600.0,23600.0,Education EMI,367000.0,11,Not_Eligible,868.0
38.0,Male,Married,High School,23600.0,Government,6.0,Large Indian,Rented,4200.0,4,3,10900.0,0.0,2600.0,6900.0,2400.0,No,0.0,708.0,86100.0,49300.0,Vehicle EMI,1232000.0,71,Not_Eligible,500.0
27.0,Female,Single,Professional,83600.0,Private,1.7,Large Indian,Family,0.0,2,1,0.0,0.0,8100.0,18600.0,15300.0,Yes,8500.0,641.0,177100.0,,Vehicle EMI,220000.0,62,Eligible,9268.0
38.0,Female,Married,Graduate,15000.0,Private,7.7,Small,Own,0.0,3,2,9500.0,0.0,1600.0,3800.0,1600.0,No,0.0,772.0,42700.0,11500.0,Vehicle EMI,1110000.0,72,Not_Eligible,500.0
38.0,Female,Married,Graduate,37500.0,Government,6.7,Mid-size,Own,0.0,4,3,0.0,0.0,1900.0,6600.0,2000.0,No,0.0,850.0,108900.0,44300.0,E-commerce Shopping EMI,149000.0,18,Eligible,17820.0
48.0,Male,Married,Professional,103500.0,Private,0.9,MNC,Own,0.0,2,1,13700.0,0.0,14000.0,23600.0,5500.0,Yes,10700.0,731.0,389600.0,110600.0,Home Appliances EMI,101000.0,24,Eligible,10080.0
38.0,Female,Married,Post Graduate,111600.0,Government,6.4,Mid-size,Rented,24800.0,3,2,0.0,0.0,9600.0,28500.0,19600.0,No,0.0,809.0,378900.0,194600.0,Personal Loan EMI,269000.0,23,Eligible,19206.0
58.0,Male,Married,High School,40900.0,Self-employed,0.5,Startup,Own,0.0,3,2,0.0,0.0,2200.0,11200.0,4100.0,No,0.0,709.0,201800.0,46900.0,E-commerce Shopping EMI,42000.0,19,Eligible,10530.0
58.0,Male,Married,Post Graduate,50000.0,Private,28.0,Mid-size,Rented,11500.0,3,2,0.0,6500.0,4300.0,13700.0,5700.0,No,0.0,674.0,360800.0,158900.0,Vehicle EMI,565000.0,14,Not_Eligible,4565.0
32.0,Male,Married,Graduate,42100.0,Government,10.0,MNC,Own,0.0,5,4,13300.0,0.0,6200.0,7000.0,3700.0,No,0.0,737.0,140800.0,30500.0,E-commerce Shopping EMI,181000.0,16,Not_Eligible,6545.0
27.0,Female,Single,High School,86200.0,Private,0.5,MNC,Rented,13900.0,1,0,0.0,0.0,8000.0,20300.0,13300.0,No,0.0,,345900.0,201700.0,Home Appliances EMI,120000.0,14,Eligible,12280.0
48.0,Male,Married,Graduate,43400.0,Private,0.8,Large Indian,Own,0.0,2,1,0.0,0.0,2700.0,8800.0,5000.0,No,0.0,672.0,261600.0,57800.0,Vehicle EMI,215000.0,51,Eligible,11836.0
27.0,Male,Married,Graduate,48700.0,Government,0.9,Startup,Rented,9400.0,3,2,0.0,0.0,2900.0,9600.0,6800.0,Yes,14000.0,718.0,41100.0,14400.0,Education EMI,438000.0,36,Not_Eligible,1680.0
32.0,Female,Married,Graduate,46500.0,Private,0.9,Mid-size,Rented,10400.0,3,2,0.0,0.0,4500.0,13200.0,8000.0,Yes,6300.0,627.0,160100.0,52100.0,E-commerce Shopping EMI,161000.0,12,Not_Eligible,918.4
38.0,Female,Married,High School,55400.0,Private,14.1,Large Indian,Own,0.0,3,2,7600.0,7100.0,4000.0,9300.0,5400.0,No,0.0,780.0,408200.0,189800.0,Vehicle EMI,297000.0,41,Eligible,14520.0
38.0,Male,Married,High School,67200.0,Government,1.3,MNC,Own,0.0,3,2,0.0,18400.0,6500.0,18000.0,5600.0,Yes,14800.0,591.0,84700.0,29100.0,Home Appliances EMI,199000.0,12,Not_Eligible,873.6
38.0,Female,Married,High School,65600.0,Self-employed,3.0,Large Indian,Rented,9900.0,4,3,14700.0,0.0,5700.0,19100.0,5200.0,Yes,13900.0,665.0,147900.0,63700.0,E-commerce Shopping EMI,96000.0,11,Not_Eligible,500.0
32.0,Male,Single,Post Graduate,47000.0,Private,7.3,Startup,Own,0.0,2,1,10000.0,0.0,4900.0,8300.0,5000.0,No,0.0,811.0,290700.0,60900.0,E-commerce Shopping EMI,19000.0,8,Eligible,12408.0
38.0,Male,Married,Post Graduate,130300.0,Private,7.4,MNC,Own,0.0,2,1,14700.0,0.0,13200.0,23100.0,21300.0,Yes,38500.0,723.0,919100.0,322200.0,Education EMI,124000.0,24,Eligible,7507.5
38.0,Male,Married,Graduate,68100.0,Self-employed,11.6,MNC,Own,0.0,4,3,3800.0,22900.0,8000.0,16500.0,12200.0,Yes,19300.0,701.0,80500.0,27800.0,Vehicle EMI,511000.0,75,Not_Eligible,500.0
27.0,Female,Single,Graduate,45900.0,Private,2.2,Mid-size,Own,0.0,3,2,7800.0,0.0,6000.0,8100.0,3100.0,Yes,7800.0,717.0,350900.0,112500.0,E-commerce Shopping EMI,32000.0,6,Not_Eligible,5043.5
32.0,Male,Married,Post Graduate,61900.0,Private,0.5,Small,Family,0.0,3,2,0.0,0.0,7200.0,16600.0,4100.0,No,0.0,731.0,361500.0,204400.0,Vehicle EMI,365000.0,17,Not_Eligible,13600.0
58.0,Female,Married,Graduate,60800.0,Government,13.5,Large Indian,Rented,16800.0,4,3,6900.0,0.0,3900.0,10400.0,5400.0,No,0.0,760.0,139400.0,49400.0,Vehicle EMI,607000.0,30,Not_Eligible,11484.0
48.0,Female,Married,Graduate,52200.0,Government,0.5,Large Indian,Rented,9500.0,4,3,13400.0,17000.0,3900.0,10000.0,8200.0,No,0.0,721.0,334900.0,101200.0,Personal Loan EMI,846000.0,29,Not_Eligible,500.0
58.0,Male,Married,Professional,123300.0,Government,1.6,Startup,Own,0.0,4,3,0.0,0.0,8800.0,32100.0,6900.0,Yes,20200.0,760.0,,327800.0,E-commerce Shopping EMI,60000.0,24,Eligible,23226.0
48.0,Male,Married,Post Graduate,80200.0,Private,3.8,Large Indian,Rented,22800.0,4,3,7900.0,0.0,6000.0,21000.0,15300.0,No,0.0,730.0,523700.0,149500.0,Home Appliances EMI,193000.0,14,Not_Eligible,3960.0
27.0,Female,Single,High School,17800.0,Self-employed,0.6,Large Indian,Own,0.0,1,0,0.0,0.0,2500.0,5200.0,1500.0,No,0.0,761.0,52900.0,29300.0,Education EMI,72000.0,46,Eligible,4644.0
32.0,Male,Single,Professional,56800.0,Private,1.5,Large Indian,Rented,10900.0,2,1,2700.0,12300.0,4600.0,10500.0,4100.0,No,0.0,599.0,93500.0,54900.0,Education EMI,158000.0,10,Not_Eligible,3744.0
48.0,Female,Married,Graduate,30100.0,Private,3.2,Startup,Rented,7900.0,3,2,0.0,0.0,2200.0,5000.0,4700.0,Yes,4700.0,664.0,89200.0,40500.0,Personal Loan EMI,629000.0,41,Not_Eligible,1960.0
32.0,Male,Married,,40900.0,Private,4.1,Mid-size,Rented,11300.0,4,3,0.0,8100.0,5300.0,11500.0,7300.0,Yes,4700.0,639.0,248800.0,123100.0,Home Appliances EMI,237000.0,29,Not_Eligible,500.0
58.0,Male,Married,Graduate,50400.0,Self-employed,8.1,Mid-size,Rented,8400.0,4,3,0.0,6900.0,3500.0,10900.0,7100.0,No,0.0,729.0,333900.0,112200.0,Education EMI,340000.0,7,Not_Eligible,6732.0
32.0,Male,Married,Post Graduate,23400.0,Private,9.5,Mid-size,Family,0.0,2,1,0.0,0.0,3000.0,6000.0,2600.0,Yes,4500.0,717.0,91500.0,34200.0,Education EMI,405000.0,21,Not_Eligible,2555.0
48.0,Male,Married,Graduate,60800.0,Private,16.2,Large Indian,Own,0.0,3,2,7000.0,0.0,5800.0,10400.0,5900.0,No,0.0,648.0,190000.0,91200.0,Vehicle EMI,1043000.0,26,Not_Eligible,12680.0
48.0,Male,Married,High School,55400.0,Government,1.1,Small,Rented,19100.0,4,3,7200.0,0.0,3300.0,9800.0,6500.0,No,0.0,734.0,157900.0,77900.0,Education EMI,317000.0,27,Not_Eligible,4750.0
48.0,Female,Single,Professional,57500.0,Private,0.9,Startup,Rented,13500.0,2,1,0.0,0.0,8500.0,11500.0,2900.0,No,0.0,701.0,246800.0,64200.0,E-commerce Shopping EMI,139000.0,8,Not_Eligible,8440.0
27.0,Female,Single,Post Graduate,101600.0,Private,2.7,MNC,Family,0.0,1,0,0.0,0.0,9000.0,27400.0,17600.0,No,0.0,665.0,542500.0,181800.0,Education EMI,183000.0,12,Eligible,23800.0
27.0,Male,Single,Graduate,30900.0,Private,2.2,Large Indian,Family,0.0,1,0,0.0,0.0,2900.0,8200.0,5800.0,Yes,9100.0,695.0,50900.0,17700.0,Home Appliances EMI,134000.0,35,Not_Eligible,1372.0
58.0,Female,Married,Post Graduate,37200.0,Private,15.2,Mid-size,Rented,11900.0,5,4,0.0,0.0,2700.0,11100.0,4100.0,No,0.0,730.0,97900.0,57300.0,Home Appliances EMI,76000.0,34,Eligible,3700.0
32.0,Female,Married,Post Graduate,117900.0,Private,4.8,Startup,Own,0.0,5,4,0.0,0.0,13800.0,31100.0,22900.0,No,0.0,695.0,508600.0,144400.0,Personal Loan EMI,148000.0,33,Eligible,25050.0
27.0,Female,Single,Graduate,55300.0,Private,1.4,MNC,Family,0.0,1,0,0.0,0.0,4500.0,15800.0,10100.0,No,0.0,738.0,393000.0,209200.0,E-commerce Shopping EMI,47000.0,16,Eligible,13695.0
48.0,Male,Married,Graduate,36900.0,Government,5.0,Mid-size,Rented,11000.0,4,3,5900.0,8600.0,4300.0,8300.0,4600.0,No,0.0,772.0,151800.0,76400.0,E-commerce Shopping EMI,89000.0,10,Not_Eligible,500.0
38.0,Female,Married,Post Graduate,37400.0,Private,11.0,Large Indian,Own,0.0,5,4,7500.0,0.0,5200.0,8200.0,5400.0,Yes,9200.0,657.0,296800.0,124200.0,E-commerce Shopping EMI,181000.0,13,Not_Eligible,731.5
38.0,Male,Married,Professional,54600.0,Private,2.1,Mid-size,Own,0.0,3,2,4300.0,0.0,4800.0,16300.0,10200.0,No,0.0,571.0,219600.0,68100.0,Home Appliances EMI,157000.0,18,Not_Eligible,7600.0
58.0,Male,Married,High School,31000.0,Private,36.0,Large Indian,Rented,7200.0,3,2,10700.0,0.0,1800.0,8500.0,5900.0,No,0.0,630.0,164800.0,70200.0,Vehicle EMI,1158000.0,16,Not_Eligible,500.0
32.0,Male,Single,Professional,75300.0,Private,1.0,Mid-size,Own,0.0,1,0,0.0,0.0,11100.0,17000.0,4700.0,No,0.0,731.0,570700.0,291000.0,Education EMI,184000.0,19,Eligible,23375.0
27.0,Female,Married,High School,44400.0,Self-employed,1.8,MNC,Family,0.0,3,2,0.0,0.0,5700.0,8300.0,4100.0,No,0.0,678.0,324400.0,119000.0,Personal Loan EMI,744000.0,48,Not_Eligible,13018.5
58.0,Male,Single,Graduate,44300.0,Private,10.2,MNC,Own,0.0,2,1,7000.0,23800.0,5400.0,11800.0,8000.0,Yes,9500.0,674.0,258600.0,144800.0,Vehicle EMI,1168000.0,66,Not_Eligible,500.0
38.0,Female,Single,Graduate,18000.0,Private,7.5,Large Indian,Rented,4700.0,3,2,0.0,0.0,1500.0,4000.0,1000.0,Yes,2500.0,601.0,22700.0,10100.0,Education EMI,236000.0,12,Not_Eligible,963.2
32.0,Male,Married,Post Graduate,29000.0,Private,3.3,Large Indian,Family,0.0,3,2,10000.0,0.0,2700.0,6600.0,3100.0,Yes,4500.0,632.0,118500.0,52000.0,Personal Loan EMI,216000.0,35,Not_Eligible,588.0
48.0,Female,Married,Graduate,66600.0,Government,8.0,Startup,Rented,11000.0,3,2,13500.0,0.0,4600.0,12200.0,3600.0,No,0.0,698.0,247300.0,81200.0,Home Appliances EMI,167000.0,11,Not_Eligible,11935.0
32.0,Male,Married,High School,30400.0,Private,9.6,Startup,Rented,7600.0,5,4,0.0,8100.0,1500.0,7900.0,4700.0,Yes,4200.0,714.0,243000.0,102900.0,E-commerce Shopping EMI,100000.0,11,Not_Eligible,500.0
58.0,Male,Married,Graduate,26500.0,Private,11.2,Startup,Own,0.0,2,1,0.0,0.0,3500.0,4700.0,3000.0,Yes,6700.0,641.0,164900.0,75400.0,E-commerce Shopping EMI,185000.0,5,Not_Eligible,2648.8
32.0,Female,Married,High School,43200.0,Private,10.0,Startup,Family,0.0,5,4,2400.0,8000.0,3600.0,8400.0,7800.0,Yes,10400.0,619.0,148100.0,75600.0,Home Appliances EMI,271000.0,30,Not_Eligible,728.0
32.0,Male,Married,Graduate,22900.0,Private,8.0,Mid-size,Own,0.0,4,3,0.0,0.0,1800.0,3500.0,4300.0,Yes,5900.0,631.0,41500.0,23600.0,E-commerce Shopping EMI,23000.0,23,Eligible,1657.6
32.0,Male,Single,Graduate,20000.0,Private,4.9,Startup,Rented,3700.0,1,0,0.0,0.0,2500.0,5300.0,2900.0,Yes,5200.0,618.0,60100.0,34000.0,Home Appliances EMI,264000.0,36,Not_Eligible,500.0
48.0,Male,Married,Post Graduate,26000.0,Private,2.4,Startup,Own,0.0,5,4,3500.0,9700.0,1400.0,5600.0,4900.0,No,0.0,747.0,66200.0,13500.0,Personal Loan EMI,880000.0,30,Not_Eligible,500.0
38.0,Female,Married,Post Graduate,115100.0,Private,16.0,MNC,Own,0.0,3,2,3300.0,0.0,13100.0,19900.0,16500.0,Yes,12600.0,745.0,120300.0,45100.0,Education EMI,422000.0,47,High_Risk,13916.0
48.0,Male,Married,Graduate,35600.0,Private,8.3,MNC,Rented,6700.0,2,1,10600.0,0.0,2500.0,10100.0,3700.0,Yes,8100.0,703.0,235900.0,54500.0,Personal Loan EMI,390000.0,36,Not_Eligible,500.0
27.0,Male,Single,Graduate,20700.0,Private,1.9,Large Indian,Rented,5600.0,2,1,9200.0,0.0,2100.0,3100.0,1200.0,Yes,5500.0,690.0,143300.0,78200.0,Education EMI,489000.0,20,Not_Eligible,500.0
32.0,Male,Married,Graduate,31400.0,Private,9.0,Mid-size,Rented,4800.0,3,2,0.0,24900.0,2200.0,9300.0,2100.0,No,0.0,808.0,157200.0,66300.0,E-commerce Shopping EMI,170000.0,20,Not_Eligible,500.0
32.0,Male,Married,Graduate,41300.0,Private,8.5,Large Indian,Own,20208.0,2,1,7700.0,19400.0,3200.0,11200.0,2500.0,No,0.0,661.0,300800.0,69000.0,Home Appliances EMI,22000.0,31,Not_Eligible,500.0
32.0,Female,Married,Graduate,52500.0,Self-employed,1.3,Startup,Own,0.0,2,1,9000.0,18600.0,5700.0,14700.0,6500.0,No,0.0,744.0,235000.0,133900.0,Home Appliances EMI,183000.0,27,Not_Eligible,500.0
32.0,Male,Married,Graduate,43500.0,Private,1.2,Mid-size,Rented,12500.0,3,2,12600.0,14100.0,3300.0,6700.0,3700.0,Yes,10800.0,659.0,316200.0,71200.0,Vehicle EMI,306000.0,43,Not_Eligible,500.0
48.0,Male,Married,Professional,50800.0,Government,5.0,MNC,Family,0.0,3,2,9100.0,0.0,5500.0,13600.0,6700.0,Yes,5800.0,679.0,32500.0,16500.0,Personal Loan EMI,389000.0,13,Not_Eligible,3110.8
27.0,Male,Married,Graduate,62600.0,Private,0.9,Large Indian,Own,0.0,4,3,0.0,19700.0,6200.0,17800.0,3400.0,No,0.0,679.0,419800.0,120300.0,Education EMI,273000.0,25,Not_Eligible,6820.0
38.0,Male,Married,Professional,29900.0,Private,1.8,MNC,Own,0.0,4,3,14500.0,0.0,1600.0,5000.0,6000.0,No,0.0,702.0,229000.0,90400.0,Education EMI,99000.0,25,Not_Eligible,1540.0
38.0,Male,Married,Graduate,103700.0,Private,3.2,Mid-size,Own,0.0,3,2,0.0,0.0,6000.0,29100.0,9500.0,Yes,24300.0,800.0,757200.0,392100.0,Vehicle EMI,1273000.0,27,Not_Eligible,16077.6
48.0,Male,Married,Professional,61100.0,Government,0.5,Large Indian,Family,0.0,4,3,6400.0,20900.0,6300.0,15000.0,3700.0,No,0.0,776.0,369500.0,187400.0,Home Appliances EMI,33000.0,23,Eligible,5808.0
38.0,Male,Married,Post Graduate,88600.0,Private,5.6,MNC,Rented,17200.0,3,2,14400.0,9100.0,12500.0,16100.0,10000.0,Yes,11300.0,672.0,156200.0,66100.0,Home Appliances EMI,45000.0,23,Not_Eligible,500.0
27.0,Male,Single,High School,35500.0,Private,0.9,MNC,Rented,8900.0,2,1,0.0,0.0,2900.0,10500.0,4500.0,No,0.0,686.0,256900.0,106700.0,Education EMI,372000.0,22,Not_Eligible,3828.0
58.0,Female,Married,Graduate,16800.0,Private,14.1,Startup,Family,0.0,2,1,0.0,0.0,2100.0,2900.0,2500.0,No,0.0,658.0,77700.0,15600.0,Personal Loan EMI,406000.0,37,Not_Eligible,4650.0
38.0,Female,Married,Post Graduate,92300.0,Government,15.3,Mid-size,Own,0.0,3,2,0.0,18500.0,5800.0,14100.0,13600.0,Yes,18000.0,834.0,478200.0,219900.0,Personal Loan EMI,279000.0,25,Not_Eligible,10302.6
38.0,Female,Married,Post Graduate,30300.0,Private,2.7,MNC,Rented,10100.0,4,3,9600.0,0.0,2800.0,5000.0,4300.0,Yes,9000.0,532.0,208000.0,61800.0,Education EMI,396000.0,11,Not_Eligible,500.0
38.0,Male,Married,Graduate,36700.0,Private,15.3,Mid-size,Own,0.0,3,2,4000.0,0.0,4000.0,6700.0,5400.0,Yes,8800.0,595.0,185400.0,71000.0,Personal Loan EMI,386000.0,48,Not_Eligible,2184.0
38.0,Male,Married,Graduate,85600.0,Private,3.3,Large Indian,Family,0.0,3,2,2500.0,0.0,7700.0,20800.0,16800.0,Yes,17200.0,692.0,391900.0,154300.0,Vehicle EMI,722000.0,79,Not_Eligible,7210.0
38.0,Female,Married,Graduate,109400.0,Private,6.8,Large Indian,Own,0.0,3,2,0.0,0.0,12000.0,22100.0,7600.0,No,0.0,695.0,80000.0,29900.0,Vehicle EMI,542000.0,62,Eligible,27080.0
58.0,Female,Married,Graduate,25300.0,Private,6.5,MNC,Own,0.0,3,2,0.0,19200.0,1900.0,5300.0,4200.0,Yes,5100.0,619.0,54400.0,17300.0,Education EMI,192000.0,8,Not_Eligible,500.0
27.0,Female,Married,High School,28200.0,Private,1.7,Mid-size,Family,0.0,2,1,0.0,0.0,1900.0,6200.0,2800.0,No,0.0,684.0,108400.0,60500.0,Vehicle EMI,267000.0,19,Not_Eligible,8650.0
38.0,Male,Married,Graduate,57200.0,Private,12.3,MNC,Rented,19500.0,3,2,0.0,0.0,3000.0,13100.0,5900.0,No,0.0,709.0,40400.0,23200.0,Vehicle EMI,358000.0,22,Not_Eligible,6280.0
48.0,Female,Married,Graduate,70100.0,Private,20.6,Mid-size,Rented,23400.0,4,3,3900.0,0.0,5300.0,19900.0,5000.0,No,0.0,769.0,495100.0,152000.0,Education EMI,107000.0,8,Not_Eligible,8316.0
38.0,Female,Single,Graduate,18000.0,Private,0.7,Mid-size,Own,0.0,1,0,0.0,0.0,2000.0,3200.0,3200.0,No,0.0,678.0,47900.0,14000.0,Education EMI,450000.0,18,Not_Eligible,3840.0
32.0,Male,Married,Post Graduate,37000.0,Self-employed,2.0,Mid-size,Own,0.0,3,2,0.0,0.0,2700.0,7600.0,2400.0,No,0.0,751.0,227500.0,66500.0,E-commerce Shopping EMI,112000.0,21,Eligible,14434.2
38.0,Male,Married,Post Graduate,71600.0,Self-employed,1.0,MNC,Family,0.0,4,3,14400.0,13500.0,5800.0,17200.0,5900.0,Yes,13900.0,634.0,202300.0,42900.0,Personal Loan EMI,468000.0,27,Not_Eligible,500.0
32.0,Male,Single,High School,24800.0,Private,3.4,Large Indian,Family,0.0,3,2,9700.0,0.0,2200.0,4200.0,2400.0,Yes,2800.0,611.0,150200.0,51300.0,Vehicle EMI,1462000.0,13,Not_Eligible,1078.0
32.0,Male,Single,Graduate,113400.0,Private,2.1,MNC,Own,0.0,1,0,0.0,0.0,7000.0,27700.0,8100.0,No,0.0,742.0,257300.0,84700.0,Vehicle EMI,1462000.0,84,Eligible,35300.0
27.0,Female,Single,High School,22100.0,Private,4.3,Startup,Rented,6300.0,1,0,0.0,0.0,1400.0,4700.0,3600.0,Yes,2800.0,628.0,41900.0,24900.0,Personal Loan EMI,686000.0,40,Not_Eligible,739.2
58.0,Female,Married,Professional,73200.0,Self-employed,15.2,Mid-size,Family,0.0,3,2,8400.0,13400.0,5500.0,20900.0,3900.0,No,0.0,711.0,506200.0,157000.0,Home Appliances EMI,164000.0,7,Not_Eligible,10444.5
58.0,Male,Married,High School,65900.0,Private,6.1,Large Indian,Family,0.0,2,1,4700.0,0.0,4900.0,13700.0,4600.0,Yes,16300.0,722.0,201800.0,103700.0,Personal Loan EMI,784000.0,16,Not_Eligible,7595.0
38.0,Male,Married,Post Graduate,57600.0,Self-employed,3.7,Mid-size,Rented,11900.0,3,2,6100.0,0.0,3200.0,11500.0,4100.0,No,0.0,643.0,186400.0,90800.0,Personal Loan EMI,298000.0,39,Not_Eligible,7488.0
27.0,Male,Married,Graduate,42900.0,Self-employed,0.9,Mid-size,Rented,10300.0,4,3,14500.0,0.0,3000.0,9200.0,3200.0,No,0.0,667.0,117200.0,56400.0,Home Appliances EMI,85000.0,30,Not_Eligible,1215.0
32.0,Male,Single,High School,33200.0,Private,5.3,Large Indian,Own,0.0,2,1,0.0,14600.0,1900.0,8100.0,5100.0,No,0.0,655.0,223100.0,45100.0,Home Appliances EMI,267000.0,34,Not_Eligible,1925.0
27.0,Female,Single,Post Graduate,45500.0,Private,0.5,Large Indian,Rented,13600.0,1,0,0.0,0.0,4000.0,12900.0,3300.0,Yes,7000.0,529.0,342600.0,137300.0,Personal Loan EMI,963000.0,18,Not_Eligible,723.8
38.0,Female,Married,Graduate,37600.0,Government,5.8,MNC,Rented,11400.0,5,4,11100.0,0.0,2700.0,10800.0,4200.0,No,0.0,765.0,264100.0,79900.0,Home Appliances EMI,87000.0,31,Not_Eligible,500.0
32.0,Male,Married,Graduate,31700.0,Private,3.4,Large Indian,Family,0.0,3,2,2200.0,23400.0,3500.0,6000.0,3100.0,No,0.0,669.0,244500.0,130400.0,Vehicle EMI,362000.0,61,Not_Eligible,500.0
48.0,Male,Married,Professional,36500.0,Private,20.6,Mid-size,Own,0.0,3,2,14900.0,19200.0,4300.0,6200.0,5000.0,Yes,6500.0,645.0,162600.0,83300.0,E-commerce Shopping EMI,29000.0,15,Not_Eligible,500.0
32.0,Male,Married,Graduate,40000.0,Private,8.5,Large Indian,Own,0.0,4,3,10500.0,0.0,5400.0,11900.0,7500.0,No,0.0,665.0,115400.0,39800.0,Home Appliances EMI,41000.0,19,Not_Eligible,2350.0
58.0,Female,Married,Graduate,57100.0,Private,10.8,Large Indian,Rented,13600.0,4,3,12800.0,14200.0,4100.0,15000.0,8900.0,No,0.0,787.0,441500.0,214600.0,Home Appliances EMI,107000.0,23,Not_Eligible,500.0
32.0,Male,Married,Professional,58300.0,Private,3.8,Large Indian,Rented,19900.0,3,2,9900.0,0.0,4900.0,10900.0,3700.0,No,0.0,776.0,288000.0,167200.0,Personal Loan EMI,800000.0,17,Not_Eligible,5400.0
38.0,Female,Married,Professional,53600.0,Private,3.9,Large Indian,Rented,18300.0,3,2,0.0,0.0,7700.0,13400.0,2800.0,No,0.0,601.0,176600.0,48600.0,Vehicle EMI,338000.0,14,Not_Eligible,4560.0
32.0,Male,Married,Post Graduate,61800.0,Private,6.6,MNC,Own,0.0,4,3,0.0,0.0,3300.0,11000.0,6700.0,Yes,13400.0,568.0,388800.0,215300.0,Home Appliances EMI,206000.0,24,Not_Eligible,8439.2
27.0,Male,Single,Graduate,44900.0,Private,0.8,Mid-size,Rented,14700.0,2,1,2900.0,0.0,2700.0,11800.0,3600.0,Yes,10800.0,598.0,322700.0,170400.0,Personal Loan EMI,788000.0,55,Not_Eligible,500.0
58.0,Male,Married,Post Graduate,62600.0,Government,10.8,Mid-size,Rented,11700.0,2,1,0.0,23100.0,8300.0,13800.0,10800.0,No,0.0,777.0,417100.0,199700.0,Home Appliances EMI,255000.0,11,Not_Eligible,500.0
27.0,Female,Married,Professional,91400.0,Self-employed,1.7,MNC,Own,0.0,2,1,10700.0,0.0,12000.0,21800.0,5400.0,Yes,22200.0,589.0,105000.0,62100.0,E-commerce Shopping EMI,12000.0,22,Eligible,3890.88
38.0,Male,Married,High School,38300.0,Private,1.1,Startup,Rented,8300.0,4,3,5100.0,0.0,2100.0,6400.0,5400.0,Yes,10900.0,597.0,249700.0,146800.0,Home Appliances EMI,242000.0,14,Not_Eligible,500.0
58.0,Male,Married,High School,11190.0,Private,14.6,Large Indian,Family,0.0,4,3,10400.0,20700.0,8000.0,16900.0,12900.0,No,0.0,744.0,364200.0,180500.0,Education EMI,247000.0,11,Not_Eligible,6000.0
48.0,Female,Married,Post Graduate,70000.0,Private,14.8,Startup,Family,,4,3,0.0,0.0,4600.0,16600.0,9400.0,No,0.0,741.0,429100.0,157000.0,Personal Loan EMI,949000.0,44,Not_Eligible,21670.0
48.0,Male,Married,Graduate,77500.0,Private,9.2,Large Indian,Rented,22400.0,3,2,8600.0,14200.0,5100.0,11600.0,6000.0,No,0.0,722.0,342000.0,88300.0,E-commerce Shopping EMI,11000.0,10,Eligible,4800.0
58.0,Male,Single,Professional,54800.0,Private,6.9,Startup,Rented,14200.0,3,2,0.0,0.0,5400.0,13800.0,4400.0,Yes,13400.0,673.0,331100.0,185900.0,Personal Loan EMI,490000.0,59,Not_Eligible,1386.0
58.0,Male,Married,Post Graduate,102900.0,Self-employed,23.4,Startup,Family,0.0,3,2,0.0,0.0,10600.0,20700.0,11300.0,Yes,20000.0,663.0,495600.0,141200.0,Home Appliances EMI,228000.0,30,Eligible,12694.5
58.0,Female,Married,Post Graduate,67000.0,Private,4.7,Mid-size,Rented,13800.0,2,1,0.0,0.0,5200.0,14700.0,8400.0,No,0.0,765.0,333000.0,155300.0,Personal Loan EMI,163000.0,17,Eligible,14940.0
48.0,Male,Married,High School,42800.0,Self-employed,26.0,Mid-size,Rented,8200.0,3,2,8700.0,0.0,4500.0,8100.0,4700.0,Yes,7500.0,573.0,250200.0,106400.0,E-commerce Shopping EMI,124000.0,23,Not_Eligible,500.0
27.0,Male,Single,High School,53900.0,Private,3.1,Mid-size,Family,0.0,1,0,0.0,0.0,7400.0,14600.0,10700.0,No,0.0,682.0,122400.0,58300.0,Vehicle EMI,1139000.0,76,Not_Eligible,10600.0
58.0,Male,Married,Graduate,72300.0,Private,8.6,Large Indian,Family,0.0,4,3,0.0,0.0,7700.0,15900.0,8800.0,No,0.0,688.0,556500.0,173500.0,Education EMI,455000.0,27,High_Risk,21945.0
58.0,Female,Married,High School,34000.0,Private,4.0,Mid-size,Family,0.0,3,2,8800.0,0.0,4100.0,9700.0,4100.0,No,0.0,649.0,90100.0,45000.0,E-commerce Shopping EMI,35000.0,10,Not_Eligible,2920.0
48.0,Male,Married,Graduate,74200.0,Private,4.8,Mid-size,Rented,24600.0,3,2,2200.0,0.0,8800.0,15500.0,8000.0,Yes,11700.0,769.0,486100.0,127800.0,E-commerce Shopping EMI,49000.0,23,Not_Eligible,1570.8
27.0,Male,Single,Graduate,53100.0,Private,2.3,Mid-size,Rented,16300.0,1,0,0.0,0.0,7500.0,14000.0,8600.0,No,0.0,766.0,321600.0,184100.0,E-commerce Shopping EMI,76000.0,20,High_Risk,4422.0
58.0,Female,Married,High School,21200.0,Government,20.5,Mid-size,Family,0.0,3,2,0.0,0.0,1700.0,3800.0,2000.0,Yes,5100.0,801.0,131200.0,27700.0,Vehicle EMI,295000.0,13,Not_Eligible,4370.52
32.0,Female,Married,Post Graduate,19500.0,Government,0.5,MNC,Own,0.0,2,1,8400.0,0.0,2200.0,4600.0,1700.0,Yes,3700.0,700.0,116500.0,69900.0,Vehicle EMI,902000.0,54,Not_Eligible,500.0
58.0,Male,Married,Graduate,29200.0,Private,27.9,Mid-size,Own,0.0,5,4,0.0,0.0,3400.0,5400.0,5400.0,Yes,7100.0,712.0,40200.0,11000.0,Personal Loan EMI,463000.0,12,Not_Eligible,2212.0
32.0,Male,Married,Graduate,85500.0,Private,10.0,MNC,Rented,25200.0,4,3,3700.0,0.0,7100.0,22100.0,5500.0,Yes,9400.0,699.0,553400.0,180700.0,Personal Loan EMI,593000.0,59,Not_Eligible,4812.5
38.0,Female,Married,Professional,99600.0,Private,9.9,Small,Own,0.0,4,3,8200.0,20700.0,5900.0,26000.0,17200.0,Yes,26600.0,698.0,340400.0,,Vehicle EMI,845000.0,59,Not_Eligible,500.0
38.0,Female,Married,Graduate,25300.0,Private,9.9,Large Indian,Own,0.0,2,1,0.0,0.0,3000.0,4000.0,4400.0,Yes,3700.0,719.0,199200.0,76700.0,Vehicle EMI,613000.0,57,Not_Eligible,3927.0
38.0,Female,Married,Graduate,36600.0,Private,5.8,Startup,Family,0.0,4,3,0.0,0.0,3600.0,7300.0,3600.0,No,0.0,672.0,127400.0,66700.0,Vehicle EMI,787000.0,57,Not_Eligible,11050.0
27.0,Female,Single,Post Graduate,82300.0,Government,0.5,MNC,Family,0.0,2,1,11100.0,0.0,4800.0,15600.0,14900.0,No,0.0,773.0,405300.0,121700.0,Education EMI,217000.0,38,Eligible,21540.0
38.0,Female,Single,Post Graduate,41200.0,Private,0.7,Large Indian,Family,0.0,3,2,0.0,0.0,3100.0,6700.0,2900.0,No,0.0,736.0,36700.0,21500.0,Personal Loan EMI,393000.0,52,Not_Eligible,9120.0
27.0,Male,Single,Graduate,15000.0,Private,2.1,Large Indian,Family,0.0,1,0,0.0,0.0,1400.0,2600.0,2400.0,No,0.0,786.0,38700.0,17400.0,Home Appliances EMI,137000.0,24,Not_Eligible,5160.0
48.0,Male,Married,Professional,93600.0,Government,5.1,MNC,Family,0.0,4,3,7400.0,0.0,11400.0,26600.0,8500.0,Yes,27700.0,708.0,554000.0,296300.0,Vehicle EMI,1257000.0,79,Not_Eligible,4620.0
48.0,Female,Married,Graduate,73700.0,Private,1.1,Large Indian,Rented,15300.0,5,4,12300.0,0.0,3800.0,11400.0,6600.0,No,0.0,670.0,449400.0,114400.0,Vehicle EMI,97000.0,72,Eligible,13365.0
58.0,Male,Married,Graduate,36100.0,Self-employed,6.8,Large Indian,Family,0.0,4,3,0.0,5300.0,4800.0,6700.0,4800.0,No,0.0,794.0,30100.0,6400.0,Personal Loan EMI,643000.0,51,Not_Eligible,6264.0
32.0,Male,Married,Graduate,66200.0,Government,1.4,MNC,Rented,13400.0,3,2,3900.0,0.0,4400.0,16000.0,12400.0,No,0.0,758.0,55100.0,11600.0,Home Appliances EMI,137000.0,19,Not_Eligible,7728.0
58.0,Male,Married,Graduate,15000.0,Private,3.4,Large Indian,Rented,3300.0,3,2,0.0,0.0,1600.0,4400.0,1800.0,Yes,3200.0,695.0,62900.0,30500.0,Home Appliances EMI,86000.0,36,Not_Eligible,500.0
32.0,Female,Married,Post Graduate,98700.0,Government,7.5,MNC,Own,0.0,3,2,9900.0,0.0,6000.0,15600.0,17300.0,No,0.0,850.0,258700.0,78300.0,E-commerce Shopping EMI,174000.0,4,Not_Eligible,32934.0
32.0,Male,Married,Graduate,65400.0,Private,1.4,Mid-size,Family,0.0,4,3,0.0,14400.0,3400.0,16600.0,11100.0,Yes,12600.0,685.0,398100.0,208500.0,Vehicle EMI,1015000.0,76,Not_Eligible,2810.5
48.0,Male,Married,Graduate,59400.0,Government,19.4,Mid-size,Own,0.0,2,1,0.0,24900.0,4800.0,9600.0,9300.0,No,0.0,782.0,472800.0,196800.0,Personal Loan EMI,610000.0,33,Not_Eligible,7840.8
27.0,Female,Single,Post Graduate,109400.0,Private,0.7,MNC,Rented,17400.0,2,1,10400.0,8200.0,16100.0,26500.0,20800.0,Yes,31700.0,640.0,141700.0,45700.0,E-commerce Shopping EMI,164000.0,9,Not_Eligible,500.0
27.0,Male,Single,High School,51400.0,Private,1.2,Large Indian,Own,0.0,1,0,0.0,0.0,4500.0,10000.0,7800.0,No,0.0,788.0,361700.0,181000.0,Vehicle EMI,1085000.0,50,Not_Eligible,19206.0
58.0,Female,Married,Graduate,70900.0,Private,18.2,Startup,Family,0.0,3,2,11800.0,0.0,4500.0,17800.0,12200.0,Yes,17900.0,634.0,44900.0,21600.0,Vehicle EMI,722000.0,56,Not_Eligible,1500.8
58.0,Male,Married,Post Graduate,96200.0,Self-employed,15.2,Large Indian,Rented,21000.0,4,3,3900.0,0.0,13600.0,21200.0,15900.0,No,0.0,745.0,108000.0,46400.0,Vehicle EMI,1171000.0,30,Not_Eligible,7416.0
27.0,Male,Married,Post Graduate,51600.0,Private,0.5,Large Indian,Rented,16200.0,2,1,0.0,0.0,4000.0,12000.0,8900.0,No,0.0,740.0,138100.0,62700.0,Personal Loan EMI,389000.0,41,Not_Eligible,4200.0
38.0,Female,Married,Graduate,63600.0,Private,0.7,Large Indian,Rented,10600.0,2,1,9400.0,0.0,4700.0,15300.0,4100.0,Yes,8900.0,602.0,402800.0,121600.0,Education EMI,302000.0,34,Not_Eligible,2611.84
48.0,Male,Married,Graduate,33500.0,Private,13.6,Mid-size,Own,0.0,3,2,5500.0,0.0,3800.0,10000.0,5900.0,No,0.0,761.0,87300.0,40600.0,E-commerce Shopping EMI,14000.0,11,Eligible,4980.0
32.0,Female,Married,Graduate,52800.0,Government,1.7,Large Indian,Rented,9300.0,4,3,0.0,0.0,6000.0,13400.0,3300.0,No,0.0,705.0,335000.0,93900.0,Education EMI,284000.0,31,High_Risk,11440.0
48.0,Female,Married,High School,19200.0,Self-employed,2.4,Large Indian,Rented,3000.0,4,3,6000.0,0.0,1800.0,3500.0,3300.0,Yes,4500.0,603.0,104500.0,23600.0,Home Appliances EMI,216000.0,23,Not_Eligible,500.0
32.0,Male,Single,High School,12000.0,Government,3.2,MNC,Rented,2900.0,3,2,11200.0,0.0,1400.0,2700.0,2200.0,Yes,2100.0,645.0,74500.0,17500.0,Personal Loan EMI,813000.0,14,Not_Eligible,500.0
32.0,Male,Married,Professional,42600.0,Private,0.5,Large Indian,Family,0.0,3,2,0.0,11600.0,2600.0,9500.0,3600.0,No,0.0,751.0,103800.0,26400.0,Home Appliances EMI,182000.0,14,Not_Eligible,7344.0
38.0,Male,Married,Post Graduate,89900.0,Private,0.5,Mid-size,Own,0.0,2,1,12000.0,19000.0,9500.0,19200.0,13200.0,Yes,17700.0,682.0,271700.0,97200.0,E-commerce Shopping EMI,24000.0,4,Not_Eligible,500.0
48.0,Male,Married,Post Graduate,27500.0,Self-employed,1.3,MNC,Rented,7100.0,3,2,10600.0,24100.0,2800.0,7000.0,3300.0,Yes,2800.0,525.0,216200.0,68000.0,Education EMI,200000.0,35,Not_Eligible,500.0
38.0,Female,Married,Professional,30000.0,Private,0.5,Small,Own,0.0,4,3,0.0,0.0,3400.0,4700.0,2600.0,Yes,4300.0,691.0,20100.0,10400.0,E-commerce Shopping EMI,182000.0,8,Not_Eligible,3360.0
38.0,Male,Married,Post Graduate,59500.0,Government,16.0,Mid-size,Rented,14500.0,2,1,13300.0,13100.0,5000.0,10600.0,7200.0,Yes,10200.0,717.0,426100.0,102700.0,Vehicle EMI,1000000.0,81,Not_Eligible,500.0
32.0,Female,Married,Post Graduate,23400.0,Private,1.1,Mid-size,Own,0.0,3,2,0.0,0.0,2500.0,6300.0,3400.0,No,0.0,712.0,32900.0,17600.0,E-commerce Shopping EMI,143000.0,12,Not_Eligible,4480.0
48.0,Male,Married,Graduate,69600.0,Private,2.2,Large Indian,Own,0.0,3,2,7600.0,8200.0,5100.0,11100.0,5200.0,No,0.0,628.0,373400.0,223400.0,Home Appliances EMI,134000.0,15,Eligible,12960.0
38.0,Male,Married,High School,33300.0,Private,0.5,MNC,Own,0.0,4,3,3700.0,0.0,3900.0,7900.0,4200.0,No,0.0,643.0,225300.0,80600.0,Home Appliances EMI,83000.0,34,Eligible,4787.2
48.0,Male,Married,Graduate,62900.0,Private,2.7,Startup,Family,0.0,5,4,0.0,0.0,6900.0,16100.0,4400.0,No,0.0,566.0,337900.0,88300.0,Personal Loan EMI,144000.0,38,Eligible,14200.0
48.0,Male,Married,Graduate,47300.0,Private,0.9,MNC,Rented,9600.0,3,2,0.0,6500.0,5400.0,11800.0,5500.0,No,0.0,566.0,372900.0,160000.0,E-commerce Shopping EMI,95000.0,4,Not_Eligible,2992.0
38.0,Female,Married,High School,63200.0,Government,2.6,Startup,Family,0.0,2,1,13000.0,0.0,6300.0,10600.0,5800.0,Yes,9500.0,821.0,82900.0,27900.0,Education EMI,417000.0,47,Not_Eligible,6048.0
27.0,Male,Single,Professional,67600.0,Private,0.8,Large Indian,Own,0.0,3,2,12500.0,0.0,7400.0,13100.0,12100.0,No,0.0,600.0,217100.0,107500.0,Vehicle EMI,452000.0,31,Not_Eligible,7200.0
32.0,Female,Married,Post Graduate,98700.0,Government,0.5,Small,Own,0.0,4,3,0.0,0.0,10900.0,24700.0,15500.0,Yes,12000.0,798.0,279700.0,143600.0,Personal Loan EMI,693000.0,33,Not_Eligible,14952.0
38.0,Male,Married,Professional,65500.0,Private,1.8,Large Indian,Own,0.0,2,1,5000.0,0.0,4200.0,17900.0,5400.0,No,0.0,611.0,339100.0,139200.0,Personal Loan EMI,146000.0,46,Eligible,13200.0
38.0,Male,Single,Graduate,51800.0,Private,10.2,Mid-size,Rented,9400.0,2,1,3100.0,20700.0,7400.0,15200.0,10300.0,No,0.0,654.0,262300.0,54400.0,E-commerce Shopping EMI,115000.0,7,Not_Eligible,500.0
32.0,Female,Married,Graduate,460112.0,Self-employed,0.5,Large Indian,Own,0.0,3,2,8600.0,0.0,6800.0,9800.0,10000.0,No,0.0,693.0,255200.0,112600.0,Education EMI,429000.0,10,Not_Eligible,9540.0
38.0,Male,Married,Graduate,20000.0,Private,0.5,Mid-size,Rented,6800.0,3,2,14300.0,0.0,1300.0,4000.0,1300.0,No,0.0,658.0,80100.0,34100.0,Education EMI,82000.0,15,Not_Eligible,500.0
48.0,Male,Married,Graduate,30900.0,Private,14.9,Mid-size,Own,0.0,4,3,0.0,0.0,4500.0,4700.0,4300.0,No,0.0,763.0,86700.0,18000.0,Education EMI,104000.0,26,Eligible,10440.0
38.0,Male,Married,Post Graduate,142800.0,Government,16.0,MNC,Own,0.0,3,2,9900.0,15200.0,9800.0,23900.0,14900.0,Yes,30500.0,721.0,484300.0,238300.0,Personal Loan EMI,903000.0,23,Not_Eligible,14861.0
38.0,Male,Married,Professional,39000.0,Private,1.0,MNC,Own,0.0,3,2,8500.0,0.0,3800.0,7900.0,2700.0,No,0.0,775.0,256300.0,148600.0,Personal Loan EMI,384000.0,16,Not_Eligible,10626.0
27.0,Male,Married,Graduate,37200.0,Private,1.0,Mid-size,Family,0.0,2,1,14400.0,0.0,4700.0,6400.0,6200.0,No,0.0,714.0,98500.0,32900.0,Education EMI,88000.0,15,Not_Eligible,2750.0
32.0,Male,Married,Graduate,48500.0,Private,2.8,Large Indian,Rented,9500.0,3,2,9400.0,0.0,2500.0,13200.0,4500.0,Yes,11200.0,571.0,144000.0,68700.0,Education EMI,253000.0,37,Not_Eligible,500.0
58.0,Male,Married,Post Graduate,36400.0,Private,10.2,Mid-size,Own,0.0,3,2,12400.0,0.0,2800.0,8200.0,3500.0,Yes,4900.0,733.0,236000.0,122400.0,E-commerce Shopping EMI,194000.0,17,Not_Eligible,1771.0
32.0,Male,Single,Post Graduate,25100.0,Government,2.1,Startup,Own,0.0,3,2,0.0,12500.0,3600.0,4500.0,1800.0,No,0.0,816.0,89200.0,26500.0,Personal Loan EMI,181000.0,22,Not_Eligible,1620.0
38.0,Male,Married,Post Graduate,104800.0,Government,4.9,Startup,Family,0.0,3,2,0.0,14400.0,12400.0,30000.0,7100.0,No,0.0,797.0,295900.0,152400.0,Education EMI,471000.0,35,Eligible,26994.0
38.0,Male,Married,Graduate,70900.0,Government,0.5,MNC,Own,0.0,3,2,6300.0,0.0,10600.0,14100.0,5100.0,No,0.0,769.0,415600.0,194200.0,Education EMI,261000.0,40,Eligible,20880.0
27.0,Female,Single,Post Graduate,60700.0,Government,0.9,Large Indian,Family,0.0,1,0,0.0,0.0,8600.0,12400.0,5200.0,No,0.0,703.0,131700.0,39000.0,E-commerce Shopping EMI,41000.0,11,Eligible,17250.0
27.0,Male,Single,Post Graduate,53700.0,Self-employed,0.5,MNC,Family,0.0,3,2,6600.0,0.0,7300.0,14100.0,10000.0,No,0.0,598.0,136000.0,60200.0,E-commerce Shopping EMI,45000.0,11,Eligible,5652.0
58.0,Male,Married,High School,48200.0,Private,8.3,Large Indian,Own,0.0,4,3,7600.0,0.0,5500.0,8600.0,5600.0,No,0.0,725.0,231700.0,78900.0,Home Appliances EMI,155000.0,24,Eligible,10450.0
32.0,Male,Single,Post Graduate,35100.0,Private,0.5,Large Indian,Family,0.0,2,1,7400.0,21900.0,5200.0,8500.0,2300.0,Yes,10400.0,513.0,166000.0,72500.0,Home Appliances EMI,117000.0,32,Not_Eligible,500.0
38.0,Male,Married,Graduate,42000.0,Private,10.9,Mid-size,Family,0.0,4,3,7300.0,13100.0,3000.0,11100.0,2600.0,Yes,11000.0,721.0,56500.0,24900.0,Personal Loan EMI,547000.0,41,Not_Eligible,500.0
58.0,Male,Married,Professional,66000.0,Private,9.1,Large Indian,Rented,17400.0,4,3,4900.0,18600.0,5700.0,14700.0,12300.0,No,0.0,729.0,90200.0,34800.0,Education EMI,159000.0,7,Not_Eligible,500.0
32.0,Male,Married,High School,71000.0,Government,6.4,Mid-size,Rented,20900.0,3,2,13100.0,8000.0,7800.0,16600.0,10500.0,Yes,17600.0,742.0,162200.0,48900.0,Vehicle EMI,730000.0,36,Not_Eligible,500.0
48.0,Female,Married,High School,32400.0,Private,16.1,MNC,Own,0.0,4,3,6100.0,0.0,4600.0,9200.0,1700.0,No,0.0,726.0,89700.0,32400.0,Personal Loan EMI,859000.0,46,Not_Eligible,5400.0
32.0,Male,Married,Graduate,116900.0,Private,0.5,Startup,Own,0.0,3,2,3300.0,14400.0,8400.0,25500.0,7700.0,No,0.0,809.0,423600.0,146800.0,Home Appliances EMI,236000.0,10,High_Risk,27648.0
38.0,Male,Married,Post Graduate,35300.0,Self-employed,0.5,Mid-size,Rented,10000.0,3,2,8600.0,15500.0,2300.0,7400.0,1900.0,No,0.0,629.0,227200.0,105800.0,Home Appliances EMI,278000.0,24,Not_Eligible,500.0
58.0,Male,Married,Graduate,23900.0,Private,0.5,Startup,Rented,4800.0,3,2,3000.0,7700.0,2000.0,4300.0,1800.0,Yes,5800.0,717.0,101700.0,50600.0,Vehicle EMI,639000.0,16,Not_Eligible,500.0
32.0,Male,Married,Graduate,102000.0,Private,7.3,MNC,Rented,34600.0,4,3,0.0,18200.0,15100.0,30400.0,13100.0,No,0.0,756.0,654300.0,292800.0,Education EMI,202000.0,24,Not_Eligible,500.0
38.0,Female,Married,Graduate,60800.0,Private,13.4,MNC,Family,0.0,4,3,3200.0,0.0,6100.0,17100.0,5500.0,Yes,6800.0,579.0,314900.0,78300.0,Personal Loan EMI,995000.0,22,Not_Eligible,6188.0
38.0,Male,Married,Professional,30100.0,Government,1.8,Mid-size,Family,0.0,3,2,0.0,0.0,4300.0,8600.0,4900.0,No,0.0,682.0,99100.0,48000.0,Home Appliances EMI,189000.0,7,Not_Eligible,6150.0
38.0,Male,Married,Graduate,64800.0,Private,9.9,MNC,Family,0.0,2,1,10700.0,0.0,8800.0,17600.0,9300.0,No,0.0,812.0,137100.0,,Education EMI,101000.0,25,Eligible,11040.0
38.0,Female,Married,Professional,65800.0,Private,5.8,MNC,Family,0.0,4,3,8300.0,0.0,7300.0,16400.0,8600.0,No,0.0,723.0,184900.0,107000.0,Education EMI,276000.0,46,Eligible,12600.0
38.0,Female,Married,Professional,55700.0,Private,0.9,MNC,Rented,16600.0,4,3,4800.0,14900.0,4400.0,15400.0,10300.0,Yes,8400.0,586.0,426700.0,203200.0,Personal Loan EMI,281000.0,15,Not_Eligible,500.0
48.0,Male,Married,Graduate,83400.0,Self-employed,8.2,Mid-size,Own,0.0,4,3,3000.0,0.0,7500.0,21200.0,16400.0,No,0.0,764.0,255800.0,58600.0,Personal Loan EMI,555000.0,34,Not_Eligible,19062.0
27.0,Female,Single,Graduate,47900.0,Government,1.1,Mid-size,Family,0.0,3,2,0.0,0.0,2600.0,13000.0,7900.0,No,0.0,748.0,118700.0,38300.0,Home Appliances EMI,28000.0,23,Eligible,12200.0
32.0,Male,Single,Post Graduate,40000.0,Private,5.4,Mid-size,Family,0.0,2,1,14100.0,0.0,5100.0,8000.0,3200.0,Yes,9600.0,735.0,221400.0,59700.0,E-commerce Shopping EMI,38000.0,24,Not_Eligible,500.0
38.0,Male,Married,Post Graduate,100200.0,Self-employed,7.4,MNC,Own,0.0,3,2,0.0,10600.0,9000.0,29000.0,13500.0,No,0.0,780.0,377800.0,198000.0,Education EMI,103000.0,11,Eligible,20574.0
27.0,Male,Single,Post Graduate,55100.0,Private,0.6,Large Indian,Rented,10200.0,3,2,3400.0,0.0,5400.0,13300.0,4000.0,No,0.0,695.0,235300.0,69100.0,Personal Loan EMI,548000.0,33,Not_Eligible,7520.0
32.0,Female,Married,Graduate,409750.0,Private,4.7,Small,Rented,23700.0,3,2,0.0,0.0,7900.0,14900.0,9300.0,No,0.0,614.0,354500.0,142000.0,E-commerce Shopping EMI,196000.0,23,High_Risk,10960.0
48.0,Female,Married,Graduate,28500.0,Private,0.5,MNC,Own,0.0,5,4,0.0,21100.0,1800.0,7100.0,3600.0,No,0.0,623.0,179500.0,88500.0,Home Appliances EMI,215000.0,11,Not_Eligible,500.0
38.0,Male,Married,Graduate,75400.0,Private,5.5,Large Indian,Family,0.0,4,3,6700.0,0.0,6500.0,19800.0,11100.0,Yes,16900.0,614.0,346100.0,112300.0,Personal Loan EMI,764000.0,52,Not_Eligible,4032.0
48.0,Female,Married,Graduate,49500.0,Private,2.4,Large Indian,Rented,11800.0,2,1,10700.0,10700.0,4200.0,11900.0,7900.0,No,0.0,723.0,276100.0,105900.0,Vehicle EMI,849000.0,70,Not_Eligible,500.0
38.0,Female,Married,Graduate,109400.0,Private,0.5,Startup,Own,0.0,3,2,10600.0,13400.0,5900.0,32700.0,9900.0,Yes,11100.0,539.0,853200.0,374700.0,Home Appliances EMI,275000.0,24,Not_Eligible,3973.2
48.0,Male,Married,Graduate,44800.0,Private,9.5,Large Indian,Family,0.0,5,4,9000.0,18800.0,6100.0,9400.0,7800.0,Yes,12800.0,680.0,207100.0,101300.0,Education EMI,198000.0,23,Not_Eligible,500.0
32.0,Female,Married,Graduate,37600.0,Private,3.8,MNC,Own,0.0,3,2,0.0,0.0,3300.0,9400.0,2100.0,No,0.0,637.0,54600.0,22400.0,Education EMI,489000.0,37,Not_Eligible,7296.0
48.0,Male,Married,Post Graduate,63600.0,Private,14.3,MNC,Family,0.0,4,3,3700.0,0.0,3900.0,12700.0,4500.0,No,0.0,816.0,450600.0,212900.0,E-commerce Shopping EMI,129000.0,8,Eligible,25608.0
48.0,Female,Married,Professional,102400.0,Private,3.2,Mid-size,Family,0.0,4,3,14600.0,22600.0,15100.0,24900.0,11700.0,No,0.0,663.0,,217600.0,Home Appliances EMI,245000.0,12,Not_Eligible,7425.0
38.0,Female,Married,Professional,52100.0,Private,3.9,MNC,Family,0.0,2,1,13100.0,0.0,3100.0,14400.0,9700.0,No,0.0,683.0,57200.0,22000.0,Education EMI,383000.0,48,Not_Eligible,4720.0
58.0,Male,Married,Graduate,18000.0,Private,28.7,Small,Family,0.0,2,1,4800.0,0.0,1200.0,3200.0,3600.0,No,0.0,748.0,133400.0,,E-commerce Shopping EMI,107000.0,6,Not_Eligible,2860.0
32.0,Male,Married,Graduate,53400.0,Private,1.1,Startup,Family,0.0,5,4,9500.0,0.0,4000.0,14500.0,5700.0,No,0.0,658.0,224400.0,70600.0,E-commerce Shopping EMI,103000.0,13,High_Risk,9850.0
48.0,Male,Married,Post Graduate,66700.0,Private,0.5,Mid-size,Family,,3,2,8400.0,0.0,10000.0,12100.0,4000.0,No,0.0,674.0,145000.0,54100.0,Education EMI,52000.0,36,Eligible,12880.0
38.0,Female,Married,Graduate,33500.0,Private,8.5,Small,Family,0.0,3,2,3400.0,12100.0,1700.0,8000.0,2800.0,No,0.0,704.0,109300.0,24000.0,Home Appliances EMI,61000.0,25,Not_Eligible,2750.0
32.0,Male,Single,Graduate,68600.0,Government,10.0,Mid-size,Family,0.0,1,0,0.0,0.0,6200.0,19900.0,11500.0,Yes,19900.0,714.0,188000.0,72200.0,Vehicle EMI,1318000.0,36,Not_Eligible,4273.5
38.0,Male,Single,Graduate,20000.0,Private,0.5,Startup,Rented,6700.0,1,0,0.0,0.0,1100.0,5600.0,3600.0,Yes,4000.0,595.0,39700.0,12300.0,Education EMI,344000.0,11,Not_Eligible,500.0
58.0,Female,Married,Graduate,5158.0,Private,5.0,Mid-size,Rented,5000.0,2,1,11100.0,23100.0,1900.0,5700.0,1100.0,No,0.0,649.0,135700.0,56400.0,Vehicle EMI,179000.0,18,Not_Eligible,500.0
58.0,Male,Married,Post Graduate,94400.0,Private,1.5,MNC,Own,0.0,3,2,7000.0,0.0,8100.0,27700.0,10600.0,Yes,24200.0,786.0,517200.0,219800.0,Vehicle EMI,1040000.0,67,Not_Eligible,7056.0
32.0,Male,Married,Post Graduate,49600.0,Private,0.5,Startup,Own,0.0,4,3,8200.0,0.0,6900.0,12700.0,8200.0,No,0.0,606.0,155000.0,89000.0,Vehicle EMI,248000.0,13,Not_Eligible,4352.0
27.0,Female,Single,Graduate,61400.0,Private,0.6,Startup,Own,0.0,1,0,0.0,0.0,3600.0,15100.0,5900.0,No,0.0,624.0,357400.0,165500.0,Home Appliances EMI,220000.0,34,Eligible,11776.0
32.0,Male,Married,Graduate,18000.0,Private,0.5,MNC,Rented,5300.0,3,2,5500.0,0.0,1400.0,5000.0,1500.0,No,0.0,722.0,26600.0,11200.0,Personal Loan EMI,120000.0,39,Not_Eligible,500.0
32.0,Female,Single,High School,45400.0,Government,2.5,Startup,Rented,8000.0,2,1,9200.0,0.0,6400.0,12200.0,6100.0,Yes,8300.0,779.0,147600.0,69100.0,Personal Loan EMI,158000.0,19,Not_Eligible,500.0
38.0,Male,Married,Graduate,33600.0,Private,1.6,Large Indian,Rented,8300.0,3,2,8300.0,0.0,1800.0,7600.0,2000.0,No,0.0,590.0,183600.0,43100.0,Personal Loan EMI,369000.0,25,Not_Eligible,2240.0
27.0,Male,Single,Graduate,19500.0,Private,0.5,Mid-size,Rented,5200.0,2,1,3500.0,0.0,2600.0,4600.0,2200.0,Yes,2200.0,627.0,24100.0,12700.0,Vehicle EMI,130000.0,48,Not_Eligible,500.0
48.0,Female,Married,Graduate,27700.0,Government,1.3,MNC,Rented,6500.0,4,3,13200.0,6900.0,3900.0,7900.0,3300.0,No,0.0,698.0,209300.0,106700.0,Vehicle EMI,867000.0,14,Not_Eligible,500.0
32.0,Male,Single,Graduate,38700.0,Private,0.5,MNC,Rented,12300.0,1,0,0.0,0.0,5100.0,6900.0,6100.0,Yes,10000.0,655.0,24300.0,5100.0,Personal Loan EMI,881000.0,51,Not_Eligible,500.0
32.0,Female,Married,Post Graduate,64300.0,Private,3.2,MNC,Rented,11600.0,3,2,3000.0,0.0,6500.0,11200.0,7800.0,No,0.0,686.0,303400.0,144100.0,Vehicle EMI,94000.0,38,Eligible,12100.0
48.0,Male,Married,Graduate,42400.0,Private,4.8,Startup,Rented,14300.0,3,2,0.0,0.0,5000.0,8400.0,5700.0,No,0.0,664.0,151900.0,64000.0,E-commerce Shopping EMI,133000.0,21,Not_Eligible,4500.0
48.0,Female,Married,Graduate,57200.0,Government,6.5,MNC,Family,0.0,3,2,4800.0,13000.0,4000.0,16000.0,10700.0,Yes,15400.0,717.0,165000.0,,Personal Loan EMI,560000.0,49,Not_Eligible,500.0
32.0,Male,Married,Graduate,37400.0,Private,4.0,MNC,Family,0.0,3,2,3000.0,0.0,4200.0,9000.0,6800.0,Yes,6800.0,720.0,197700.0,67000.0,Personal Loan EMI,461000.0,24,Not_Eligible,2660.0
32.0,Male,Married,Post Graduate,65400.0,Private,9.0,Small,Own,0.0,2,1,13400.0,20000.0,7000.0,19400.0,9900.0,No,0.0,674.0,430500.0,207200.0,Personal Loan EMI,465000.0,42,Not_Eligible,500.0
32.0,Male,Married,Post Graduate,73900.0,Private,0.5,Small,Rented,21400.0,4,3,0.0,16000.0,5400.0,14800.0,6500.0,Yes,15100.0,540.0,187900.0,108200.0,E-commerce Shopping EMI,82000.0,17,Not_Eligible,500.0
32.0,Male,Married,Graduate,70200.0,Self-employed,10.0,Large Indian,Own,0.0,4,3,7300.0,10200.0,10300.0,15800.0,10600.0,No,0.0,780.0,52800.0,21400.0,Home Appliances EMI,240000.0,27,Not_Eligible,6912.0
58.0,Male,Married,Graduate,36100.0,Government,17.7,Mid-size,Rented,8600.0,4,3,0.0,20700.0,3100.0,7300.0,3800.0,Yes,7900.0,688.0,37000.0,19000.0,E-commerce Shopping EMI,157000.0,14,Not_Eligible,500.0
27.0,Male,Married,Graduate,50100.0,Private,1.1,Startup,Own,0.0,2,1,7900.0,0.0,7200.0,13800.0,5400.0,Yes,14200.0,571.0,170100.0,86400.0,E-commerce Shopping EMI,198000.0,24,Not_Eligible,500.0
38.0,Male,Married,Post Graduate,86100.0,Private,3.4,Mid-size,Own,0.0,3,2,11700.0,0.0,5400.0,13800.0,6700.0,No,0.0,679.0,377000.0,123200.0,Home Appliances EMI,142000.0,20,Eligible,24250.0
58.0,Female,Married,Graduate,84300.0,Private,36.0,Large Indian,Family,0.0,3,2,13000.0,0.0,4800.0,16700.0,4900.0,No,0.0,617.0,172100.0,52500.0,Vehicle EMI,1026000.0,39,Not_Eligible,17960.0
38.0,Female,Married,Graduate,68200.0,Private,3.6,Small,Rented,23000.0,4,3,11100.0,0.0,5700.0,19900.0,6100.0,Yes,18300.0,716.0,254100.0,121000.0,Home Appliances EMI,127000.0,26,Not_Eligible,500.0
38.0,Male,Married,Graduate,72800.0,Private,0.5,Startup,Family,0.0,3,2,6700.0,0.0,5200.0,15700.0,5500.0,Yes,8600.0,685.0,538800.0,285900.0,Personal Loan EMI,698000.0,19,Not_Eligible,9578.8
32.0,Female,Married,Graduate,54900.0,Private,1.1,Mid-size,Family,0.0,4,3,0.0,0.0,7400.0,16300.0,3000.0,Yes,8300.0,761.0,143800.0,60800.0,E-commerce Shopping EMI,105000.0,8,Not_Eligible,8358.0
58.0,Female,Married,High School,321064.0,Private,9.4,Large Indian,Rented,3100.0,3,2,0.0,0.0,2400.0,5400.0,2200.0,Yes,2600.0,704.0,106700.0,38800.0,Education EMI,422000.0,21,Not_Eligible,1435.0
38.0,Female,Married,Graduate,35000.0,Private,10.2,Mid-size,Own,0.0,4,3,0.0,0.0,3000.0,6500.0,3100.0,No,0.0,757.0,97100.0,30800.0,E-commerce Shopping EMI,140000.0,23,Eligible,13440.0
27.0,Female,Single,High School,23500.0,Private,1.5,Mid-size,Own,0.0,2,1,0.0,15400.0,2800.0,5800.0,3700.0,No,0.0,581.0,152400.0,69400.0,E-commerce Shopping EMI,115000.0,20,Not_Eligible,500.0
32.0,Male,Single,Graduate,19200.0,Private,0.5,Large Indian,Rented,4600.0,2,1,0.0,0.0,1200.0,4900.0,2800.0,No,0.0,630.0,123400.0,61100.0,Vehicle EMI,207000.0,60,Not_Eligible,2006.4
48.0,Female,Single,Post Graduate,85500.0,Private,5.4,Large Indian,Own,0.0,1,0,0.0,0.0,6900.0,13600.0,13800.0,Yes,18700.0,698.0,109600.0,65500.0,Education EMI,288000.0,6,Not_Eligible,9100.0
48.0,Female,Married,Post Graduate,47500.0,Private,9.2,Large Indian,Own,0.0,4,3,12900.0,0.0,4500.0,10700.0,7800.0,No,0.0,701.0,158500.0,75600.0,Home Appliances EMI,65000.0,32,Eligible,5800.0
27.0,Male,Married,Graduate,41200.0,Government,2.8,Large Indian,Own,0.0,4,3,0.0,0.0,2900.0,8500.0,5800.0,No,0.0,776.0,86700.0,19800.0,Home Appliances EMI,227000.0,32,Eligible,14400.0
58.0,Male,Married,Graduate,66900.0,Self-employed,15.1,MNC,Own,0.0,5,4,10400.0,0.0,5700.0,11900.0,13300.0,Yes,9600.0,718.0,61800.0,26900.0,E-commerce Shopping EMI,135000.0,24,Not_Eligible,4032.0
32.0,Female,Single,Post Graduate,56700.0,Government,10.0,Large Indian,Rented,16300.0,3,2,8100.0,12900.0,7500.0,10800.0,5800.0,No,0.0,679.0,253900.0,75800.0,Vehicle EMI,655000.0,24,Not_Eligible,500.0
38.0,Female,Married,High School,28000.0,Private,3.9,MNC,Rented,5100.0,5,4,13500.0,9600.0,4000.0,6600.0,3500.0,Yes,5200.0,484.0,221800.0,108800.0,Vehicle EMI,465000.0,19,Not_Eligible,500.0
32.0,Male,Married,Graduate,38000.0,Private,1.6,Large Indian,Family,0.0,3,2,0.0,0.0,4300.0,7600.0,5800.0,No,0.0,718.0,169000.0,98000.0,Education EMI,408000.0,29,Not_Eligible,10150.0
48.0,Male,Married,Post Graduate,80500.0,Self-employed,4.5,Startup,Family,0.0,3,2,6200.0,0.0,9500.0,15400.0,7600.0,Yes,21000.0,766.0,51500.0,24500.0,Education EMI,160000.0,20,Not_Eligible,6289.92
48.0,Female,Married,Graduate,49300.0,Self-employed,11.4,MNC,Rented,15200.0,5,4,6500.0,21000.0,3200.0,9400.0,9600.0,No,0.0,687.0,72300.0,23100.0,Vehicle EMI,1220000.0,22,Not_Eligible,500.0
38.0,Male,Married,Graduate,34500.0,Private,2.8,Mid-size,Own,0.0,2,1,8300.0,0.0,3800.0,7700.0,6300.0,No,0.0,706.0,206000.0,69500.0,Education EMI,233000.0,28,Not_Eligible,4200.0
38.0,Male,Married,Graduate,86200.0,Private,7.2,MNC,Rented,27500.0,3,2,0.0,0.0,8000.0,23400.0,9100.0,No,0.0,808.0,117100.0,61100.0,Education EMI,379000.0,21,Not_Eligible,8736.0
48.0,Female,Married,High School,20300.0,Private,2.9,Mid-size,Family,0.0,5,4,2600.0,0.0,1500.0,4400.0,2600.0,No,0.0,683.0,103900.0,53400.0,Education EMI,272000.0,23,Not_Eligible,4600.0
48.0,Female,Single,Post Graduate,64500.0,Private,10.3,Large Indian,Rented,14700.0,3,2,4500.0,0.0,4900.0,16100.0,4900.0,No,0.0,775.0,112900.0,34800.0,Home Appliances EMI,54000.0,11,Eligible,9312.0
27.0,Male,Single,Post Graduate,44300.0,Government,0.5,Mid-size,Family,0.0,1,0,0.0,0.0,5100.0,7900.0,3300.0,No,0.0,785.0,33700.0,19000.0,Education EMI,351000.0,24,Not_Eligible,13440.0
32.0,Female,Married,Graduate,56700.0,Private,2.5,MNC,Family,0.0,3,2,10600.0,0.0,8500.0,9900.0,4200.0,Yes,7700.0,667.0,136900.0,75600.0,Home Appliances EMI,140000.0,15,Not_Eligible,5530.0
58.0,Female,Married,Post Graduate,146600.0,Private,4.4,Mid-size,Family,0.0,4,3,14700.0,0.0,21800.0,35500.0,8700.0,No,0.0,732.0,1043300.0,528100.0,Home Appliances EMI,39000.0,9,Eligible,36245.0
48.0,Male,Married,High School,28600.0,Private,8.7,MNC,Rented,7000.0,3,2,0.0,0.0,2600.0,5600.0,2100.0,Yes,7400.0,750.0,92300.0,31700.0,Personal Loan EMI,892000.0,51,Not_Eligible,1638.0
48.0,Male,Married,Post Graduate,40200.0,Private,0.5,Large Indian,Rented,9700.0,4,3,0.0,0.0,3000.0,8100.0,2900.0,No,0.0,736.0,297200.0,143500.0,E-commerce Shopping EMI,123000.0,9,Not_Eligible,7260.0
38.0,Female,Married,Post Graduate,49700.0,Private,3.2,Small,Family,0.0,3,2,8400.0,0.0,3600.0,8100.0,4200.0,Yes,5700.0,664.0,324000.0,123700.0,Education EMI,304000.0,40,Not_Eligible,7584.5
38.0,Female,Married,High School,31900.0,Government,3.5,Large Indian,Rented,9900.0,4,3,0.0,22900.0,4200.0,7700.0,4600.0,No,0.0,753.0,178400.0,42900.0,Vehicle EMI,1216000.0,75,Not_Eligible,500.0
38.0,Male,Married,Graduate,29900.0,Private,16.0,Small,Own,0.0,3,2,0.0,23100.0,3600.0,5900.0,4800.0,No,0.0,715.0,199700.0,86600.0,Home Appliances EMI,254000.0,35,Not_Eligible,500.0
38.0,Female,Married,Post Graduate,105100.0,Private,5.2,MNC,Rented,34100.0,4,3,6200.0,0.0,13900.0,30700.0,10800.0,Yes,24800.0,723.0,264300.0,64200.0,Home Appliances EMI,295000.0,21,Not_Eligible,500.0
27.0,Female,Single,Post Graduate,43900.0,Private,0.5,Mid-size,Own,0.0,2,1,3900.0,0.0,4700.0,7400.0,2400.0,Yes,10700.0,616.0,105400.0,28200.0,Personal Loan EMI,988000.0,56,Not_Eligible,3315.2
32.0,Female,Married,Graduate,56000.0,Private,0.5,MNC,Own,0.0,3,2,3500.0,0.0,4500.0,15500.0,8000.0,No,0.0,778.0,401800.0,90800.0,Home Appliances EMI,23000.0,31,Eligible,12936.0
32.0,Male,Single,Professional,162400.0,Private,2.1,Mid-size,Own,0.0,1,0,0.0,0.0,21100.0,31000.0,24500.0,No,0.0,666.0,257300.0,68400.0,E-commerce Shopping EMI,95000.0,16,Eligible,34320.0
38.0,Female,Single,Post Graduate,23400.0,Private,13.0,Large Indian,Rented,4300.0,2,1,6000.0,19500.0,2100.0,4300.0,2100.0,No,0.0,,125900.0,61700.0,Personal Loan EMI,494000.0,36,Not_Eligible,500.0
48.0,Female,Married,Graduate,60700.0,Private,1.4,MNC,Rented,17600.0,4,3,0.0,0.0,6700.0,13100.0,6900.0,No,0.0,745.0,54800.0,24700.0,Education EMI,339000.0,29,Not_Eligible,6560.0
48.0,Male,Married,Graduate,108400.0,Private,8.1,MNC,Family,0.0,4,3,14100.0,13500.0,7500.0,32500.0,19800.0,Yes,23200.0,709.0,154000.0,40900.0,Home Appliances EMI,247000.0,22,Not_Eligible,500.0
48.0,Female,Married,Post Graduate,53800.0,Self-employed,10.8,Mid-size,Rented,16200.0,4,3,12600.0,13500.0,4000.0,10400.0,5200.0,Yes,7200.0,755.0,234900.0,115400.0,E-commerce Shopping EMI,138000.0,13,Not_Eligible,500.0
48.0,Male,Married,High School,52000.0,Private,12.3,Small,Family,0.0,3,2,9500.0,0.0,3000.0,15000.0,4100.0,No,0.0,623.0,257300.0,145300.0,Personal Loan EMI,810000.0,18,Not_Eligible,8160.0
38.0,Female,Married,Post Graduate,101600.0,Private,13.3,Large Indian,Rented,24400.0,3,2,7200.0,0.0,6700.0,16900.0,5500.0,No,0.0,798.0,528600.0,316300.0,Personal Loan EMI,320000.0,45,Eligible,24540.0
48.0,Female,Married,High School,58400.0,Private,12.5,MNC,Rented,10600.0,4,3,0.0,23600.0,5200.0,15200.0,9500.0,No,0.0,615.0,30300.0,11700.0,Home Appliances EMI,84000.0,24,Not_Eligible,500.0
38.0,Male,Married,Professional,52400.0,Private,9.8,Small,Rented,17600.0,5,4,0.0,0.0,4900.0,11500.0,6500.0,No,0.0,627.0,386600.0,179300.0,Personal Loan EMI,490000.0,16,Not_Eligible,5236.0
32.0,Male,Single,Graduate,60400.0,Private,1.7,MNC,Family,0.0,3,2,0.0,0.0,8700.0,12300.0,8800.0,Yes,6800.0,644.0,155800.0,55800.0,Personal Loan EMI,518000.0,45,Not_Eligible,6664.0
38.0,Male,Married,Professional,63400.0,Private,6.4,Mid-size,Family,0.0,3,2,10300.0,0.0,7400.0,12600.0,7000.0,Yes,9600.0,604.0,169700.0,100100.0,Home Appliances EMI,106000.0,35,Eligible,4620.0
58.0,Male,Married,Graduate,91500.0,Government,1.8,Large Indian,Own,0.0,2,1,12000.0,0.0,7100.0,19100.0,13000.0,Yes,24600.0,778.0,58500.0,18600.0,Personal Loan EMI,238000.0,24,Not_Eligible,5275.2
38.0,Male,Married,Post Graduate,60800.0,Private,3.9,Small,Rented,10700.0,2,1,0.0,0.0,3400.0,13300.0,8800.0,No,0.0,1200.0,352800.0,165600.0,E-commerce Shopping EMI,182000.0,17,High_Risk,12300.0
48.0,Male,Married,Professional,35300.0,Private,1.8,Small,Rented,6900.0,2,1,12700.0,9200.0,2400.0,9000.0,6200.0,No,0.0,828.0,143200.0,64900.0,Home Appliances EMI,211000.0,9,Not_Eligible,500.0
32.0,Male,Married,Post Graduate,52400.0,Self-employed,0.5,Large Indian,Family,0.0,4,3,0.0,0.0,5700.0,12100.0,3900.0,No,0.0,710.0,27300.0,9500.0,Education EMI,130000.0,24,Eligible,11052.0
58.0,Female,Married,Professional,119900.0,Private,0.5,Startup,Rented,34500.0,3,2,0.0,0.0,6900.0,32200.0,16900.0,No,0.0,675.0,509700.0,252300.0,Personal Loan EMI,407000.0,51,High_Risk,11760.0
32.0,Female,Married,Professional,78000.0,Self-employed,8.6,Small,Own,0.0,4,3,0.0,10300.0,10800.0,16200.0,7200.0,Yes,13700.0,592.0,181700.0,36600.0,E-commerce Shopping EMI,43000.0,9,Not_Eligible,4989.6
38.0,Male,Married,Post Graduate,29400.0,Government,4.0,Mid-size,Rented,5900.0,3,2,0.0,0.0,4300.0,5300.0,2300.0,No,0.0,833.0,187800.0,78000.0,Education EMI,71000.0,32,Eligible,8421.6
27.0,Male,Single,Graduate,60000.0,Self-employed,3.8,Large Indian,Family,0.0,2,1,0.0,0.0,6600.0,10800.0,5300.0,No,0.0,657.0,292700.0,159100.0,Vehicle EMI,427000.0,63,Eligible,16785.0
27.0,Male,Single,Graduate,38400.0,Private,0.6,Large Indian,Rented,6800.0,1,0,0.0,0.0,5500.0,11500.0,4300.0,No,0.0,665.0,280400.0,135200.0,Education EMI,328000.0,47,Not_Eligible,4532.0
27.0,Female,Married,Graduate,52100.0,Private,4.5,Large Indian,Own,12752.0,4,3,0.0,0.0,4600.0,14500.0,7500.0,Yes,8200.0,600.0,340200.0,165000.0,Home Appliances EMI,235000.0,26,Not_Eligible,5328.4
32.0,Male,Single,Graduate,30100.0,Private,0.5,Mid-size,Rented,6700.0,3,2,10600.0,0.0,4400.0,8700.0,4000.0,No,0.0,577.0,37000.0,17200.0,E-commerce Shopping EMI,32000.0,15,Not_Eligible,500.0
32.0,Male,Married,Graduate,41000.0,Government,10.0,Mid-size,Family,0.0,5,4,0.0,0.0,2600.0,12000.0,5500.0,Yes,5500.0,712.0,285700.0,98300.0,Personal Loan EMI,96000.0,16,Not_Eligible,6521.9
58.0,Male,Married,Graduate,94900.0,Self-employed,8.5,Startup,Rented,27400.0,4,3,8700.0,11700.0,5100.0,20700.0,18400.0,No,0.0,792.0,517100.0,223000.0,Education EMI,312000.0,25,Not_Eligible,1566.0
32.0,Female,Married,Graduate,32900.0,Private,1.6,Mid-size,Family,0.0,2,1,9700.0,6400.0,4800.0,5900.0,4900.0,No,0.0,655.0,126000.0,26400.0,Personal Loan EMI,598000.0,36,Not_Eligible,600.0
27.0,Male,Single,High School,12000.0,Government,0.5,Large Indian,Rented,3600.0,1,0,0.0,0.0,1800.0,2100.0,1100.0,No,0.0,759.0,72500.0,17200.0,Home Appliances EMI,36000.0,16,Not_Eligible,2244.0
58.0,Male,Married,High School,16100.0,Private,6.6,MNC,Rented,3400.0,4,3,0.0,21100.0,1100.0,4000.0,1900.0,Yes,4600.0,720.0,107700.0,49900.0,E-commerce Shopping EMI,160000.0,13,Not_Eligible,500.0
38.0,Male,Married,Post Graduate,55400.0,Private,0.5,Startup,Own,0.0,4,3,11100.0,0.0,8000.0,12800.0,5600.0,Yes,10400.0,650.0,111400.0,43100.0,E-commerce Shopping EMI,100000.0,17,Not_Eligible,2100.0
48.0,Male,Married,Post Graduate,76200.0,Government,26.0,Large Indian,Rented,17700.0,2,1,0.0,0.0,8600.0,20900.0,4100.0,No,0.0,1200.0,259400.0,112400.0,Education EMI,337000.0,7,Not_Eligible,16434.0
48.0,Male,Married,High School,26300.0,Private,5.1,Mid-size,Own,0.0,4,3,0.0,0.0,3800.0,4500.0,2600.0,No,0.0,789.0,93300.0,50100.0,Home Appliances EMI,207000.0,33,High_Risk,9240.0
27.0,Female,Single,Graduate,32600.0,Private,0.5,Mid-size,Own,0.0,3,2,0.0,21300.0,2200.0,6300.0,2200.0,Yes,7100.0,740.0,203700.0,79800.0,Personal Loan EMI,981000.0,47,Not_Eligible,500.0
38.0,Male,Married,Professional,59600.0,Private,1.0,Large Indian,Rented,9900.0,4,3,12600.0,0.0,5300.0,9500.0,7300.0,No,0.0,723.0,474300.0,215200.0,Personal Loan EMI,627000.0,25,Not_Eligible,8250.0
48.0,Female,Married,Graduate,41500.0,Private,0.6,Startup,Rented,12000.0,4,3,12500.0,22300.0,2900.0,8800.0,7900.0,Yes,10800.0,660.0,26300.0,11600.0,Personal Loan EMI,822000.0,51,Not_Eligible,500.0
27.0,Female,Single,Graduate,35500.0,Private,0.6,MNC,Family,0.0,2,1,12100.0,0.0,4400.0,5800.0,6200.0,Yes,8700.0,621.0,126100.0,28400.0,Personal Loan EMI,287000.0,26,Not_Eligible,500.0
58.0,Male,Married,Post Graduate,59600.0,Government,5.5,Mid-size,Own,0.0,5,4,0.0,12700.0,7500.0,12300.0,8800.0,Yes,10500.0,747.0,118500.0,63000.0,Education EMI,175000.0,15,Not_Eligible,2402.4
27.0,Female,Married,Graduate,46400.0,Private,2.9,Startup,Own,0.0,2,1,4600.0,0.0,4400.0,13000.0,8300.0,Yes,7900.0,689.0,173600.0,71900.0,Education EMI,277000.0,16,Not_Eligible,2870.0
32.0,Male,Married,Graduate,29300.0,Private,5.5,Startup,Rented,9600.0,4,3,0.0,6300.0,3200.0,5000.0,2100.0,No,0.0,669.0,164700.0,82700.0,Personal Loan EMI,596000.0,52,Not_Eligible,1550.0
48.0,Male,Married,Post Graduate,94500.0,Private,15.2,Mid-size,Family,0.0,2,1,0.0,0.0,6300.0,21200.0,13000.0,Yes,27900.0,1200.0,121600.0,60200.0,E-commerce Shopping EMI,76000.0,16,Eligible,7308.0
27.0,Male,Single,High School,51500.0,Private,0.5,MNC,Own,0.0,2,1,0.0,23300.0,7500.0,9600.0,4700.0,Yes,8100.0,700.0,408600.0,121600.0,Personal Loan EMI,58000.0,32,Not_Eligible,500.0
38.0,Male,Single,High School,53800.0,Private,2.0,Startup,Rented,11100.0,1,0,0.0,0.0,3100.0,11500.0,7400.0,No,0.0,677.0,199300.0,99900.0,Personal Loan EMI,624000.0,35,Not_Eligible,10350.0
27.0,Female,Single,Graduate,42800.0,Private,0.9,Startup,Family,0.0,1,0,0.0,0.0,6300.0,8700.0,4600.0,Yes,8300.0,608.0,87700.0,36700.0,Personal Loan EMI,994000.0,52,Not_Eligible,3337.6
48.0,Male,Married,High School,41600.0,Private,9.3,MNC,Family,0.0,3,2,0.0,12300.0,2100.0,7300.0,4900.0,No,0.0,691.0,68500.0,34100.0,E-commerce Shopping EMI,46000.0,3,Not_Eligible,6000.0
27.0,Male,Single,Post Graduate,50400.0,Private,5.0,Small,Rented,11500.0,2,1,11800.0,0.0,4800.0,13200.0,4600.0,No,0.0,770.0,143600.0,80700.0,Personal Loan EMI,572000.0,17,Not_Eligible,2700.0
38.0,Male,Married,Graduate,65000.0,Private,4.6,Large Indian,Own,0.0,3,2,9100.0,0.0,5500.0,19200.0,12300.0,Yes,14000.0,598.0,114400.0,36900.0,E-commerce Shopping EMI,43000.0,17,Not_Eligible,1097.6
38.0,Female,Married,Graduate,68600.0,Private,3.4,Large Indian,Family,0.0,2,1,8700.0,21600.0,9600.0,14900.0,6400.0,Yes,15200.0,723.0,266400.0,125200.0,E-commerce Shopping EMI,180000.0,23,Not_Eligible,500.0
27.0,Male,Single,Post Graduate,80300.0,Private,1.5,Mid-size,Own,0.0,1,0,0.0,0.0,7200.0,23000.0,13800.0,Yes,15200.0,651.0,356100.0,129700.0,Home Appliances EMI,130000.0,11,Not_Eligible,7385.0
38.0,Female,Married,Graduate,46700.0,Private,7.2,Large Indian,Family,0.0,4,3,8000.0,0.0,2600.0,12100.0,5900.0,Yes,5100.0,702.0,281100.0,78000.0,E-commerce Shopping EMI,185000.0,20,Not_Eligible,5005.0
27.0,Female,Single,Graduate,67400.0,Self-employed,0.8,Mid-size,Own,0.0,1,0,0.0,0.0,6000.0,18200.0,4100.0,Yes,11200.0,683.0,91200.0,42600.0,E-commerce Shopping EMI,38000.0,22,Eligible,7030.8
27.0,Male,Single,Graduate,30100.0,Private,2.0,Large Indian,Rented,5000.0,2,1,14700.0,5300.0,4400.0,7700.0,4100.0,No,0.0,823.0,103200.0,43200.0,Home Appliances EMI,158000.0,23,Not_Eligible,500.0
38.0,Male,Married,High School,78300.0,Private,1.4,Large Indian,Family,0.0,3,2,12200.0,20800.0,8300.0,19500.0,15400.0,No,0.0,689.0,252000.0,106300.0,Education EMI,346000.0,15,Not_Eligible,1050.0
38.0,Male,Married,Graduate,33800.0,Private,0.5,Large Indian,Rented,8500.0,2,1,7400.0,16600.0,2700.0,5800.0,6000.0,No,0.0,683.0,75100.0,38700.0,E-commerce Shopping EMI,41000.0,15,Not_Eligible,500.0
38.0,Male,Married,Post Graduate,80700.0,Private,4.0,Startup,Rented,24700.0,3,2,10700.0,21700.0,6900.0,22200.0,4800.0,Yes,9900.0,670.0,622200.0,302200.0,Home Appliances EMI,241000.0,13,Not_Eligible,500.0
48.0,Male,Married,Graduate,84600.0,Private,2.6,Startup,Own,0.0,4,3,0.0,0.0,9400.0,17300.0,7300.0,Yes,19900.0,629.0,653300.0,272700.0,E-commerce Shopping EMI,90000.0,14,Eligible,9455.6
38.0,Male,Married,Graduate,28300.0,Private,1.3,Large Indian,Own,0.0,3,2,12200.0,0.0,1900.0,8000.0,4100.0,Yes,5900.0,613.0,92200.0,31300.0,Personal Loan EMI,246000.0,14,Not_Eligible,500.0
32.0,Female,Married,Professional,78800.0,Private,1.0,Large Indian,Family,0.0,3,2,7100.0,0.0,8800.0,13700.0,4000.0,No,0.0,804.0,514300.0,197500.0,E-commerce Shopping EMI,185000.0,8,High_Risk,29832.0
48.0,Male,Single,Professional,66000.0,Private,3.1,Large Indian,Rented,14500.0,2,1,0.0,5200.0,6300.0,10700.0,7000.0,No,0.0,708.0,166300.0,80700.0,Personal Loan EMI,771000.0,16,Not_Eligible,11150.0
38.0,Female,Married,Graduate,31500.0,Private,9.0,Startup,Own,0.0,4,3,9200.0,9000.0,4200.0,9200.0,2600.0,Yes,8700.0,686.0,198500.0,114000.0,Personal Loan EMI,581000.0,40,Not_Eligible,500.0
48.0,Female,Married,Graduate,30200.0,Private,12.3,Mid-size,Rented,5400.0,2,1,3400.0,0.0,3400.0,5800.0,2000.0,Yes,6100.0,683.0,167900.0,75600.0,Education EMI,433000.0,43,Not_Eligible,1435.0
38.0,Male,Married,High School,44300.0,Private,2.4,Large Indian,Rented,6700.0,3,2,0.0,0.0,5200.0,8100.0,4500.0,No,0.0,737.0,272000.0,77100.0,Personal Loan EMI,872000.0,22,Not_Eligible,10890.0
48.0,Female,Married,Graduate,76700.0,Private,4.2,Large Indian,Own,0.0,3,2,11800.0,0.0,8900.0,17700.0,13600.0,No,0.0,731.0,395300.0,97900.0,Education EMI,354000.0,36,High_Risk,12350.0
48.0,Male,Married,Post Graduate,23400.0,Self-employed,2.7,Large Indian,Own,0.0,3,2,0.0,0.0,1300.0,5200.0,2700.0,No,0.0,622.0,156000.0,,Vehicle EMI,1160000.0,78,Not_Eligible,5623.2
58.0,Female,Married,Graduate,18000.0,Private,12.4,Startup,Family,0.0,3,2,5100.0,23500.0,1900.0,5200.0,1500.0,Yes,4900.0,683.0,13400.0,3900.0,Personal Loan EMI,261000.0,22,Not_Eligible,500.0
27.0,Female,Single,Post Graduate,116900.0,Private,1.9,Large Indian,Own,0.0,1,0,0.0,0.0,7200.0,34600.0,12100.0,Yes,21400.0,737.0,470300.0,259500.0,Home Appliances EMI,267000.0,31,Eligible,14560.0
38.0,Male,Married,Graduate,29300.0,Private,6.1,Mid-size,Own,0.0,2,1,14600.0,15300.0,1500.0,7100.0,3400.0,Yes,8500.0,,127600.0,75700.0,Home Appliances EMI,296000.0,25,Not_Eligible,500.0
38.0,Male,Married,Graduate,51000.0,Self-employed,5.3,MNC,Own,0.0,3,2,2100.0,0.0,2700.0,11000.0,8200.0,No,0.0,702.0,189700.0,79300.0,Personal Loan EMI,363000.0,21,Not_Eligible,12150.0
58.0,Female,Single,Post Graduate,60700.0,Government,15.5,MNC,Family,0.0,3,2,0.0,0.0,6200.0,10300.0,8800.0,No,0.0,774.0,194700.0,80500.0,Vehicle EMI,820000.0,84,Eligible,23364.0
48.0,Female,Single,High School,48700.0,Self-employed,3.4,Small,Own,0.0,1,0,0.0,0.0,3900.0,7900.0,5800.0,No,0.0,749.0,303900.0,82000.0,E-commerce Shopping EMI,172000.0,14,High_Risk,15394.5
32.0,Female,Married,High School,38300.0,Government,4.1,Large Indian,Own,0.0,5,4,7800.0,0.0,2500.0,11300.0,4700.0,Yes,11400.0,589.0,121300.0,52900.0,Vehicle EMI,1338000.0,35,Not_Eligible,500.0
48.0,Female,Married,Graduate,46400.0,Private,6.5,MNC,Rented,14800.0,3,2,0.0,0.0,5900.0,11500.0,8500.0,No,0.0,715.0,93500.0,20600.0,Vehicle EMI,1052000.0,21,Not_Eligible,2850.0
38.0,Male,Married,Post Graduate,19500.0,Private,1.7,Large Indian,Rented,4100.0,2,1,0.0,0.0,2500.0,3400.0,2900.0,No,0.0,661.0,75900.0,33000.0,Vehicle EMI,528000.0,17,Not_Eligible,3300.0
38.0,Female,Married,Graduate,40600.0,Private,2.2,Large Indian,Own,0.0,3,2,9000.0,10300.0,4200.0,7000.0,7900.0,No,0.0,739.0,111300.0,63000.0,Personal Loan EMI,913000.0,12,Not_Eligible,1100.0
38.0,Female,Married,Graduate,51300.0,Private,0.5,Large Indian,Own,0.0,3,2,14800.0,0.0,5200.0,12900.0,6000.0,No,0.0,680.0,64300.0,17200.0,Education EMI,362000.0,47,Not_Eligible,3968.0
32.0,Female,Single,Post Graduate,38200.0,Private,6.5,MNC,Own,0.0,1,0,0.0,0.0,3400.0,7700.0,2300.0,No,0.0,663.0,281600.0,64600.0,Home Appliances EMI,228000.0,16,Not_Eligible,13640.0
38.0,Female,Married,Graduate,128300.0,Self-employed,5.1,Mid-size,Own,0.0,3,2,8400.0,0.0,15100.0,30000.0,23800.0,No,0.0,828.0,565700.0,250000.0,Home Appliances EMI,283000.0,34,Eligible,27540.0
38.0,Male,Married,Graduate,81500.0,Private,2.8,Large Indian,Own,0.0,3,2,9500.0,7100.0,4100.0,16300.0,15000.0,Yes,12000.0,686.0,573500.0,240700.0,E-commerce Shopping EMI,174000.0,14,Not_Eligible,6737.5
58.0,Female,Married,Post Graduate,118500.0,Private,1.2,Mid-size,Rented,27300.0,3,2,0.0,0.0,17700.0,28500.0,13900.0,No,0.0,731.0,294600.0,107200.0,Vehicle EMI,910000.0,18,Not_Eligible,15550.0
32.0,Female,Married,Professional,66700.0,Private,0.5,Large Indian,Rented,10900.0,4,3,11600.0,5600.0,3400.0,13000.0,4000.0,Yes,11900.0,827.0,158300.0,92800.0,Vehicle EMI,470000.0,68,Not_Eligible,2116.8
27.0,Male,Single,Post Graduate,42300.0,Private,0.5,Large Indian,Rented,10300.0,3,2,0.0,0.0,5600.0,8000.0,5000.0,No,0.0,660.0,269900.0,150900.0,Vehicle EMI,720000.0,44,Not_Eligible,5896.0
32.0,Male,Married,Graduate,76900.0,Private,4.1,Mid-size,Family,0.0,3,2,0.0,0.0,8600.0,17800.0,14200.0,No,0.0,850.0,175000.0,98400.0,Vehicle EMI,1396000.0,70,Not_Eligible,21780.0
27.0,Male,Single,Post Graduate,60700.0,Private,3.3,Mid-size,Own,0.0,3,2,13300.0,0.0,4600.0,9100.0,6200.0,No,0.0,614.0,187000.0,67800.0,Vehicle EMI,481000.0,36,Not_Eligible,11000.0
27.0,Female,Married,Graduate,50500.0,Private,1.7,Mid-size,Rented,13200.0,3,2,13300.0,0.0,5500.0,7900.0,7600.0,No,0.0,699.0,231700.0,94900.0,E-commerce Shopping EMI,197000.0,7,Not_Eligible,1500.0
27.0,Male,Married,Post Graduate,120000.0,Private,0.5,Large Indian,Own,0.0,3,2,0.0,8000.0,15000.0,21300.0,17900.0,No,0.0,654.0,869800.0,256600.0,Personal Loan EMI,727000.0,50,High_Risk,25432.0
27.0,Female,Married,Graduate,23000.0,Private,4.6,Large Indian,Own,0.0,4,3,0.0,22000.0,2300.0,5200.0,4400.0,No,0.0,725.0,172600.0,52900.0,Vehicle EMI,1271000.0,13,Not_Eligible,500.0
27.0,Male,Single,Graduate,73300.0,Private,0.5,Mid-size,Rented,23500.0,3,2,0.0,0.0,7500.0,20800.0,14300.0,Yes,17600.0,639.0,186700.0,50800.0,Education EMI,220000.0,46,Not_Eligible,500.0
38.0,Female,Married,High School,17600.0,Private,1.1,Mid-size,Own,0.0,3,2,9700.0,0.0,2100.0,3400.0,2700.0,Yes,3300.0,595.0,125600.0,38600.0,Personal Loan EMI,886000.0,18,Not_Eligible,500.0
38.0,Female,Married,Post Graduate,114700.0,Private,0.8,Mid-size,Family,0.0,3,2,3800.0,0.0,16900.0,20500.0,5900.0,Yes,19700.0,765.0,828500.0,261600.0,Personal Loan EMI,849000.0,43,Not_Eligible,17703.84
48.0,Female,Married,Post Graduate,45100.0,Private,12.0,Large Indian,Rented,7100.0,2,1,0.0,0.0,3900.0,7900.0,3500.0,No,0.0,773.0,156000.0,52200.0,E-commerce Shopping EMI,147000.0,14,High_Risk,13620.0
32.0,Female,Married,Post Graduate,83600.0,Government,3.1,Startup,Rented,19900.0,3,2,7700.0,6700.0,8300.0,22200.0,9700.0,No,0.0,760.0,374200.0,92700.0,Personal Loan EMI,994000.0,60,Not_Eligible,6006.0
38.0,Male,Married,Graduate,37200.0,Private,1.6,Large Indian,Family,0.0,4,3,14000.0,0.0,5200.0,9700.0,3100.0,Yes,8300.0,687.0,91600.0,47100.0,E-commerce Shopping EMI,109000.0,10,Not_Eligible,500.0
48.0,Male,Married,Professional,59500.0,Private,26.0,Large Indian,Own,0.0,4,3,0.0,0.0,4300.0,13900.0,7800.0,Yes,11900.0,711.0,298600.0,147000.0,E-commerce Shopping EMI,116000.0,11,Not_Eligible,7560.0
48.0,Female,Married,Post Graduate,78300.0,Private,0.9,Large Indian,Own,0.0,5,4,7000.0,0.0,4100.0,18700.0,8200.0,No,0.0,743.0,78300.0,35400.0,Education EMI,160000.0,42,Eligible,12896.0
27.0,Male,Single,Graduate,28800.0,Private,0.5,MNC,Rented,5100.0,2,1,0.0,0.0,3200.0,5800.0,4100.0,Yes,5700.0,712.0,178500.0,49400.0,Vehicle EMI,614000.0,45,Not_Eligible,1509.2
32.0,Female,Single,Graduate,53300.0,Private,2.9,Mid-size,Rented,9900.0,2,1,9000.0,0.0,7100.0,12300.0,3200.0,No,0.0,685.0,140700.0,84200.0,Education EMI,57000.0,47,Eligible,5900.0
48.0,Male,Married,High School,42700.0,Private,6.6,Mid-size,Rented,11600.0,3,2,7400.0,6600.0,4200.0,12300.0,5700.0,No,0.0,709.0,37600.0,15400.0,Home Appliances EMI,126000.0,18,Not_Eligible,500.0
32.0,Female,Married,Graduate,71000.0,Self-employed,3.9,Large Indian,Own,0.0,3,2,14400.0,0.0,5600.0,14000.0,14100.0,No,0.0,610.0,514000.0,222600.0,Personal Loan EMI,508000.0,24,Not_Eligible,9068.4
32.0,Male,Married,Professional,76800.0,Private,1.8,Startup,Rented,13400.0,3,2,0.0,0.0,5100.0,22300.0,10900.0,No,0.0,757.0,410800.0,171600.0,Education EMI,306000.0,41,Eligible,15060.0
38.0,Male,Married,Professional,104900.0,Private,1.1,Startup,Own,0.0,3,2,9900.0,0.0,14800.0,23900.0,14900.0,Yes,17800.0,685.0,230000.0,120000.0,Home Appliances EMI,264000.0,20,Not_Eligible,8260.0
38.0,Female,Married,Professional,78700.0,Private,5.1,Mid-size,Own,0.0,2,1,0.0,17000.0,8600.0,13000.0,11600.0,Yes,12700.0,805.0,390700.0,152800.0,Vehicle EMI,745000.0,33,Not_Eligible,6636.0
48.0,Male,Married,Professional,47500.0,Government,9.4,MNC,Rented,10400.0,3,2,11300.0,7500.0,5000.0,12200.0,3500.0,No,0.0,613.0,106700.0,43300.0,Personal Loan EMI,404000.0,57,Not_Eligible,500.0
58.0,Female,Married,Post Graduate,85600.0,Private,6.9,MNC,Own,0.0,4,3,0.0,5500.0,6200.0,17000.0,9900.0,Yes,21800.0,671.0,298900.0,168100.0,Home Appliances EMI,29000.0,7,Eligible,8820.0
32.0,Male,Married,Graduate,102000.0,Private,2.4,Mid-size,Family,0.0,5,4,11300.0,5300.0,8300.0,29300.0,17900.0,Yes,26000.0,686.0,353100.0,166400.0,Education EMI,290000.0,8,Not_Eligible,1365.0
48.0,Male,Married,High School,60200.0,Government,26.0,Mid-size,Family,0.0,3,2,0.0,7600.0,5700.0,9200.0,7700.0,Yes,10100.0,675.0,235100.0,119200.0,Education EMI,470000.0,12,Not_Eligible,7661.5
32.0,Female,Married,Professional,66600.0,Government,2.1,Mid-size,Rented,15600.0,3,2,2200.0,0.0,6300.0,11100.0,9700.0,No,0.0,707.0,434400.0,116500.0,E-commerce Shopping EMI,138000.0,22,Eligible,11935.0
58.0,Male,Married,Graduate,27500.0,Private,4.3,Startup,Family,0.0,4,3,0.0,5200.0,3900.0,4700.0,2800.0,No,0.0,744.0,35500.0,20200.0,Home Appliances EMI,155000.0,28,Not_Eligible,4360.0
38.0,Female,Married,High School,35400.0,Private,4.6,MNC,Own,0.0,3,2,6900.0,14900.0,2800.0,7900.0,5400.0,No,0.0,698.0,64300.0,32500.0,Vehicle EMI,1255000.0,77,Not_Eligible,500.0
32.0,Female,Single,Professional,63200.0,Government,1.5,Large Indian,Family,0.0,2,1,0.0,19200.0,3900.0,10100.0,10600.0,No,0.0,758.0,355900.0,77100.0,Vehicle EMI,1048000.0,41,Not_Eligible,11640.0
38.0,Male,Married,High School,37300.0,Private,1.2,Large Indian,Family,0.0,2,1,6500.0,0.0,5100.0,9400.0,6700.0,No,0.0,702.0,71600.0,18300.0,E-commerce Shopping EMI,145000.0,16,Not_Eligible,3840.0
32.0,Female,Married,Post Graduate,97000.0,Private,4.6,Large Indian,Own,0.0,2,1,8300.0,0.0,12300.0,20200.0,17900.0,No,0.0,687.0,,271400.0,Personal Loan EMI,317000.0,15,Not_Eligible,21065.0
27.0,Female,Married,Graduate,60200.0,Private,0.5,Startup,Own,0.0,5,4,2800.0,0.0,6900.0,13200.0,9800.0,No,0.0,664.0,133000.0,38800.0,E-commerce Shopping EMI,94000.0,23,Eligible,11000.0
38.0,Male,Married,Graduate,61400.0,Self-employed,2.8,Large Indian,Own,0.0,3,2,0.0,18100.0,4400.0,13500.0,3800.0,Yes,13700.0,655.0,136700.0,52000.0,Vehicle EMI,269000.0,84,Not_Eligible,2488.5
32.0,Male,Married,High School,40300.0,Private,2.2,MNC,Own,0.0,5,4,0.0,0.0,2500.0,10900.0,3700.0,No,0.0,752.0,216600.0,48400.0,E-commerce Shopping EMI,155000.0,5,Not_Eligible,13920.0
32.0,Female,Married,Professional,139700.0,Private,2.5,Large Indian,Own,0.0,3,2,8600.0,0.0,18000.0,39500.0,7400.0,No,0.0,787.0,871200.0,383300.0,Education EMI,106000.0,34,Eligible,43692.0
32.0,Female,Married,High School,59800.0,Private,6.7,Startup,Own,0.0,4,3,0.0,0.0,5100.0,11100.0,3200.0,Yes,12000.0,647.0,396700.0,229900.0,Personal Loan EMI,916000.0,16,Not_Eligible,8747.2
48.0,Male,Married,Graduate,33100.0,Private,26.0,Mid-size,Family,0.0,3,2,7900.0,19300.0,4300.0,8300.0,6000.0,No,0.0,741.0,200600.0,101200.0,Personal Loan EMI,954000.0,28,Not_Eligible,500.0
38.0,Male,Married,Graduate,45200.0,Private,6.0,Large Indian,Family,0.0,5,4,0.0,13300.0,5200.0,12500.0,2400.0,Yes,12400.0,582.0,142600.0,,Vehicle EMI,133000.0,24,Not_Eligible,500.0
48.0,Male,Single,Graduate,43300.0,Private,23.3,MNC,Own,0.0,1,0,0.0,0.0,4200.0,11300.0,4500.0,Yes,6800.0,743.0,89100.0,,Education EMI,242000.0,36,Not_Eligible,5775.0
38.0,Male,Married,Graduate,32900.0,Government,0.5,Large Indian,Rented,7000.0,4,3,0.0,0.0,3700.0,7100.0,3400.0,Yes,9200.0,643.0,94700.0,44800.0,Personal Loan EMI,254000.0,54,Not_Eligible,700.0
32.0,Female,Single,High School,58000.0,Private,0.5,MNC,Rented,16200.0,2,1,0.0,11300.0,4400.0,15900.0,9900.0,Yes,16800.0,583.0,39600.0,23600.0,Personal Loan EMI,220000.0,45,Not_Eligible,500.0
38.0,Male,Married,Graduate,56600.0,Private,2.2,Mid-size,Own,0.0,4,3,2700.0,0.0,5500.0,11300.0,8400.0,No,0.0,810.0,266100.0,135300.0,Personal Loan EMI,97000.0,12,Eligible,17220.0
48.0,Male,Married,Post Graduate,39300.0,Private,9.2,Large Indian,Family,12577.0,2,1,0.0,0.0,2100.0,9300.0,3800.0,Yes,11000.0,726.0,266000.0,54200.0,E-commerce Shopping EMI,45000.0,13,Eligible,5043.5
38.0,Female,Single,Professional,31000.0,Private,13.3,MNC,Rented,7300.0,1,0,0.0,0.0,3800.0,7500.0,2800.0,No,0.0,670.0,102400.0,31900.0,Education EMI,89000.0,15,Not_Eligible,4800.0
48.0,Male,Married,Post Graduate,63400.0,Private,1.7,MNC,Own,0.0,2,1,0.0,23200.0,5700.0,12700.0,6100.0,Yes,14600.0,568.0,396800.0,213500.0,E-commerce Shopping EMI,75000.0,10,Not_Eligible,500.0
27.0,Male,Married,Graduate,31000.0,Private,0.5,Mid-size,Family,0.0,4,3,9400.0,0.0,2400.0,7300.0,5200.0,Yes,7000.0,614.0,167300.0,62600.0,Vehicle EMI,484000.0,83,Not_Eligible,500.0
32.0,Female,Married,Graduate,74100.0,Private,1.6,Startup,Family,0.0,3,2,14400.0,0.0,10100.0,11400.0,14700.0,No,0.0,637.0,451500.0,100500.0,Personal Loan EMI,621000.0,53,Not_Eligible,10340.0
39.0,Male,Single,Graduate,24935.0,Self-employed,3.9,Large Indian,Rented,5300.0,2,1,0.0,14800.0,1900.0,6500.0,3300.0,Yes,3200.0,630.0,148800.0,67500.0,Personal Loan EMI,268000.0,52,Not_Eligible,500.0
32.0,Male,Married,Professional,61200.0,Private,1.0,Mid-size,Rented,11000.0,5,4,0.0,0.0,3800.0,17800.0,9300.0,No,0.0,765.0,60900.0,12400.0,Personal Loan EMI,957000.0,38,Not_Eligible,9264.0
32.0,Male,Single,High School,31000.0,Government,1.1,Mid-size,Family,0.0,3,2,3200.0,13500.0,3200.0,8500.0,3400.0,No,0.0,736.0,194700.0,100700.0,Vehicle EMI,604000.0,52,Not_Eligible,500.0
58.0,Female,Married,Graduate,63100.0,Government,6.7,MNC,Rented,20000.0,3,2,0.0,0.0,6900.0,11800.0,9900.0,No,0.0,766.0,88500.0,40500.0,E-commerce Shopping EMI,28000.0,4,High_Risk,7656.0
32.0,Male,Single,Graduate,54600.0,Private,3.2,MNC,Own,0.0,2,1,0.0,0.0,5600.0,13200.0,8900.0,No,0.0,699.0,211400.0,81900.0,Vehicle EMI,969000.0,20,Not_Eligible,13450.0
32.0,Male,Married,High School,34900.0,Private,0.5,MNC,Family,0.0,3,2,4800.0,0.0,2200.0,8800.0,3900.0,No,0.0,551.0,74200.0,33300.0,Education EMI,453000.0,36,Not_Eligible,4864.0
32.0,Female,Married,Graduate,57900.0,Private,2.5,Mid-size,Rented,10900.0,5,4,9000.0,0.0,3300.0,12600.0,4500.0,Yes,15900.0,783.0,101600.0,25400.0,Home Appliances EMI,206000.0,33,Not_Eligible,571.2
38.0,Female,Single,High School,31400.0,Private,0.5,Mid-size,Rented,9900.0,3,2,4300.0,13000.0,3200.0,5200.0,5100.0,Yes,9100.0,645.0,97900.0,27400.0,Education EMI,345000.0,16,Not_Eligible,500.0
38.0,Male,Married,Professional,80900.0,Government,2.2,Startup,Rented,23500.0,4,3,3800.0,0.0,6900.0,13200.0,14000.0,Yes,11500.0,710.0,509200.0,270500.0,Vehicle EMI,398000.0,31,Not_Eligible,3080.0
32.0,Female,Married,Graduate,40300.0,Private,1.0,Startup,Own,0.0,3,2,0.0,0.0,4800.0,10200.0,3500.0,No,0.0,649.0,122500.0,73400.0,Home Appliances EMI,194000.0,10,Not_Eligible,8720.0
48.0,Male,Married,Post Graduate,61700.0,Private,9.2,Mid-size,Own,0.0,2,1,12100.0,0.0,5100.0,11600.0,7100.0,Yes,9400.0,620.0,434400.0,252300.0,Personal Loan EMI,350000.0,54,Not_Eligible,5051.2
48.0,Female,Married,Post Graduate,66900.0,Private,18.8,Mid-size,Family,0.0,3,2,0.0,0.0,4700.0,10200.0,10400.0,No,0.0,632.0,524800.0,309200.0,Personal Loan EMI,334000.0,57,Eligible,18304.0
38.0,Female,Single,Professional,68300.0,Private,3.1,Mid-size,Own,0.0,3,2,9800.0,0.0,9000.0,12700.0,8400.0,No,0.0,619.0,209000.0,102500.0,Personal Loan EMI,304000.0,15,Not_Eligible,11360.0
38.0,Male,Married,Professional,42900.0,Private,1.4,Large Indian,Rented,9100.0,3,2,3300.0,0.0,4300.0,11200.0,7200.0,Yes,12300.0,727.0,41800.0,14700.0,Vehicle EMI,531000.0,71,Not_Eligible,500.0
58.0,Female,Married,Professional,62100.0,Private,1.0,Large Indian,Own,0.0,2,1,9500.0,0.0,5400.0,11200.0,11300.0,No,0.0,684.0,120100.0,69100.0,Personal Loan EMI,379000.0,42,Not_Eligible,9880.0
38.0,Male,Married,Post Graduate,41100.0,Private,1.9,Large Indian,Rented,10000.0,3,2,3700.0,0.0,3400.0,8100.0,5000.0,No,0.0,676.0,256500.0,87300.0,Personal Loan EMI,295000.0,47,Not_Eligible,5995.0
32.0,Male,Married,High School,36600.0,Private,1.5,Startup,Own,0.0,5,4,10100.0,0.0,3200.0,6800.0,5400.0,No,0.0,724.0,186100.0,61100.0,Vehicle EMI,466000.0,29,Not_Eligible,5550.0
38.0,Male,Married,Graduate,103500.0,Government,7.8,Large Indian,Family,0.0,3,2,3900.0,0.0,11800.0,26100.0,11700.0,Yes,11300.0,726.0,427300.0,238200.0,Home Appliances EMI,76000.0,27,Eligible,14899.5
32.0,Female,Single,Post Graduate,43200.0,Private,1.5,Mid-size,Family,0.0,2,1,14100.0,0.0,3200.0,12400.0,7100.0,No,0.0,645.0,268700.0,77200.0,Personal Loan EMI,356000.0,31,Not_Eligible,2816.0
58.0,Male,Married,Professional,64100.0,Private,31.1,Large Indian,Family,0.0,4,3,2300.0,0.0,6600.0,12500.0,10600.0,No,0.0,714.0,441800.0,128200.0,Education EMI,493000.0,17,Not_Eligible,17655.0
27.0,Female,Single,Graduate,48100.0,Private,0.5,Startup,Family,0.0,2,1,9900.0,0.0,4200.0,8200.0,5600.0,No,0.0,676.0,321300.0,179200.0,E-commerce Shopping EMI,128000.0,24,Eligible,8888.0
38.0,Male,Married,High School,23800.0,Private,16.0,Mid-size,Own,0.0,3,2,12400.0,0.0,2500.0,6500.0,4300.0,No,0.0,777.0,119400.0,41900.0,Vehicle EMI,281000.0,61,Not_Eligible,500.0
38.0,Female,Married,Post Graduate,50500.0,Private,2.0,Mid-size,Rented,13600.0,2,1,0.0,17600.0,7200.0,9100.0,3000.0,No,0.0,774.0,313900.0,85100.0,Home Appliances EMI,251000.0,15,Not_Eligible,500.0
58.0,Male,Married,Graduate,69500.0,Self-employed,7.7,Startup,Family,0.0,2,1,12500.0,19900.0,10200.0,19000.0,6300.0,Yes,11300.0,722.0,168600.0,46900.0,Personal Loan EMI,243000.0,39,Not_Eligible,500.0
32.0,Female,Married,Graduate,8809.0,Government,1.7,Mid-size,Own,22647.0,2,1,0.0,12700.0,3900.0,12000.0,10300.0,No,0.0,830.0,174100.0,74700.0,Personal Loan EMI,818000.0,23,Not_Eligible,22020.0
38.0,Female,Married,Professional,25100.0,Private,3.8,Startup,Own,0.0,2,1,0.0,20300.0,3100.0,5300.0,3000.0,No,0.0,575.0,102900.0,31200.0,Education EMI,129000.0,21,Not_Eligible,500.0
27.0,Female,Single,Graduate,30300.0,Self-employed,0.5,Mid-size,Own,0.0,2,1,3000.0,0.0,2900.0,6900.0,5100.0,No,0.0,686.0,215900.0,74600.0,Vehicle EMI,727000.0,30,Not_Eligible,6138.0
48.0,Male,Married,Graduate,38700.0,Self-employed,20.7,Mid-size,Own,0.0,3,2,10200.0,7600.0,4700.0,6600.0,2200.0,No,0.0,703.0,66100.0,18400.0,Education EMI,260000.0,29,Not_Eligible,2664.0
38.0,Male,Married,Graduate,35800.0,Government,1.3,Mid-size,Family,0.0,5,4,0.0,14900.0,3100.0,6900.0,4800.0,No,0.0,791.0,49800.0,21400.0,E-commerce Shopping EMI,73000.0,23,Not_Eligible,2928.0
32.0,Female,Married,Graduate,46200.0,Private,0.5,Large Indian,Own,0.0,3,2,13300.0,0.0,3800.0,12100.0,2800.0,No,0.0,850.0,109200.0,49900.0,E-commerce Shopping EMI,136000.0,11,Not_Eligible,6816.0
48.0,Male,Married,High School,30900.0,Private,16.3,Large Indian,Own,0.0,2,1,0.0,10100.0,3800.0,7700.0,6100.0,Yes,4600.0,719.0,162200.0,52800.0,Home Appliances EMI,20000.0,12,Not_Eligible,500.0
38.0,Male,Married,Post Graduate,51100.0,Private,1.9,MNC,Own,0.0,3,2,14300.0,0.0,7500.0,14500.0,4400.0,Yes,14200.0,699.0,,224400.0,Home Appliances EMI,228000.0,6,Not_Eligible,500.0
58.0,Female,Married,Graduate,20300.0,Private,6.7,Startup,Own,0.0,5,4,0.0,0.0,1500.0,5400.0,2600.0,No,0.0,749.0,81600.0,42900.0,Education EMI,296000.0,32,Not_Eligible,5400.0
32.0,Male,Married,Professional,64500.0,Private,0.9,Small,Rented,13400.0,4,3,7100.0,6300.0,4400.0,17300.0,9600.0,No,0.0,688.0,142900.0,38100.0,Vehicle EMI,1354000.0,18,Not_Eligible,2560.0
32.0,Male,Single,Graduate,40000.0,Government,1.5,Mid-size,Rented,,2,1,12600.0,7000.0,3600.0,9200.0,2700.0,No,0.0,770.0,75000.0,34000.0,Home Appliances EMI,25000.0,34,Not_Eligible,500.0
38.0,Male,Single,Post Graduate,108600.0,Private,9.3,Large Indian,Rented,33700.0,1,0,0.0,0.0,8100.0,28800.0,10900.0,No,0.0,804.0,67100.0,37800.0,Personal Loan EMI,141000.0,44,Eligible,13008.0
38.0,Male,Married,Graduate,25700.0,Private,5.6,Mid-size,Rented,5800.0,5,4,0.0,0.0,3600.0,5900.0,3300.0,Yes,3200.0,663.0,25500.0,5900.0,Education EMI,74000.0,30,Not_Eligible,1092.0
48.0,Male,Married,,80200.0,Private,1.4,Large Indian,Family,0.0,3,2,6400.0,0.0,12000.0,12400.0,9700.0,Yes,23800.0,673.0,271100.0,155500.0,E-commerce Shopping EMI,126000.0,9,Not_Eligible,5565.0
38.0,Male,Married,High School,69700.0,Self-employed,12.4,Startup,Family,0.0,4,3,8500.0,11900.0,9700.0,20400.0,4600.0,No,0.0,739.0,206000.0,67900.0,E-commerce Shopping EMI,120000.0,6,Not_Eligible,6570.0
27.0,Male,Married,Professional,114600.0,Private,2.2,Mid-size,Family,0.0,2,1,0.0,0.0,11500.0,20400.0,15400.0,No,0.0,751.0,508800.0,218800.0,Education EMI,226000.0,26,Eligible,40380.0
58.0,Male,Married,Graduate,58000.0,Government,15.5,Large Indian,Own,0.0,4,3,6600.0,0.0,7100.0,13200.0,10500.0,No,0.0,849.0,85200.0,49800.0,Personal Loan EMI,384000.0,39,Not_Eligible,10876.8
58.0,Female,Single,Graduate,37500.0,Government,10.1,MNC,Family,0.0,2,1,5400.0,0.0,4700.0,8500.0,2100.0,No,0.0,803.0,24700.0,14300.0,Education EMI,343000.0,42,Not_Eligible,8870.4
32.0,Male,Married,High School,38900.0,Private,1.6,Mid-size,Family,0.0,3,2,9500.0,0.0,2400.0,7800.0,4800.0,Yes,3900.0,612.0,21800.0,11200.0,Home Appliances EMI,202000.0,15,Not_Eligible,2352.0
32.0,Female,Married,High School,72800.0,Self-employed,2.1,Mid-size,Family,0.0,2,1,12800.0,0.0,3900.0,17800.0,11500.0,Yes,11900.0,683.0,180100.0,102400.0,Education EMI,441000.0,45,Not_Eligible,4693.5
32.0,Female,Married,Professional,52800.0,Private,7.1,MNC,Rented,18100.0,2,1,6800.0,0.0,7100.0,10500.0,3600.0,No,0.0,656.0,408700.0,104600.0,Education EMI,339000.0,21,Not_Eligible,3685.0
27.0,Male,Married,Graduate,58200.0,Self-employed,0.5,Mid-size,Family,0.0,2,1,3500.0,0.0,8300.0,10500.0,6100.0,No,0.0,822.0,189700.0,113100.0,Personal Loan EMI,736000.0,25,Not_Eligible,16092.0
48.0,Female,Married,Graduate,78500.0,Government,1.5,Startup,Rented,15000.0,3,2,10700.0,21900.0,4600.0,22600.0,13500.0,No,0.0,705.0,363000.0,128700.0,E-commerce Shopping EMI,47000.0,7,Not_Eligible,500.0
58.0,Male,Married,Post Graduate,38100.0,Private,8.7,Large Indian,Family,0.0,4,3,5300.0,0.0,4600.0,10800.0,7200.0,No,0.0,651.0,128500.0,41600.0,Home Appliances EMI,221000.0,27,Not_Eligible,5100.0
32.0,Female,Married,Graduate,57500.0,Self-employed,5.0,MNC,Rented,13900.0,3,2,5600.0,0.0,2900.0,13600.0,5600.0,No,0.0,568.0,368500.0,214000.0,Education EMI,373000.0,44,Not_Eligible,6296.4
38.0,Male,Married,High School,12000.0,Private,16.0,Large Indian,Rented,2100.0,3,2,0.0,0.0,1200.0,2600.0,1600.0,No,0.0,674.0,74500.0,26100.0,Vehicle EMI,247000.0,60,Not_Eligible,2475.0
38.0,Male,Married,Post Graduate,117000.0,Private,8.6,Large Indian,Own,0.0,3,2,2400.0,17600.0,14600.0,20400.0,11700.0,Yes,28900.0,614.0,72100.0,22700.0,Personal Loan EMI,882000.0,44,Not_Eligible,4793.6
27.0,Male,Married,Post Graduate,68400.0,Private,1.3,Large Indian,Own,0.0,3,2,0.0,10800.0,4500.0,13000.0,12000.0,No,0.0,600.0,108100.0,54200.0,Home Appliances EMI,58000.0,25,Eligible,8992.0
48.0,Male,Married,Professional,82900.0,Private,1.8,Mid-size,Own,0.0,4,3,13000.0,0.0,5800.0,16800.0,8700.0,Yes,18800.0,698.0,405900.0,108600.0,E-commerce Shopping EMI,155000.0,16,Not_Eligible,6930.0
38.0,Female,Married,Graduate,62800.0,Government,1.6,Large Indian,Rented,19900.0,3,2,2200.0,0.0,3300.0,10900.0,9300.0,Yes,8800.0,761.0,45700.0,24600.0,Home Appliances EMI,226000.0,23,Not_Eligible,2822.4
27.0,Male,Single,Graduate,90700.0,Government,2.7,MNC,Rented,26700.0,3,2,0.0,0.0,8600.0,26600.0,8200.0,No,0.0,650.0,144600.0,85700.0,Education EMI,461000.0,31,Not_Eligible,8240.0
27.0,Male,Single,Graduate,54300.0,Private,1.0,Large Indian,Rented,13200.0,2,1,3800.0,0.0,4300.0,10700.0,6800.0,Yes,8900.0,627.0,197100.0,83100.0,Vehicle EMI,958000.0,13,Not_Eligible,1848.0
38.0,Male,Married,Graduate,39700.0,Private,7.1,MNC,Rented,7000.0,2,1,0.0,24400.0,5000.0,9100.0,6800.0,No,0.0,717.0,89700.0,34400.0,Education EMI,268000.0,8,Not_Eligible,500.0
38.0,Female,Married,Graduate,83600.0,Private,1.1,Mid-size,Own,0.0,4,3,9400.0,0.0,6900.0,13800.0,5700.0,Yes,15000.0,721.0,194300.0,90000.0,Education EMI,446000.0,43,Not_Eligible,11480.0
48.0,Male,Married,Graduate,54800.0,Private,7.1,Large Indian,Own,0.0,3,2,0.0,23200.0,4500.0,13100.0,10300.0,Yes,15100.0,705.0,423800.0,138800.0,Home Appliances EMI,253000.0,20,Not_Eligible,500.0
38.0,Male,Married,Graduate,95400.0,Private,5.1,Large Indian,Rented,23700.0,4,3,14500.0,0.0,11600.0,22000.0,14700.0,Yes,17200.0,671.0,468700.0,125900.0,Home Appliances EMI,72000.0,24,Not_Eligible,500.0
48.0,Male,Married,Post Graduate,63400.0,Government,7.5,Startup,Own,0.0,3,2,6000.0,0.0,7900.0,17400.0,10400.0,No,0.0,713.0,342700.0,91500.0,Education EMI,364000.0,28,Not_Eligible,11935.0
48.0,Female,Married,Graduate,57900.0,Private,1.1,Mid-size,Family,0.0,3,2,9800.0,0.0,3700.0,14200.0,3900.0,No,0.0,634.0,145600.0,79800.0,E-commerce Shopping EMI,106000.0,3,Not_Eligible,10520.0
38.0,Female,Married,Professional,55500.0,Government,0.5,Mid-size,Rented,14100.0,2,1,0.0,0.0,6500.0,8800.0,9300.0,No,0.0,683.0,367200.0,187000.0,Education EMI,232000.0,10,Not_Eligible,9240.0
38.0,Male,Married,Graduate,123300.0,Private,1.6,Mid-size,Own,0.0,3,2,4200.0,0.0,17400.0,21100.0,10800.0,No,0.0,831.0,343500.0,205200.0,Home Appliances EMI,121000.0,21,Eligible,41880.0
27.0,Male,Single,Graduate,43100.0,Private,3.5,MNC,Own,0.0,2,1,0.0,0.0,4100.0,8100.0,4800.0,Yes,8700.0,649.0,172700.0,49700.0,Vehicle EMI,1067000.0,24,Not_Eligible,4872.0
32.0,Female,Married,High School,14400.0,Private,1.2,MNC,Family,0.0,4,3,14600.0,23600.0,2100.0,3300.0,2700.0,Yes,3500.0,593.0,94400.0,22000.0,E-commerce Shopping EMI,90000.0,15,Not_Eligible,500.0
38.0,Male,Married,Graduate,20000.0,Private,11.3,Large Indian,Rented,6400.0,4,3,0.0,0.0,2800.0,5200.0,2700.0,No,0.0,715.0,10200.0,3600.0,E-commerce Shopping EMI,47000.0,18,Not_Eligible,1160.0
38.0,Female,Married,Post Graduate,107300.0,Private,10.9,Mid-size,Own,0.0,4,3,9800.0,0.0,8700.0,32100.0,14700.0,Yes,29300.0,699.0,345300.0,128000.0,Education EMI,375000.0,9,Not_Eligible,4445.0
38.0,Female,Married,Graduate,38100.0,Private,3.2,Mid-size,Family,0.0,4,3,13500.0,7500.0,3400.0,8400.0,3600.0,No,0.0,789.0,91200.0,37900.0,Home Appliances EMI,200000.0,36,Not_Eligible,1020.0
32.0,Female,Married,Post Graduate,31600.0,Private,4.0,Large Indian,Own,0.0,3,2,12800.0,0.0,4000.0,5700.0,5300.0,No,0.0,696.0,163000.0,66800.0,E-commerce Shopping EMI,49000.0,18,Not_Eligible,1900.0
32.0,Male,Single,Graduate,24600.0,Private,5.8,MNC,Own,10156.0,2,1,12000.0,0.0,3000.0,5100.0,3700.0,Yes,6500.0,610.0,174100.0,59200.0,Personal Loan EMI,132000.0,57,Not_Eligible,500.0
48.0,Female,Married,Graduate,24200.0,Government,7.0,Large Indian,Rented,7800.0,2,1,0.0,0.0,2800.0,5100.0,4500.0,No,0.0,773.0,119800.0,51300.0,Education EMI,480000.0,33,Not_Eligible,2640.0
32.0,Male,Married,Post Graduate,98700.0,Private,0.5,Large Indian,Own,0.0,5,4,0.0,0.0,11200.0,28500.0,7900.0,No,0.0,677.0,386500.0,143100.0,E-commerce Shopping EMI,12000.0,10,Eligible,20440.0
27.0,Female,Single,Graduate,42300.0,Private,1.4,Startup,Rented,9300.0,1,0,0.0,0.0,2200.0,8900.0,7200.0,Yes,11100.0,613.0,168500.0,66900.0,Vehicle EMI,472000.0,70,Not_Eligible,1008.0
48.0,Female,Single,Graduate,18000.0,Private,16.3,Large Indian,Own,0.0,2,1,0.0,0.0,1000.0,3000.0,1100.0,No,0.0,656.0,70500.0,15100.0,E-commerce Shopping EMI,158000.0,8,Not_Eligible,6450.0
48.0,Male,Married,Post Graduate,99100.0,Private,8.5,MNC,Rented,31100.0,2,1,4200.0,0.0,10900.0,19100.0,13300.0,No,0.0,753.0,220600.0,121000.0,Personal Loan EMI,886000.0,42,Not_Eligible,12300.0
38.0,Male,Married,Graduate,53500.0,Private,6.4,Mid-size,Rented,14000.0,4,3,8900.0,13400.0,7600.0,11100.0,10700.0,No,0.0,795.0,201800.0,75100.0,Education EMI,496000.0,10,Not_Eligible,500.0
38.0,Female,Married,Post Graduate,137800.0,Private,7.0,Mid-size,Rented,27500.0,4,3,2900.0,0.0,11200.0,35600.0,27500.0,No,0.0,809.0,356600.0,131000.0,Education EMI,458000.0,45,Eligible,19860.0
38.0,Male,Married,High School,28900.0,Private,7.3,Startup,Own,0.0,4,3,6100.0,0.0,2200.0,5600.0,5600.0,Yes,4500.0,679.0,102200.0,27200.0,Vehicle EMI,1220000.0,64,Not_Eligible,1715.0
27.0,Female,Single,Graduate,72200.0,Private,3.2,Large Indian,Rented,23500.0,2,1,2200.0,0.0,5400.0,15000.0,5300.0,No,0.0,653.0,251900.0,107200.0,Education EMI,257000.0,45,Eligible,10400.0
48.0,Male,Married,Graduate,124600.0,Private,10.0,MNC,Rented,19500.0,3,2,8900.0,24800.0,9300.0,22000.0,18300.0,No,0.0,712.0,825700.0,477200.0,Home Appliances EMI,32000.0,24,Eligible,11990.0
48.0,Female,Married,Professional,85500.0,Self-employed,0.8,Small,Rented,27000.0,2,1,0.0,21100.0,7400.0,20300.0,6000.0,Yes,16600.0,727.0,362400.0,180500.0,Personal Loan EMI,493000.0,23,Not_Eligible,500.0
27.0,Male,Single,Graduate,76100.0,Private,0.9,Startup,Family,0.0,1,0,0.0,0.0,5700.0,14300.0,4100.0,Yes,19300.0,661.0,138100.0,36800.0,Personal Loan EMI,568000.0,27,Not_Eligible,7324.8
58.0,Male,Married,Graduate,18500.0,Private,4.5,MNC,Rented,6400.0,4,3,7400.0,0.0,1900.0,4600.0,2400.0,No,0.0,633.0,29900.0,15500.0,Home Appliances EMI,249000.0,19,Not_Eligible,500.0
32.0,Male,Single,Professional,42300.0,Private,5.2,Startup,Own,0.0,3,2,0.0,0.0,3200.0,9800.0,3800.0,No,0.0,850.0,21200.0,4400.0,E-commerce Shopping EMI,21000.0,13,Eligible,12240.0
38.0,Male,Married,High School,45500.0,Government,1.0,MNC,Own,0.0,3,2,0.0,0.0,5500.0,6800.0,8600.0,Yes,8400.0,667.0,177000.0,69700.0,Vehicle EMI,822000.0,72,Not_Eligible,5670.0
48.0,Male,Married,Graduate,22700.0,Government,12.2,Mid-size,Family,0.0,4,3,0.0,0.0,2400.0,5700.0,3500.0,No,0.0,705.0,30200.0,6800.0,Personal Loan EMI,348000.0,60,Not_Eligible,4884.0
38.0,Male,Married,Post Graduate,49500.0,Government,4.2,Startup,Own,0.0,3,2,0.0,19600.0,5100.0,11300.0,2700.0,Yes,13300.0,807.0,279800.0,157800.0,Education EMI,353000.0,34,Not_Eligible,500.0
27.0,Female,Married,Graduate,29100.0,Private,1.1,Large Indian,Family,0.0,3,2,12800.0,0.0,1800.0,8700.0,4800.0,Yes,6000.0,515.0,19200.0,9500.0,Vehicle EMI,1373000.0,17,Not_Eligible,500.0
38.0,Male,Married,Graduate,67400.0,Government,2.2,Mid-size,Rented,16500.0,3,2,2300.0,0.0,7500.0,15700.0,9500.0,No,0.0,737.0,485600.0,257500.0,E-commerce Shopping EMI,38000.0,3,Not_Eligible,8745.0
27.0,Male,Single,High School,69700.0,Private,2.0,Mid-size,Family,0.0,1,0,0.0,0.0,7400.0,20400.0,6900.0,No,0.0,616.0,377500.0,151700.0,Home Appliances EMI,247000.0,22,High_Risk,14000.0
32.0,Male,Single,Graduate,40600.0,Private,10.0,Small,Own,0.0,3,2,6700.0,0.0,5400.0,9400.0,7700.0,No,0.0,697.0,21800.0,8000.0,E-commerce Shopping EMI,108000.0,22,Not_Eligible,4560.0
38.0,Female,Married,Graduate,91300.0,Private,4.1,MNC,Family,0.0,2,1,13500.0,5200.0,8900.0,23100.0,13000.0,Yes,15800.0,753.0,670000.0,366600.0,Education EMI,429000.0,19,Not_Eligible,5451.6
27.0,Female,Single,Professional,156300.0,Private,0.5,Large Indian,Family,0.0,3,2,7900.0,0.0,11800.0,23600.0,8900.0,No,0.0,0.0,244500.0,59800.0,E-commerce Shopping EMI,112000.0,6,Eligible,33312.0
32.0,Female,Married,Graduate,22500.0,Private,0.9,Large Indian,Rented,6600.0,4,3,10800.0,0.0,1600.0,6500.0,3700.0,Yes,4200.0,604.0,109700.0,29100.0,E-commerce Shopping EMI,17000.0,5,Not_Eligible,500.0
38.0,Male,Married,Graduate,66300.0,Private,3.9,MNC,Rented,14900.0,2,1,0.0,0.0,8900.0,10000.0,11300.0,No,0.0,714.0,212500.0,47400.0,Home Appliances EMI,72000.0,22,Eligible,10600.0
27.0,Male,Single,Graduate,38700.0,Private,1.7,Startup,Family,0.0,1,0,0.0,0.0,5400.0,10100.0,6000.0,No,0.0,610.0,180200.0,45000.0,E-commerce Shopping EMI,77000.0,24,Eligible,6880.0
48.0,Female,Married,Graduate,74300.0,Private,11.4,Large Indian,Rented,20700.0,3,2,0.0,17300.0,4600.0,20900.0,7300.0,No,0.0,801.0,576300.0,141200.0,Education EMI,146000.0,24,Not_Eligible,2310.0
32.0,Female,Single,Post Graduate,79700.0,Private,2.8,Mid-size,Rented,26000.0,2,1,3300.0,0.0,4200.0,13700.0,6900.0,Yes,15500.0,683.0,582400.0,187000.0,Personal Loan EMI,278000.0,58,Not_Eligible,3888.5
32.0,Male,Married,Graduate,49700.0,Private,1.4,MNC,Own,0.0,4,3,7200.0,0.0,5400.0,8800.0,9100.0,No,0.0,626.0,47800.0,10600.0,Education EMI,425000.0,36,Not_Eligible,6144.0
27.0,Male,Married,Post Graduate,32900.0,Private,1.7,Mid-size,Family,0.0,4,3,0.0,6400.0,3800.0,5000.0,1700.0,No,0.0,721.0,58100.0,22100.0,Education EMI,335000.0,20,Not_Eligible,6400.0
38.0,Male,Married,High School,50600.0,Self-employed,0.5,MNC,Family,0.0,3,2,0.0,0.0,4800.0,9700.0,3000.0,No,0.0,695.0,166500.0,92200.0,E-commerce Shopping EMI,79000.0,8,Eligible,14895.0
32.0,Male,Married,Professional,89700.0,Private,0.6,MNC,Family,0.0,3,2,5200.0,0.0,11100.0,22300.0,5400.0,No,0.0,651.0,200600.0,70400.0,E-commerce Shopping EMI,132000.0,8,High_Risk,18280.0
38.0,Male,Married,Graduate,6655.0,Private,1.3,Mid-size,Own,0.0,3,2,11700.0,0.0,9800.0,19500.0,9100.0,Yes,21700.0,674.0,287100.0,171900.0,Education EMI,327000.0,9,Not_Eligible,4060.0
57.0,Female,Married,High School,9376.0,Government,15.2,MNC,Rented,21000.0,4,3,0.0,0.0,6300.0,15200.0,9800.0,No,0.0,698.0,348500.0,184700.0,Education EMI,247000.0,44,Not_Eligible,4510.0
58.0,Male,Single,Post Graduate,81100.0,Private,3.7,MNC,Family,14196.0,2,1,0.0,0.0,5300.0,17200.0,12500.0,No,0.0,677.0,128000.0,32500.0,Vehicle EMI,588000.0,51,Eligible,18440.0
38.0,Female,Married,Graduate,68500.0,Self-employed,7.2,Mid-size,Own,0.0,5,4,0.0,0.0,8300.0,19300.0,5100.0,No,0.0,786.0,420800.0,98400.0,Home Appliances EMI,28000.0,20,Eligible,21265.2
27.0,Male,Single,Graduate,35800.0,Private,1.5,MNC,Own,0.0,1,0,0.0,0.0,3000.0,8600.0,5900.0,No,0.0,660.0,47100.0,12800.0,Personal Loan EMI,815000.0,20,Not_Eligible,7320.0
48.0,Female,Married,Graduate,51900.0,Government,12.6,Large Indian,Rented,16800.0,4,3,4600.0,0.0,6000.0,7800.0,8800.0,No,0.0,737.0,378200.0,118500.0,E-commerce Shopping EMI,14000.0,16,Eligible,4779.5
38.0,Male,Married,Graduate,47800.0,Private,16.0,MNC,Rented,7200.0,4,3,7300.0,0.0,3000.0,13600.0,6100.0,No,0.0,746.0,160500.0,32600.0,E-commerce Shopping EMI,92000.0,9,Not_Eligible,5300.0
38.0,Female,Married,Post Graduate,20000.0,Private,7.8,Large Indian,Family,0.0,3,2,0.0,0.0,2600.0,5300.0,3500.0,No,0.0,708.0,36200.0,14200.0,Vehicle EMI,1185000.0,39,Not_Eligible,3440.0
27.0,Male,Single,Post Graduate,154200.0,Private,1.2,Mid-size,Family,0.0,3,2,6500.0,7900.0,11500.0,45200.0,14600.0,No,0.0,634.0,132900.0,35500.0,Home Appliances EMI,174000.0,8,Not_Eligible,21920.0
27.0,Male,Married,Post Graduate,110400.0,Private,0.7,Mid-size,Rented,18700.0,3,2,7100.0,12600.0,11600.0,24300.0,14100.0,No,0.0,671.0,672800.0,381000.0,Vehicle EMI,107000.0,51,Eligible,9680.0
32.0,Male,Single,Post Graduate,88100.0,Government,5.0,Mid-size,Own,22197.0,2,1,8800.0,0.0,8400.0,21300.0,6500.0,No,0.0,829.0,659600.0,271800.0,Vehicle EMI,147000.0,16,Eligible,31290.6
38.0,Male,Married,Graduate,21400.0,Government,3.3,MNC,Family,0.0,5,4,0.0,21100.0,1700.0,5600.0,3000.0,Yes,3100.0,600.0,139500.0,39000.0,Vehicle EMI,326000.0,62,Not_Eligible,500.0
38.0,Male,Married,Graduate,54400.0,Private,1.5,Large Indian,Rented,18200.0,5,4,0.0,21900.0,6300.0,12400.0,5900.0,No,0.0,723.0,131700.0,56700.0,E-commerce Shopping EMI,134000.0,10,Not_Eligible,500.0
58.0,Female,Married,Post Graduate,33100.0,Private,8.6,Mid-size,Own,0.0,5,4,11900.0,0.0,1900.0,7700.0,3100.0,No,0.0,637.0,178000.0,35800.0,Vehicle EMI,242000.0,26,Not_Eligible,3400.0
27.0,Male,Single,Graduate,73400.0,Private,2.2,MNC,Own,0.0,2,1,0.0,18200.0,6500.0,15600.0,13900.0,Yes,19700.0,566.0,294700.0,119500.0,Personal Loan EMI,448000.0,44,Not_Eligible,500.0
32.0,Male,Single,Post Graduate,26000.0,Private,0.7,Startup,Rented,7100.0,1,0,0.0,0.0,1900.0,5000.0,4500.0,No,0.0,675.0,,60500.0,Vehicle EMI,110000.0,14,Not_Eligible,3000.0
38.0,Male,Married,Graduate,58700.0,Private,2.8,Mid-size,Family,0.0,4,3,0.0,0.0,4900.0,9400.0,4400.0,No,0.0,645.0,324700.0,74400.0,Personal Loan EMI,197000.0,16,High_Risk,16000.0
48.0,Male,Married,Professional,114800.0,Private,2.8,Large Indian,Own,0.0,3,2,0.0,0.0,10500.0,26500.0,10000.0,No,0.0,752.0,624900.0,165300.0,E-commerce Shopping EMI,179000.0,4,Not_Eligible,40680.0
48.0,Male,Single,High School,22100.0,Private,7.6,Large Indian,Family,0.0,3,2,0.0,9900.0,2900.0,5700.0,4100.0,No,0.0,784.0,44600.0,17000.0,Home Appliances EMI,215000.0,7,Not_Eligible,500.0
27.0,Male,Single,Graduate,38500.0,Private,4.1,MNC,Rented,10100.0,3,2,8100.0,0.0,3900.0,10800.0,3500.0,No,0.0,656.0,184900.0,46700.0,Education EMI,429000.0,12,Not_Eligible,1050.0
48.0,Male,Married,Post Graduate,46300.0,Private,22.2,Large Indian,Own,0.0,3,2,9600.0,0.0,4800.0,9200.0,4600.0,No,0.0,702.0,36100.0,18900.0,Home Appliances EMI,142000.0,31,Eligible,7240.0
58.0,Female,Married,Graduate,34600.0,Private,0.7,Large Indian,Family,0.0,4,3,6700.0,0.0,3400.0,5700.0,4200.0,Yes,6500.0,642.0,139600.0,42000.0,Personal Loan EMI,80000.0,42,Not_Eligible,1814.4
32.0,Male,Married,Graduate,15000.0,Private,1.9,MNC,Own,0.0,3,2,0.0,0.0,1500.0,2600.0,1800.0,Yes,2800.0,600.0,39600.0,9500.0,Personal Loan EMI,83000.0,53,Not_Eligible,1764.0
38.0,Female,Married,High School,79300.0,Private,7.9,Large Indian,Family,0.0,3,2,7100.0,0.0,7600.0,19500.0,6100.0,No,0.0,752.0,269000.0,106200.0,Home Appliances EMI,38000.0,29,Eligible,23400.0
27.0,Female,Single,Post Graduate,60800.0,Self-employed,1.2,Mid-size,Rented,11400.0,1,0,0.0,0.0,8400.0,14200.0,6100.0,No,0.0,620.0,168000.0,50200.0,E-commerce Shopping EMI,173000.0,18,Not_Eligible,7452.0
58.0,Male,Single,High School,33400.0,Private,0.8,Mid-size,Rented,5700.0,1,0,0.0,0.0,2200.0,5500.0,1700.0,No,0.0,729.0,38900.0,20900.0,E-commerce Shopping EMI,100000.0,13,Not_Eligible,5856.0
32.0,Male,Single,Post Graduate,53300.0,Private,6.1,Mid-size,Rented,8700.0,3,2,0.0,0.0,7200.0,12700.0,3300.0,No,0.0,710.0,375400.0,130700.0,Education EMI,481000.0,43,Not_Eligible,11770.0
32.0,Male,Married,Graduate,371225.0,Private,2.6,Startup,Own,0.0,2,1,0.0,0.0,12700.0,16200.0,12300.0,Yes,23700.0,628.0,237600.0,66800.0,Vehicle EMI,153000.0,84,Eligible,7336.0
38.0,Female,Married,Professional,43800.0,Private,2.7,MNC,Own,0.0,3,2,6800.0,0.0,4700.0,8300.0,8700.0,Yes,4500.0,668.0,99800.0,35300.0,Vehicle EMI,1145000.0,36,Not_Eligible,3780.0
27.0,Male,Single,Graduate,37400.0,Private,0.5,Large Indian,Rented,9700.0,1,0,0.0,0.0,5400.0,5900.0,6000.0,No,0.0,762.0,21200.0,12500.0,Vehicle EMI,538000.0,17,Not_Eligible,3993.6
27.0,Male,Single,Post Graduate,97800.0,Private,0.5,Large Indian,Own,0.0,2,1,6500.0,17600.0,13100.0,23400.0,10300.0,No,0.0,765.0,179700.0,43400.0,Education EMI,86000.0,16,Eligible,10329.6
32.0,Male,Married,Graduate,49500.0,Private,9.8,Large Indian,Own,0.0,5,4,5600.0,0.0,6300.0,8100.0,6400.0,No,0.0,729.0,312200.0,68700.0,Education EMI,79000.0,6,Not_Eligible,12705.0
27.0,Female,Married,Post Graduate,25000.0,Private,5.0,Mid-size,Rented,6700.0,5,4,5900.0,0.0,3700.0,4500.0,2500.0,Yes,5500.0,661.0,113800.0,61800.0,E-commerce Shopping EMI,24000.0,9,Not_Eligible,500.0
38.0,Female,Married,Post Graduate,19500.0,Private,6.1,Startup,Own,0.0,3,2,0.0,24300.0,1600.0,3400.0,1700.0,Yes,2600.0,659.0,65200.0,17000.0,Education EMI,318000.0,32,Not_Eligible,500.0
48.0,Female,Married,Professional,59800.0,Government,1.2,MNC,Family,0.0,3,2,0.0,0.0,4100.0,11000.0,8700.0,No,0.0,734.0,134700.0,80300.0,Home Appliances EMI,25000.0,6,Eligible,18000.0
